PASS [def]B3.happy.terminal  | ['leg.closed']
PASS [def]B3.happy.entry_always  | ['size_from_profile', 'submit_entry_order', 'arm_submit_timeout']
PASS [def]B3.happy.snapshot  | ['t0:v=3:sched=0', 't1:v=3:sched=0', 't2:v=3:sched=0', 't3:v=3:sched=0', 't4:v=3:sched=0']
PASS [def]B3.skip.first_wins  | ['leg.skipped']
PASS [def]B3.preflight_fail.error  | ['leg.error']
PASS [def]B3.resolving.live_to_open  | ['leg.open']
PASS [def]B3.resolving.svc_once  | ['lookup_by_link_id']
ERROR:xstate_statemachine.interpreter:💥 Service 'lookup_by_link_id' (ID: 'lookup') failed: gone
Traceback (most recent call last):
  File "C:\Users\basil\Desktop\Projects\FullStackProjects\_ref\xstate-statemachine\src\xstate_statemachine\interpreter.py", line 3221, in _settle
    produced = await handoff
               ^^^^^^^^^^^^^
  File "C:\Python\Python313\Lib\concurrent\futures\thread.py", line 59, in run
    result = self.fn(*self.args, **self.kwargs)
  File "C:\Users\basil\Desktop\Projects\FullStackProjects\CandleViewer\docs\research\xstate\battle-de2da4e\contracts\cvf.py", line 179, in s
    return resolve(n, interp, ctx, evt)
  File "C:\Users\basil\Desktop\Projects\FullStackProjects\CandleViewer\docs\research\xstate\battle-de2da4e\contracts\cvf.py", line 165, in resolve
    raise v
RuntimeError: gone
PASS [def]B3.resolving.onError_error  | ['leg.error']
PASS [def]B3.unwind.flat_to_closed  | ['leg.closed']
PASS [def]B3.unwind.chain_order  | ['cancel_children_svc', 'reduce_only_close', 'poll_until_flat']
PASS [def]B3.unwind.snapshot  | ['t0:v=3:sched=0', 't1:v=3:sched=0', 't2:v=3:sched=0']
ERROR:xstate_statemachine.interpreter:💥 Service 'reduce_only_close' (ID: 'cl') failed: no
Traceback (most recent call last):
  File "C:\Users\basil\Desktop\Projects\FullStackProjects\_ref\xstate-statemachine\src\xstate_statemachine\interpreter.py", line 3221, in _settle
    produced = await handoff
               ^^^^^^^^^^^^^
  File "C:\Python\Python313\Lib\concurrent\futures\thread.py", line 59, in run
    result = self.fn(*self.args, **self.kwargs)
  File "C:\Users\basil\Desktop\Projects\FullStackProjects\CandleViewer\docs\research\xstate\battle-de2da4e\contracts\cvf.py", line 179, in s
    return resolve(n, interp, ctx, evt)
  File "C:\Users\basil\Desktop\Projects\FullStackProjects\CandleViewer\docs\research\xstate\battle-de2da4e\contracts\cvf.py", line 165, in resolve
    raise v
RuntimeError: no
ERROR:xstate_statemachine.interpreter:💥 Service 'reduce_only_close' (ID: 'cl') failed: no
Traceback (most recent call last):
  File "C:\Users\basil\Desktop\Projects\FullStackProjects\_ref\xstate-statemachine\src\xstate_statemachine\interpreter.py", line 3221, in _settle
    produced = await handoff
               ^^^^^^^^^^^^^
  File "C:\Python\Python313\Lib\concurrent\futures\thread.py", line 59, in run
    result = self.fn(*self.args, **self.kwargs)
  File "C:\Users\basil\Desktop\Projects\FullStackProjects\CandleViewer\docs\research\xstate\battle-de2da4e\contracts\cvf.py", line 179, in s
    return resolve(n, interp, ctx, evt)
  File "C:\Users\basil\Desktop\Projects\FullStackProjects\CandleViewer\docs\research\xstate\battle-de2da4e\contracts\cvf.py", line 165, in resolve
    raise v
  File "C:\Users\basil\Desktop\Projects\FullStackProjects\_ref\xstate-statemachine\src\xstate_statemachine\interpreter.py", line 3221, in _settle
    produced = await handoff
               ^^^^^^^^^^^^^
  File "C:\Python\Python313\Lib\concurrent\futures\thread.py", line 59, in run
    result = self.fn(*self.args, **self.kwargs)
  File "C:\Users\basil\Desktop\Projects\FullStackProjects\CandleViewer\docs\research\xstate\battle-de2da4e\contracts\cvf.py", line 179, in s
    return resolve(n, interp, ctx, evt)
  File "C:\Users\basil\Desktop\Projects\FullStackProjects\CandleViewer\docs\research\xstate\battle-de2da4e\contracts\cvf.py", line 165, in resolve
    raise v
RuntimeError: no
ERROR:xstate_statemachine.interpreter:💥 Service 'reduce_only_close' (ID: 'cl') failed: no
Traceback (most recent call last):
  File "C:\Users\basil\Desktop\Projects\FullStackProjects\_ref\xstate-statemachine\src\xstate_statemachine\interpreter.py", line 3221, in _settle
    produced = await handoff
               ^^^^^^^^^^^^^
  File "C:\Python\Python313\Lib\concurrent\futures\thread.py", line 59, in run
    result = self.fn(*self.args, **self.kwargs)
  File "C:\Users\basil\Desktop\Projects\FullStackProjects\CandleViewer\docs\research\xstate\battle-de2da4e\contracts\cvf.py", line 179, in s
    return resolve(n, interp, ctx, evt)
  File "C:\Users\basil\Desktop\Projects\FullStackProjects\CandleViewer\docs\research\xstate\battle-de2da4e\contracts\cvf.py", line 165, in resolve
    raise v
  File "C:\Users\basil\Desktop\Projects\FullStackProjects\_ref\xstate-statemachine\src\xstate_statemachine\interpreter.py", line 3221, in _settle
    produced = await handoff
               ^^^^^^^^^^^^^
  File "C:\Python\Python313\Lib\concurrent\futures\thread.py", line 59, in run
    result = self.fn(*self.args, **self.kwargs)
  File "C:\Users\basil\Desktop\Projects\FullStackProjects\CandleViewer\docs\research\xstate\battle-de2da4e\contracts\cvf.py", line 179, in s
    return resolve(n, interp, ctx, evt)
  File "C:\Users\basil\Desktop\Projects\FullStackProjects\CandleViewer\docs\research\xstate\battle-de2da4e\contracts\cvf.py", line 165, in resolve
    raise v
  File "C:\Users\basil\Desktop\Projects\FullStackProjects\_ref\xstate-statemachine\src\xstate_statemachine\interpreter.py", line 3221, in _settle
    produced = await handoff
               ^^^^^^^^^^^^^
  File "C:\Python\Python313\Lib\concurrent\futures\thread.py", line 59, in run
    result = self.fn(*self.args, **self.kwargs)
  File "C:\Users\basil\Desktop\Projects\FullStackProjects\CandleViewer\docs\research\xstate\battle-de2da4e\contracts\cvf.py", line 179, in s
    return resolve(n, interp, ctx, evt)
  File "C:\Users\basil\Desktop\Projects\FullStackProjects\CandleViewer\docs\research\xstate\battle-de2da4e\contracts\cvf.py", line 165, in resolve
    raise v
RuntimeError: no
PASS [def]B3.unwind.retry_bounded  | reduce_only_close x3 states=['leg.error']
PASS [def]B3.unwind.retry_terminal  | ['leg.error']
PASS [def]B3.unwind.naked_alert_path  | ['bump_close_attempts', 'read_authoritative_position_qty', 'bump_close_attempts', 'mark_incomplete']
ERROR:xstate_statemachine.interpreter:💥 Service 'reduce_only_close' (ID: 'cl') failed: no
Traceback (most recent call last):
  File "C:\Users\basil\Desktop\Projects\FullStackProjects\_ref\xstate-statemachine\src\xstate_statemachine\interpreter.py", line 3221, in _settle
    produced = await handoff
               ^^^^^^^^^^^^^
  File "C:\Python\Python313\Lib\concurrent\futures\thread.py", line 59, in run
    result = self.fn(*self.args, **self.kwargs)
  File "C:\Users\basil\Desktop\Projects\FullStackProjects\CandleViewer\docs\research\xstate\battle-de2da4e\contracts\cvf.py", line 179, in s
    return resolve(n, interp, ctx, evt)
  File "C:\Users\basil\Desktop\Projects\FullStackProjects\CandleViewer\docs\research\xstate\battle-de2da4e\contracts\cvf.py", line 165, in resolve
    raise v
RuntimeError: no
ERROR:xstate_statemachine.interpreter:💥 Service 'reduce_only_close' (ID: 'cl') failed: no
Traceback (most recent call last):
  File "C:\Users\basil\Desktop\Projects\FullStackProjects\_ref\xstate-statemachine\src\xstate_statemachine\interpreter.py", line 3221, in _settle
    produced = await handoff
               ^^^^^^^^^^^^^
  File "C:\Python\Python313\Lib\concurrent\futures\thread.py", line 59, in run
    result = self.fn(*self.args, **self.kwargs)
  File "C:\Users\basil\Desktop\Projects\FullStackProjects\CandleViewer\docs\research\xstate\battle-de2da4e\contracts\cvf.py", line 179, in s
    return resolve(n, interp, ctx, evt)
  File "C:\Users\basil\Desktop\Projects\FullStackProjects\CandleViewer\docs\research\xstate\battle-de2da4e\contracts\cvf.py", line 165, in resolve
    raise v
  File "C:\Users\basil\Desktop\Projects\FullStackProjects\_ref\xstate-statemachine\src\xstate_statemachine\interpreter.py", line 3221, in _settle
    produced = await handoff
               ^^^^^^^^^^^^^
  File "C:\Python\Python313\Lib\concurrent\futures\thread.py", line 59, in run
    result = self.fn(*self.args, **self.kwargs)
  File "C:\Users\basil\Desktop\Projects\FullStackProjects\CandleViewer\docs\research\xstate\battle-de2da4e\contracts\cvf.py", line 179, in s
    return resolve(n, interp, ctx, evt)
  File "C:\Users\basil\Desktop\Projects\FullStackProjects\CandleViewer\docs\research\xstate\battle-de2da4e\contracts\cvf.py", line 165, in resolve
    raise v
RuntimeError: no
ERROR:xstate_statemachine.interpreter:💥 Service 'reduce_only_close' (ID: 'cl') failed: no
Traceback (most recent call last):
  File "C:\Users\basil\Desktop\Projects\FullStackProjects\_ref\xstate-statemachine\src\xstate_statemachine\interpreter.py", line 3221, in _settle
    produced = await handoff
               ^^^^^^^^^^^^^
  File "C:\Python\Python313\Lib\concurrent\futures\thread.py", line 59, in run
    result = self.fn(*self.args, **self.kwargs)
  File "C:\Users\basil\Desktop\Projects\FullStackProjects\CandleViewer\docs\research\xstate\battle-de2da4e\contracts\cvf.py", line 179, in s
    return resolve(n, interp, ctx, evt)
  File "C:\Users\basil\Desktop\Projects\FullStackProjects\CandleViewer\docs\research\xstate\battle-de2da4e\contracts\cvf.py", line 165, in resolve
    raise v
  File "C:\Users\basil\Desktop\Projects\FullStackProjects\_ref\xstate-statemachine\src\xstate_statemachine\interpreter.py", line 3221, in _settle
    produced = await handoff
               ^^^^^^^^^^^^^
  File "C:\Python\Python313\Lib\concurrent\futures\thread.py", line 59, in run
    result = self.fn(*self.args, **self.kwargs)
  File "C:\Users\basil\Desktop\Projects\FullStackProjects\CandleViewer\docs\research\xstate\battle-de2da4e\contracts\cvf.py", line 179, in s
    return resolve(n, interp, ctx, evt)
  File "C:\Users\basil\Desktop\Projects\FullStackProjects\CandleViewer\docs\research\xstate\battle-de2da4e\contracts\cvf.py", line 165, in resolve
    raise v
  File "C:\Users\basil\Desktop\Projects\FullStackProjects\_ref\xstate-statemachine\src\xstate_statemachine\interpreter.py", line 3221, in _settle
    produced = await handoff
               ^^^^^^^^^^^^^
  File "C:\Python\Python313\Lib\concurrent\futures\thread.py", line 59, in run
    result = self.fn(*self.args, **self.kwargs)
  File "C:\Users\basil\Desktop\Projects\FullStackProjects\CandleViewer\docs\research\xstate\battle-de2da4e\contracts\cvf.py", line 179, in s
    return resolve(n, interp, ctx, evt)
  File "C:\Users\basil\Desktop\Projects\FullStackProjects\CandleViewer\docs\research\xstate\battle-de2da4e\contracts\cvf.py", line 165, in resolve
    raise v
RuntimeError: no
ERROR:xstate_statemachine.interpreter:💥 Service 'assert_native_sl' (ID: 'vs') failed: no sl
Traceback (most recent call last):
  File "C:\Users\basil\Desktop\Projects\FullStackProjects\_ref\xstate-statemachine\src\xstate_statemachine\interpreter.py", line 3221, in _settle
    produced = await handoff
               ^^^^^^^^^^^^^
  File "C:\Python\Python313\Lib\concurrent\futures\thread.py", line 59, in run
    result = self.fn(*self.args, **self.kwargs)
  File "C:\Users\basil\Desktop\Projects\FullStackProjects\CandleViewer\docs\research\xstate\battle-de2da4e\contracts\cvf.py", line 179, in s
    return resolve(n, interp, ctx, evt)
  File "C:\Users\basil\Desktop\Projects\FullStackProjects\CandleViewer\docs\research\xstate\battle-de2da4e\contracts\cvf.py", line 165, in resolve
    raise v
RuntimeError: no sl
PASS [def]B3.unwind.naked_alert_fired  | ['bump_close_attempts', 'mark_incomplete', 'raise_naked_position_alert']
ERROR:xstate_statemachine.interpreter:💥 Service 'cancel_children_svc' (ID: 'cx') failed: cx
Traceback (most recent call last):
  File "C:\Users\basil\Desktop\Projects\FullStackProjects\_ref\xstate-statemachine\src\xstate_statemachine\interpreter.py", line 3221, in _settle
    produced = await handoff
               ^^^^^^^^^^^^^
  File "C:\Python\Python313\Lib\concurrent\futures\thread.py", line 59, in run
    result = self.fn(*self.args, **self.kwargs)
  File "C:\Users\basil\Desktop\Projects\FullStackProjects\CandleViewer\docs\research\xstate\battle-de2da4e\contracts\cvf.py", line 179, in s
    return resolve(n, interp, ctx, evt)
  File "C:\Users\basil\Desktop\Projects\FullStackProjects\CandleViewer\docs\research\xstate\battle-de2da4e\contracts\cvf.py", line 165, in resolve
    raise v
RuntimeError: cx
ERROR:xstate_statemachine.base_interpreter:🔥 Action 'note_cancel_failure' raised while handling event 'error.platform.cx'; skipping remaining actions in this list.
Traceback (most recent call last):
  File "C:\Users\basil\Desktop\Projects\FullStackProjects\_ref\xstate-statemachine\src\xstate_statemachine\base_interpreter.py", line 3542, in _execute_actions
    await self._run_user_action(impl, action_def, event)
  File "C:\Users\basil\Desktop\Projects\FullStackProjects\_ref\xstate-statemachine\src\xstate_statemachine\interpreter.py", line 2261, in _run_user_action
    impl(self, self.context, event, action_def)
    ~~~~^^^^^^^^^^^^^^^^^^^^^^^^^^^^^^^^^^^^^^^
  File "C:\Users\basil\Desktop\Projects\FullStackProjects\CandleViewer\docs\research\xstate\battle-de2da4e\contracts\cvf.py", line 142, in f
    raise RuntimeError("boom:" + n)
RuntimeError: boom:note_cancel_failure
WARNING:xstate_statemachine.base_interpreter:💥 Transition on 'leg.unwinding.cancel_children' failed; rolling back to the pre-transition configuration.
ERROR:xstate_statemachine.interpreter:💥 Service 'cancel_children_svc' (ID: 'cx') failed: cx
Traceback (most recent call last):
  File "C:\Users\basil\Desktop\Projects\FullStackProjects\_ref\xstate-statemachine\src\xstate_statemachine\interpreter.py", line 3221, in _settle
    produced = await handoff
               ^^^^^^^^^^^^^
  File "C:\Python\Python313\Lib\concurrent\futures\thread.py", line 59, in run
    result = self.fn(*self.args, **self.kwargs)
  File "C:\Users\basil\Desktop\Projects\FullStackProjects\CandleViewer\docs\research\xstate\battle-de2da4e\contracts\cvf.py", line 179, in s
    return resolve(n, interp, ctx, evt)
  File "C:\Users\basil\Desktop\Projects\FullStackProjects\CandleViewer\docs\research\xstate\battle-de2da4e\contracts\cvf.py", line 165, in resolve
    raise v
  File "C:\Users\basil\Desktop\Projects\FullStackProjects\_ref\xstate-statemachine\src\xstate_statemachine\interpreter.py", line 3221, in _settle
    produced = await handoff
               ^^^^^^^^^^^^^
  File "C:\Python\Python313\Lib\concurrent\futures\thread.py", line 59, in run
    result = self.fn(*self.args, **self.kwargs)
  File "C:\Users\basil\Desktop\Projects\FullStackProjects\CandleViewer\docs\research\xstate\battle-de2da4e\contracts\cvf.py", line 179, in s
    return resolve(n, interp, ctx, evt)
  File "C:\Users\basil\Desktop\Projects\FullStackProjects\CandleViewer\docs\research\xstate\battle-de2da4e\contracts\cvf.py", line 165, in resolve
    raise v
RuntimeError: cx
ERROR:xstate_statemachine.base_interpreter:🔥 Action 'note_cancel_failure' raised while handling event 'error.platform.cx'; skipping remaining actions in this list.
Traceback (most recent call last):
  File "C:\Users\basil\Desktop\Projects\FullStackProjects\_ref\xstate-statemachine\src\xstate_statemachine\base_interpreter.py", line 3542, in _execute_actions
    await self._run_user_action(impl, action_def, event)
  File "C:\Users\basil\Desktop\Projects\FullStackProjects\_ref\xstate-statemachine\src\xstate_statemachine\interpreter.py", line 2261, in _run_user_action
    impl(self, self.context, event, action_def)
    ~~~~^^^^^^^^^^^^^^^^^^^^^^^^^^^^^^^^^^^^^^^
  File "C:\Users\basil\Desktop\Projects\FullStackProjects\CandleViewer\docs\research\xstate\battle-de2da4e\contracts\cvf.py", line 142, in f
    raise RuntimeError("boom:" + n)
RuntimeError: boom:note_cancel_failure
WARNING:xstate_statemachine.base_interpreter:💥 Transition on 'leg.unwinding.cancel_children' failed; rolling back to the pre-transition configuration.
ERROR:xstate_statemachine.interpreter:💥 Service 'cancel_children_svc' (ID: 'cx') failed: cx
Traceback (most recent call last):
  File "C:\Users\basil\Desktop\Projects\FullStackProjects\_ref\xstate-statemachine\src\xstate_statemachine\interpreter.py", line 3221, in _settle
    produced = await handoff
               ^^^^^^^^^^^^^
  File "C:\Python\Python313\Lib\concurrent\futures\thread.py", line 59, in run
    result = self.fn(*self.args, **self.kwargs)
  File "C:\Users\basil\Desktop\Projects\FullStackProjects\CandleViewer\docs\research\xstate\battle-de2da4e\contracts\cvf.py", line 179, in s
    return resolve(n, interp, ctx, evt)
  File "C:\Users\basil\Desktop\Projects\FullStackProjects\CandleViewer\docs\research\xstate\battle-de2da4e\contracts\cvf.py", line 165, in resolve
    raise v
  File "C:\Users\basil\Desktop\Projects\FullStackProjects\_ref\xstate-statemachine\src\xstate_statemachine\interpreter.py", line 3221, in _settle
    produced = await handoff
               ^^^^^^^^^^^^^
  File "C:\Python\Python313\Lib\concurrent\futures\thread.py", line 59, in run
    result = self.fn(*self.args, **self.kwargs)
  File "C:\Users\basil\Desktop\Projects\FullStackProjects\CandleViewer\docs\research\xstate\battle-de2da4e\contracts\cvf.py", line 179, in s
    return resolve(n, interp, ctx, evt)
  File "C:\Users\basil\Desktop\Projects\FullStackProjects\CandleViewer\docs\research\xstate\battle-de2da4e\contracts\cvf.py", line 165, in resolve
    raise v
  File "C:\Users\basil\Desktop\Projects\FullStackProjects\_ref\xstate-statemachine\src\xstate_statemachine\interpreter.py", line 3221, in _settle
    produced = await handoff
               ^^^^^^^^^^^^^
  File "C:\Python\Python313\Lib\concurrent\futures\thread.py", line 59, in run
    result = self.fn(*self.args, **self.kwargs)
  File "C:\Users\basil\Desktop\Projects\FullStackProjects\CandleViewer\docs\research\xstate\battle-de2da4e\contracts\cvf.py", line 179, in s
    return resolve(n, interp, ctx, evt)
  File "C:\Users\basil\Desktop\Projects\FullStackProjects\CandleViewer\docs\research\xstate\battle-de2da4e\contracts\cvf.py", line 165, in resolve
    raise v
RuntimeError: cx
ERROR:xstate_statemachine.base_interpreter:🔥 Action 'note_cancel_failure' raised while handling event 'error.platform.cx'; skipping remaining actions in this list.
Traceback (most recent call last):
  File "C:\Users\basil\Desktop\Projects\FullStackProjects\_ref\xstate-statemachine\src\xstate_statemachine\base_interpreter.py", line 3542, in _execute_actions
    await self._run_user_action(impl, action_def, event)
  File "C:\Users\basil\Desktop\Projects\FullStackProjects\_ref\xstate-statemachine\src\xstate_statemachine\interpreter.py", line 2261, in _run_user_action
    impl(self, self.context, event, action_def)
    ~~~~^^^^^^^^^^^^^^^^^^^^^^^^^^^^^^^^^^^^^^^
  File "C:\Users\basil\Desktop\Projects\FullStackProjects\CandleViewer\docs\research\xstate\battle-de2da4e\contracts\cvf.py", line 142, in f
    raise RuntimeError("boom:" + n)
RuntimeError: boom:note_cancel_failure
WARNING:xstate_statemachine.base_interpreter:💥 Transition on 'leg.unwinding.cancel_children' failed; rolling back to the pre-transition configuration.
ERROR:xstate_statemachine.interpreter:💥 Service 'cancel_children_svc' (ID: 'cx') failed: cx
Traceback (most recent call last):
  File "C:\Users\basil\Desktop\Projects\FullStackProjects\_ref\xstate-statemachine\src\xstate_statemachine\interpreter.py", line 3221, in _settle
    produced = await handoff
               ^^^^^^^^^^^^^
  File "C:\Python\Python313\Lib\concurrent\futures\thread.py", line 59, in run
    result = self.fn(*self.args, **self.kwargs)
  File "C:\Users\basil\Desktop\Projects\FullStackProjects\CandleViewer\docs\research\xstate\battle-de2da4e\contracts\cvf.py", line 179, in s
    return resolve(n, interp, ctx, evt)
  File "C:\Users\basil\Desktop\Projects\FullStackProjects\CandleViewer\docs\research\xstate\battle-de2da4e\contracts\cvf.py", line 165, in resolve
    raise v
  File "C:\Users\basil\Desktop\Projects\FullStackProjects\_ref\xstate-statemachine\src\xstate_statemachine\interpreter.py", line 3221, in _settle
    produced = await handoff
               ^^^^^^^^^^^^^
  File "C:\Python\Python313\Lib\concurrent\futures\thread.py", line 59, in run
    result = self.fn(*self.args, **self.kwargs)
  File "C:\Users\basil\Desktop\Projects\FullStackProjects\CandleViewer\docs\research\xstate\battle-de2da4e\contracts\cvf.py", line 179, in s
    return resolve(n, interp, ctx, evt)
  File "C:\Users\basil\Desktop\Projects\FullStackProjects\CandleViewer\docs\research\xstate\battle-de2da4e\contracts\cvf.py", line 165, in resolve
    raise v
  File "C:\Users\basil\Desktop\Projects\FullStackProjects\_ref\xstate-statemachine\src\xstate_statemachine\interpreter.py", line 3221, in _settle
    produced = await handoff
               ^^^^^^^^^^^^^
  File "C:\Python\Python313\Lib\concurrent\futures\thread.py", line 59, in run
    result = self.fn(*self.args, **self.kwargs)
  File "C:\Users\basil\Desktop\Projects\FullStackProjects\CandleViewer\docs\research\xstate\battle-de2da4e\contracts\cvf.py", line 179, in s
    return resolve(n, interp, ctx, evt)
  File "C:\Users\basil\Desktop\Projects\FullStackProjects\CandleViewer\docs\research\xstate\battle-de2da4e\contracts\cvf.py", line 165, in resolve
    raise v
  File "C:\Users\basil\Desktop\Projects\FullStackProjects\_ref\xstate-statemachine\src\xstate_statemachine\interpreter.py", line 3221, in _settle
    produced = await handoff
               ^^^^^^^^^^^^^
  File "C:\Python\Python313\Lib\concurrent\futures\thread.py", line 59, in run
    result = self.fn(*self.args, **self.kwargs)
  File "C:\Users\basil\Desktop\Projects\FullStackProjects\CandleViewer\docs\research\xstate\battle-de2da4e\contracts\cvf.py", line 179, in s
    return resolve(n, interp, ctx, evt)
  File "C:\Users\basil\Desktop\Projects\FullStackProjects\CandleViewer\docs\research\xstate\battle-de2da4e\contracts\cvf.py", line 165, in resolve
    raise v
RuntimeError: cx
ERROR:xstate_statemachine.base_interpreter:🔥 Action 'note_cancel_failure' raised while handling event 'error.platform.cx'; skipping remaining actions in this list.
Traceback (most recent call last):
  File "C:\Users\basil\Desktop\Projects\FullStackProjects\_ref\xstate-statemachine\src\xstate_statemachine\base_interpreter.py", line 3542, in _execute_actions
    await self._run_user_action(impl, action_def, event)
  File "C:\Users\basil\Desktop\Projects\FullStackProjects\_ref\xstate-statemachine\src\xstate_statemachine\interpreter.py", line 2261, in _run_user_action
    impl(self, self.context, event, action_def)
    ~~~~^^^^^^^^^^^^^^^^^^^^^^^^^^^^^^^^^^^^^^^
  File "C:\Users\basil\Desktop\Projects\FullStackProjects\CandleViewer\docs\research\xstate\battle-de2da4e\contracts\cvf.py", line 142, in f
    raise RuntimeError("boom:" + n)
RuntimeError: boom:note_cancel_failure
WARNING:xstate_statemachine.base_interpreter:💥 Transition on 'leg.unwinding.cancel_children' failed; rolling back to the pre-transition configuration.
ERROR:xstate_statemachine.interpreter:💥 Service 'cancel_children_svc' (ID: 'cx') failed: cx
Traceback (most recent call last):
  File "C:\Users\basil\Desktop\Projects\FullStackProjects\_ref\xstate-statemachine\src\xstate_statemachine\interpreter.py", line 3221, in _settle
    produced = await handoff
               ^^^^^^^^^^^^^
  File "C:\Python\Python313\Lib\concurrent\futures\thread.py", line 59, in run
    result = self.fn(*self.args, **self.kwargs)
  File "C:\Users\basil\Desktop\Projects\FullStackProjects\CandleViewer\docs\research\xstate\battle-de2da4e\contracts\cvf.py", line 179, in s
    return resolve(n, interp, ctx, evt)
  File "C:\Users\basil\Desktop\Projects\FullStackProjects\CandleViewer\docs\research\xstate\battle-de2da4e\contracts\cvf.py", line 165, in resolve
    raise v
  File "C:\Users\basil\Desktop\Projects\FullStackProjects\_ref\xstate-statemachine\src\xstate_statemachine\interpreter.py", line 3221, in _settle
    produced = await handoff
               ^^^^^^^^^^^^^
  File "C:\Python\Python313\Lib\concurrent\futures\thread.py", line 59, in run
    result = self.fn(*self.args, **self.kwargs)
  File "C:\Users\basil\Desktop\Projects\FullStackProjects\CandleViewer\docs\research\xstate\battle-de2da4e\contracts\cvf.py", line 179, in s
    return resolve(n, interp, ctx, evt)
  File "C:\Users\basil\Desktop\Projects\FullStackProjects\CandleViewer\docs\research\xstate\battle-de2da4e\contracts\cvf.py", line 165, in resolve
    raise v
  File "C:\Users\basil\Desktop\Projects\FullStackProjects\_ref\xstate-statemachine\src\xstate_statemachine\interpreter.py", line 3221, in _settle
    produced = await handoff
               ^^^^^^^^^^^^^
  File "C:\Python\Python313\Lib\concurrent\futures\thread.py", line 59, in run
    result = self.fn(*self.args, **self.kwargs)
  File "C:\Users\basil\Desktop\Projects\FullStackProjects\CandleViewer\docs\research\xstate\battle-de2da4e\contracts\cvf.py", line 179, in s
    return resolve(n, interp, ctx, evt)
  File "C:\Users\basil\Desktop\Projects\FullStackProjects\CandleViewer\docs\research\xstate\battle-de2da4e\contracts\cvf.py", line 165, in resolve
    raise v
  File "C:\Users\basil\Desktop\Projects\FullStackProjects\_ref\xstate-statemachine\src\xstate_statemachine\interpreter.py", line 3221, in _settle
    produced = await handoff
               ^^^^^^^^^^^^^
  File "C:\Python\Python313\Lib\concurrent\futures\thread.py", line 59, in run
    result = self.fn(*self.args, **self.kwargs)
  File "C:\Users\basil\Desktop\Projects\FullStackProjects\CandleViewer\docs\research\xstate\battle-de2da4e\contracts\cvf.py", line 179, in s
    return resolve(n, interp, ctx, evt)
  File "C:\Users\basil\Desktop\Projects\FullStackProjects\CandleViewer\docs\research\xstate\battle-de2da4e\contracts\cvf.py", line 165, in resolve
    raise v
  File "C:\Users\basil\Desktop\Projects\FullStackProjects\_ref\xstate-statemachine\src\xstate_statemachine\interpreter.py", line 3221, in _settle
    produced = await handoff
               ^^^^^^^^^^^^^
  File "C:\Python\Python313\Lib\concurrent\futures\thread.py", line 59, in run
    result = self.fn(*self.args, **self.kwargs)
  File "C:\Users\basil\Desktop\Projects\FullStackProjects\CandleViewer\docs\research\xstate\battle-de2da4e\contracts\cvf.py", line 179, in s
    return resolve(n, interp, ctx, evt)
  File "C:\Users\basil\Desktop\Projects\FullStackProjects\CandleViewer\docs\research\xstate\battle-de2da4e\contracts\cvf.py", line 165, in resolve
    raise v
RuntimeError: cx
ERROR:xstate_statemachine.base_interpreter:🔥 Action 'note_cancel_failure' raised while handling event 'error.platform.cx'; skipping remaining actions in this list.
Traceback (most recent call last):
  File "C:\Users\basil\Desktop\Projects\FullStackProjects\_ref\xstate-statemachine\src\xstate_statemachine\base_interpreter.py", line 3542, in _execute_actions
    await self._run_user_action(impl, action_def, event)
  File "C:\Users\basil\Desktop\Projects\FullStackProjects\_ref\xstate-statemachine\src\xstate_statemachine\interpreter.py", line 2261, in _run_user_action
    impl(self, self.context, event, action_def)
    ~~~~^^^^^^^^^^^^^^^^^^^^^^^^^^^^^^^^^^^^^^^
  File "C:\Users\basil\Desktop\Projects\FullStackProjects\CandleViewer\docs\research\xstate\battle-de2da4e\contracts\cvf.py", line 142, in f
    raise RuntimeError("boom:" + n)
RuntimeError: boom:note_cancel_failure
WARNING:xstate_statemachine.base_interpreter:💥 Transition on 'leg.unwinding.cancel_children' failed; rolling back to the pre-transition configuration.
ERROR:xstate_statemachine.interpreter:💥 Service 'cancel_children_svc' (ID: 'cx') failed: cx
Traceback (most recent call last):
  File "C:\Users\basil\Desktop\Projects\FullStackProjects\_ref\xstate-statemachine\src\xstate_statemachine\interpreter.py", line 3221, in _settle
    produced = await handoff
               ^^^^^^^^^^^^^
  File "C:\Python\Python313\Lib\concurrent\futures\thread.py", line 59, in run
    result = self.fn(*self.args, **self.kwargs)
  File "C:\Users\basil\Desktop\Projects\FullStackProjects\CandleViewer\docs\research\xstate\battle-de2da4e\contracts\cvf.py", line 179, in s
    return resolve(n, interp, ctx, evt)
  File "C:\Users\basil\Desktop\Projects\FullStackProjects\CandleViewer\docs\research\xstate\battle-de2da4e\contracts\cvf.py", line 165, in resolve
    raise v
  File "C:\Users\basil\Desktop\Projects\FullStackProjects\_ref\xstate-statemachine\src\xstate_statemachine\interpreter.py", line 3221, in _settle
    produced = await handoff
               ^^^^^^^^^^^^^
  File "C:\Python\Python313\Lib\concurrent\futures\thread.py", line 59, in run
    result = self.fn(*self.args, **self.kwargs)
  File "C:\Users\basil\Desktop\Projects\FullStackProjects\CandleViewer\docs\research\xstate\battle-de2da4e\contracts\cvf.py", line 179, in s
    return resolve(n, interp, ctx, evt)
  File "C:\Users\basil\Desktop\Projects\FullStackProjects\CandleViewer\docs\research\xstate\battle-de2da4e\contracts\cvf.py", line 165, in resolve
    raise v
  File "C:\Users\basil\Desktop\Projects\FullStackProjects\_ref\xstate-statemachine\src\xstate_statemachine\interpreter.py", line 3221, in _settle
    produced = await handoff
               ^^^^^^^^^^^^^
  File "C:\Python\Python313\Lib\concurrent\futures\thread.py", line 59, in run
    result = self.fn(*self.args, **self.kwargs)
  File "C:\Users\basil\Desktop\Projects\FullStackProjects\CandleViewer\docs\research\xstate\battle-de2da4e\contracts\cvf.py", line 179, in s
    return resolve(n, interp, ctx, evt)
  File "C:\Users\basil\Desktop\Projects\FullStackProjects\CandleViewer\docs\research\xstate\battle-de2da4e\contracts\cvf.py", line 165, in resolve
    raise v
  File "C:\Users\basil\Desktop\Projects\FullStackProjects\_ref\xstate-statemachine\src\xstate_statemachine\interpreter.py", line 3221, in _settle
    produced = await handoff
               ^^^^^^^^^^^^^
  File "C:\Python\Python313\Lib\concurrent\futures\thread.py", line 59, in run
    result = self.fn(*self.args, **self.kwargs)
  File "C:\Users\basil\Desktop\Projects\FullStackProjects\CandleViewer\docs\research\xstate\battle-de2da4e\contracts\cvf.py", line 179, in s
    return resolve(n, interp, ctx, evt)
  File "C:\Users\basil\Desktop\Projects\FullStackProjects\CandleViewer\docs\research\xstate\battle-de2da4e\contracts\cvf.py", line 165, in resolve
    raise v
  File "C:\Users\basil\Desktop\Projects\FullStackProjects\_ref\xstate-statemachine\src\xstate_statemachine\interpreter.py", line 3221, in _settle
    produced = await handoff
               ^^^^^^^^^^^^^
  File "C:\Python\Python313\Lib\concurrent\futures\thread.py", line 59, in run
    result = self.fn(*self.args, **self.kwargs)
  File "C:\Users\basil\Desktop\Projects\FullStackProjects\CandleViewer\docs\research\xstate\battle-de2da4e\contracts\cvf.py", line 179, in s
    return resolve(n, interp, ctx, evt)
  File "C:\Users\basil\Desktop\Projects\FullStackProjects\CandleViewer\docs\research\xstate\battle-de2da4e\contracts\cvf.py", line 165, in resolve
    raise v
  File "C:\Users\basil\Desktop\Projects\FullStackProjects\_ref\xstate-statemachine\src\xstate_statemachine\interpreter.py", line 3221, in _settle
    produced = await handoff
               ^^^^^^^^^^^^^
  File "C:\Python\Python313\Lib\concurrent\futures\thread.py", line 59, in run
    result = self.fn(*self.args, **self.kwargs)
  File "C:\Users\basil\Desktop\Projects\FullStackProjects\CandleViewer\docs\research\xstate\battle-de2da4e\contracts\cvf.py", line 179, in s
    return resolve(n, interp, ctx, evt)
  File "C:\Users\basil\Desktop\Projects\FullStackProjects\CandleViewer\docs\research\xstate\battle-de2da4e\contracts\cvf.py", line 165, in resolve
    raise v
RuntimeError: cx
ERROR:xstate_statemachine.base_interpreter:🔥 Action 'note_cancel_failure' raised while handling event 'error.platform.cx'; skipping remaining actions in this list.
Traceback (most recent call last):
  File "C:\Users\basil\Desktop\Projects\FullStackProjects\_ref\xstate-statemachine\src\xstate_statemachine\base_interpreter.py", line 3542, in _execute_actions
    await self._run_user_action(impl, action_def, event)
  File "C:\Users\basil\Desktop\Projects\FullStackProjects\_ref\xstate-statemachine\src\xstate_statemachine\interpreter.py", line 2261, in _run_user_action
    impl(self, self.context, event, action_def)
    ~~~~^^^^^^^^^^^^^^^^^^^^^^^^^^^^^^^^^^^^^^^
  File "C:\Users\basil\Desktop\Projects\FullStackProjects\CandleViewer\docs\research\xstate\battle-de2da4e\contracts\cvf.py", line 142, in f
    raise RuntimeError("boom:" + n)
RuntimeError: boom:note_cancel_failure
WARNING:xstate_statemachine.base_interpreter:💥 Transition on 'leg.unwinding.cancel_children' failed; rolling back to the pre-transition configuration.
ERROR:xstate_statemachine.interpreter:💥 Service 'cancel_children_svc' (ID: 'cx') failed: cx
Traceback (most recent call last):
  File "C:\Users\basil\Desktop\Projects\FullStackProjects\_ref\xstate-statemachine\src\xstate_statemachine\interpreter.py", line 3221, in _settle
    produced = await handoff
               ^^^^^^^^^^^^^
  File "C:\Python\Python313\Lib\concurrent\futures\thread.py", line 59, in run
    result = self.fn(*self.args, **self.kwargs)
  File "C:\Users\basil\Desktop\Projects\FullStackProjects\CandleViewer\docs\research\xstate\battle-de2da4e\contracts\cvf.py", line 179, in s
    return resolve(n, interp, ctx, evt)
  File "C:\Users\basil\Desktop\Projects\FullStackProjects\CandleViewer\docs\research\xstate\battle-de2da4e\contracts\cvf.py", line 165, in resolve
    raise v
  File "C:\Users\basil\Desktop\Projects\FullStackProjects\_ref\xstate-statemachine\src\xstate_statemachine\interpreter.py", line 3221, in _settle
    produced = await handoff
               ^^^^^^^^^^^^^
  File "C:\Python\Python313\Lib\concurrent\futures\thread.py", line 59, in run
    result = self.fn(*self.args, **self.kwargs)
  File "C:\Users\basil\Desktop\Projects\FullStackProjects\CandleViewer\docs\research\xstate\battle-de2da4e\contracts\cvf.py", line 179, in s
    return resolve(n, interp, ctx, evt)
  File "C:\Users\basil\Desktop\Projects\FullStackProjects\CandleViewer\docs\research\xstate\battle-de2da4e\contracts\cvf.py", line 165, in resolve
    raise v
  File "C:\Users\basil\Desktop\Projects\FullStackProjects\_ref\xstate-statemachine\src\xstate_statemachine\interpreter.py", line 3221, in _settle
    produced = await handoff
               ^^^^^^^^^^^^^
  File "C:\Python\Python313\Lib\concurrent\futures\thread.py", line 59, in run
    result = self.fn(*self.args, **self.kwargs)
  File "C:\Users\basil\Desktop\Projects\FullStackProjects\CandleViewer\docs\research\xstate\battle-de2da4e\contracts\cvf.py", line 179, in s
    return resolve(n, interp, ctx, evt)
  File "C:\Users\basil\Desktop\Projects\FullStackProjects\CandleViewer\docs\research\xstate\battle-de2da4e\contracts\cvf.py", line 165, in resolve
    raise v
  File "C:\Users\basil\Desktop\Projects\FullStackProjects\_ref\xstate-statemachine\src\xstate_statemachine\interpreter.py", line 3221, in _settle
    produced = await handoff
               ^^^^^^^^^^^^^
  File "C:\Python\Python313\Lib\concurrent\futures\thread.py", line 59, in run
    result = self.fn(*self.args, **self.kwargs)
  File "C:\Users\basil\Desktop\Projects\FullStackProjects\CandleViewer\docs\research\xstate\battle-de2da4e\contracts\cvf.py", line 179, in s
    return resolve(n, interp, ctx, evt)
  File "C:\Users\basil\Desktop\Projects\FullStackProjects\CandleViewer\docs\research\xstate\battle-de2da4e\contracts\cvf.py", line 165, in resolve
    raise v
  File "C:\Users\basil\Desktop\Projects\FullStackProjects\_ref\xstate-statemachine\src\xstate_statemachine\interpreter.py", line 3221, in _settle
    produced = await handoff
               ^^^^^^^^^^^^^
  File "C:\Python\Python313\Lib\concurrent\futures\thread.py", line 59, in run
    result = self.fn(*self.args, **self.kwargs)
  File "C:\Users\basil\Desktop\Projects\FullStackProjects\CandleViewer\docs\research\xstate\battle-de2da4e\contracts\cvf.py", line 179, in s
    return resolve(n, interp, ctx, evt)
  File "C:\Users\basil\Desktop\Projects\FullStackProjects\CandleViewer\docs\research\xstate\battle-de2da4e\contracts\cvf.py", line 165, in resolve
    raise v
  File "C:\Users\basil\Desktop\Projects\FullStackProjects\_ref\xstate-statemachine\src\xstate_statemachine\interpreter.py", line 3221, in _settle
    produced = await handoff
               ^^^^^^^^^^^^^
  File "C:\Python\Python313\Lib\concurrent\futures\thread.py", line 59, in run
    result = self.fn(*self.args, **self.kwargs)
  File "C:\Users\basil\Desktop\Projects\FullStackProjects\CandleViewer\docs\research\xstate\battle-de2da4e\contracts\cvf.py", line 179, in s
    return resolve(n, interp, ctx, evt)
  File "C:\Users\basil\Desktop\Projects\FullStackProjects\CandleViewer\docs\research\xstate\battle-de2da4e\contracts\cvf.py", line 165, in resolve
    raise v
  File "C:\Users\basil\Desktop\Projects\FullStackProjects\_ref\xstate-statemachine\src\xstate_statemachine\interpreter.py", line 3221, in _settle
    produced = await handoff
               ^^^^^^^^^^^^^
  File "C:\Python\Python313\Lib\concurrent\futures\thread.py", line 59, in run
    result = self.fn(*self.args, **self.kwargs)
  File "C:\Users\basil\Desktop\Projects\FullStackProjects\CandleViewer\docs\research\xstate\battle-de2da4e\contracts\cvf.py", line 179, in s
    return resolve(n, interp, ctx, evt)
  File "C:\Users\basil\Desktop\Projects\FullStackProjects\CandleViewer\docs\research\xstate\battle-de2da4e\contracts\cvf.py", line 165, in resolve
    raise v
RuntimeError: cx
ERROR:xstate_statemachine.base_interpreter:🔥 Action 'note_cancel_failure' raised while handling event 'error.platform.cx'; skipping remaining actions in this list.
Traceback (most recent call last):
  File "C:\Users\basil\Desktop\Projects\FullStackProjects\_ref\xstate-statemachine\src\xstate_statemachine\base_interpreter.py", line 3542, in _execute_actions
    await self._run_user_action(impl, action_def, event)
  File "C:\Users\basil\Desktop\Projects\FullStackProjects\_ref\xstate-statemachine\src\xstate_statemachine\interpreter.py", line 2261, in _run_user_action
    impl(self, self.context, event, action_def)
    ~~~~^^^^^^^^^^^^^^^^^^^^^^^^^^^^^^^^^^^^^^^
  File "C:\Users\basil\Desktop\Projects\FullStackProjects\CandleViewer\docs\research\xstate\battle-de2da4e\contracts\cvf.py", line 142, in f
    raise RuntimeError("boom:" + n)
RuntimeError: boom:note_cancel_failure
WARNING:xstate_statemachine.base_interpreter:💥 Transition on 'leg.unwinding.cancel_children' failed; rolling back to the pre-transition configuration.
ERROR:xstate_statemachine.interpreter:💥 Service 'cancel_children_svc' (ID: 'cx') failed: cx
Traceback (most recent call last):
  File "C:\Users\basil\Desktop\Projects\FullStackProjects\_ref\xstate-statemachine\src\xstate_statemachine\interpreter.py", line 3221, in _settle
    produced = await handoff
               ^^^^^^^^^^^^^
  File "C:\Python\Python313\Lib\concurrent\futures\thread.py", line 59, in run
    result = self.fn(*self.args, **self.kwargs)
  File "C:\Users\basil\Desktop\Projects\FullStackProjects\CandleViewer\docs\research\xstate\battle-de2da4e\contracts\cvf.py", line 179, in s
    return resolve(n, interp, ctx, evt)
  File "C:\Users\basil\Desktop\Projects\FullStackProjects\CandleViewer\docs\research\xstate\battle-de2da4e\contracts\cvf.py", line 165, in resolve
    raise v
  File "C:\Users\basil\Desktop\Projects\FullStackProjects\_ref\xstate-statemachine\src\xstate_statemachine\interpreter.py", line 3221, in _settle
    produced = await handoff
               ^^^^^^^^^^^^^
  File "C:\Python\Python313\Lib\concurrent\futures\thread.py", line 59, in run
    result = self.fn(*self.args, **self.kwargs)
  File "C:\Users\basil\Desktop\Projects\FullStackProjects\CandleViewer\docs\research\xstate\battle-de2da4e\contracts\cvf.py", line 179, in s
    return resolve(n, interp, ctx, evt)
  File "C:\Users\basil\Desktop\Projects\FullStackProjects\CandleViewer\docs\research\xstate\battle-de2da4e\contracts\cvf.py", line 165, in resolve
    raise v
  File "C:\Users\basil\Desktop\Projects\FullStackProjects\_ref\xstate-statemachine\src\xstate_statemachine\interpreter.py", line 3221, in _settle
    produced = await handoff
               ^^^^^^^^^^^^^
  File "C:\Python\Python313\Lib\concurrent\futures\thread.py", line 59, in run
    result = self.fn(*self.args, **self.kwargs)
  File "C:\Users\basil\Desktop\Projects\FullStackProjects\CandleViewer\docs\research\xstate\battle-de2da4e\contracts\cvf.py", line 179, in s
    return resolve(n, interp, ctx, evt)
  File "C:\Users\basil\Desktop\Projects\FullStackProjects\CandleViewer\docs\research\xstate\battle-de2da4e\contracts\cvf.py", line 165, in resolve
    raise v
  File "C:\Users\basil\Desktop\Projects\FullStackProjects\_ref\xstate-statemachine\src\xstate_statemachine\interpreter.py", line 3221, in _settle
    produced = await handoff
               ^^^^^^^^^^^^^
  File "C:\Python\Python313\Lib\concurrent\futures\thread.py", line 59, in run
    result = self.fn(*self.args, **self.kwargs)
  File "C:\Users\basil\Desktop\Projects\FullStackProjects\CandleViewer\docs\research\xstate\battle-de2da4e\contracts\cvf.py", line 179, in s
    return resolve(n, interp, ctx, evt)
  File "C:\Users\basil\Desktop\Projects\FullStackProjects\CandleViewer\docs\research\xstate\battle-de2da4e\contracts\cvf.py", line 165, in resolve
    raise v
  File "C:\Users\basil\Desktop\Projects\FullStackProjects\_ref\xstate-statemachine\src\xstate_statemachine\interpreter.py", line 3221, in _settle
    produced = await handoff
               ^^^^^^^^^^^^^
  File "C:\Python\Python313\Lib\concurrent\futures\thread.py", line 59, in run
    result = self.fn(*self.args, **self.kwargs)
  File "C:\Users\basil\Desktop\Projects\FullStackProjects\CandleViewer\docs\research\xstate\battle-de2da4e\contracts\cvf.py", line 179, in s
    return resolve(n, interp, ctx, evt)
  File "C:\Users\basil\Desktop\Projects\FullStackProjects\CandleViewer\docs\research\xstate\battle-de2da4e\contracts\cvf.py", line 165, in resolve
    raise v
  File "C:\Users\basil\Desktop\Projects\FullStackProjects\_ref\xstate-statemachine\src\xstate_statemachine\interpreter.py", line 3221, in _settle
    produced = await handoff
               ^^^^^^^^^^^^^
  File "C:\Python\Python313\Lib\concurrent\futures\thread.py", line 59, in run
    result = self.fn(*self.args, **self.kwargs)
  File "C:\Users\basil\Desktop\Projects\FullStackProjects\CandleViewer\docs\research\xstate\battle-de2da4e\contracts\cvf.py", line 179, in s
    return resolve(n, interp, ctx, evt)
  File "C:\Users\basil\Desktop\Projects\FullStackProjects\CandleViewer\docs\research\xstate\battle-de2da4e\contracts\cvf.py", line 165, in resolve
    raise v
  File "C:\Users\basil\Desktop\Projects\FullStackProjects\_ref\xstate-statemachine\src\xstate_statemachine\interpreter.py", line 3221, in _settle
    produced = await handoff
               ^^^^^^^^^^^^^
  File "C:\Python\Python313\Lib\concurrent\futures\thread.py", line 59, in run
    result = self.fn(*self.args, **self.kwargs)
  File "C:\Users\basil\Desktop\Projects\FullStackProjects\CandleViewer\docs\research\xstate\battle-de2da4e\contracts\cvf.py", line 179, in s
    return resolve(n, interp, ctx, evt)
  File "C:\Users\basil\Desktop\Projects\FullStackProjects\CandleViewer\docs\research\xstate\battle-de2da4e\contracts\cvf.py", line 165, in resolve
    raise v
  File "C:\Users\basil\Desktop\Projects\FullStackProjects\_ref\xstate-statemachine\src\xstate_statemachine\interpreter.py", line 3221, in _settle
    produced = await handoff
               ^^^^^^^^^^^^^
  File "C:\Python\Python313\Lib\concurrent\futures\thread.py", line 59, in run
    result = self.fn(*self.args, **self.kwargs)
  File "C:\Users\basil\Desktop\Projects\FullStackProjects\CandleViewer\docs\research\xstate\battle-de2da4e\contracts\cvf.py", line 179, in s
    return resolve(n, interp, ctx, evt)
  File "C:\Users\basil\Desktop\Projects\FullStackProjects\CandleViewer\docs\research\xstate\battle-de2da4e\contracts\cvf.py", line 165, in resolve
    raise v
RuntimeError: cx
ERROR:xstate_statemachine.base_interpreter:🔥 Action 'note_cancel_failure' raised while handling event 'error.platform.cx'; skipping remaining actions in this list.
Traceback (most recent call last):
  File "C:\Users\basil\Desktop\Projects\FullStackProjects\_ref\xstate-statemachine\src\xstate_statemachine\base_interpreter.py", line 3542, in _execute_actions
    await self._run_user_action(impl, action_def, event)
  File "C:\Users\basil\Desktop\Projects\FullStackProjects\_ref\xstate-statemachine\src\xstate_statemachine\interpreter.py", line 2261, in _run_user_action
    impl(self, self.context, event, action_def)
    ~~~~^^^^^^^^^^^^^^^^^^^^^^^^^^^^^^^^^^^^^^^
  File "C:\Users\basil\Desktop\Projects\FullStackProjects\CandleViewer\docs\research\xstate\battle-de2da4e\contracts\cvf.py", line 142, in f
    raise RuntimeError("boom:" + n)
RuntimeError: boom:note_cancel_failure
WARNING:xstate_statemachine.base_interpreter:💥 Transition on 'leg.unwinding.cancel_children' failed; rolling back to the pre-transition configuration.
ERROR:xstate_statemachine.interpreter:💥 Service 'cancel_children_svc' (ID: 'cx') failed: cx
Traceback (most recent call last):
  File "C:\Users\basil\Desktop\Projects\FullStackProjects\_ref\xstate-statemachine\src\xstate_statemachine\interpreter.py", line 3221, in _settle
    produced = await handoff
               ^^^^^^^^^^^^^
  File "C:\Python\Python313\Lib\concurrent\futures\thread.py", line 59, in run
    result = self.fn(*self.args, **self.kwargs)
  File "C:\Users\basil\Desktop\Projects\FullStackProjects\CandleViewer\docs\research\xstate\battle-de2da4e\contracts\cvf.py", line 179, in s
    return resolve(n, interp, ctx, evt)
  File "C:\Users\basil\Desktop\Projects\FullStackProjects\CandleViewer\docs\research\xstate\battle-de2da4e\contracts\cvf.py", line 165, in resolve
    raise v
  File "C:\Users\basil\Desktop\Projects\FullStackProjects\_ref\xstate-statemachine\src\xstate_statemachine\interpreter.py", line 3221, in _settle
    produced = await handoff
               ^^^^^^^^^^^^^
  File "C:\Python\Python313\Lib\concurrent\futures\thread.py", line 59, in run
    result = self.fn(*self.args, **self.kwargs)
  File "C:\Users\basil\Desktop\Projects\FullStackProjects\CandleViewer\docs\research\xstate\battle-de2da4e\contracts\cvf.py", line 179, in s
    return resolve(n, interp, ctx, evt)
  File "C:\Users\basil\Desktop\Projects\FullStackProjects\CandleViewer\docs\research\xstate\battle-de2da4e\contracts\cvf.py", line 165, in resolve
    raise v
  File "C:\Users\basil\Desktop\Projects\FullStackProjects\_ref\xstate-statemachine\src\xstate_statemachine\interpreter.py", line 3221, in _settle
    produced = await handoff
               ^^^^^^^^^^^^^
  File "C:\Python\Python313\Lib\concurrent\futures\thread.py", line 59, in run
    result = self.fn(*self.args, **self.kwargs)
  File "C:\Users\basil\Desktop\Projects\FullStackProjects\CandleViewer\docs\research\xstate\battle-de2da4e\contracts\cvf.py", line 179, in s
    return resolve(n, interp, ctx, evt)
  File "C:\Users\basil\Desktop\Projects\FullStackProjects\CandleViewer\docs\research\xstate\battle-de2da4e\contracts\cvf.py", line 165, in resolve
    raise v
  File "C:\Users\basil\Desktop\Projects\FullStackProjects\_ref\xstate-statemachine\src\xstate_statemachine\interpreter.py", line 3221, in _settle
    produced = await handoff
               ^^^^^^^^^^^^^
  File "C:\Python\Python313\Lib\concurrent\futures\thread.py", line 59, in run
    result = self.fn(*self.args, **self.kwargs)
  File "C:\Users\basil\Desktop\Projects\FullStackProjects\CandleViewer\docs\research\xstate\battle-de2da4e\contracts\cvf.py", line 179, in s
    return resolve(n, interp, ctx, evt)
  File "C:\Users\basil\Desktop\Projects\FullStackProjects\CandleViewer\docs\research\xstate\battle-de2da4e\contracts\cvf.py", line 165, in resolve
    raise v
  File "C:\Users\basil\Desktop\Projects\FullStackProjects\_ref\xstate-statemachine\src\xstate_statemachine\interpreter.py", line 3221, in _settle
    produced = await handoff
               ^^^^^^^^^^^^^
  File "C:\Python\Python313\Lib\concurrent\futures\thread.py", line 59, in run
    result = self.fn(*self.args, **self.kwargs)
  File "C:\Users\basil\Desktop\Projects\FullStackProjects\CandleViewer\docs\research\xstate\battle-de2da4e\contracts\cvf.py", line 179, in s
    return resolve(n, interp, ctx, evt)
  File "C:\Users\basil\Desktop\Projects\FullStackProjects\CandleViewer\docs\research\xstate\battle-de2da4e\contracts\cvf.py", line 165, in resolve
    raise v
  File "C:\Users\basil\Desktop\Projects\FullStackProjects\_ref\xstate-statemachine\src\xstate_statemachine\interpreter.py", line 3221, in _settle
    produced = await handoff
               ^^^^^^^^^^^^^
  File "C:\Python\Python313\Lib\concurrent\futures\thread.py", line 59, in run
    result = self.fn(*self.args, **self.kwargs)
  File "C:\Users\basil\Desktop\Projects\FullStackProjects\CandleViewer\docs\research\xstate\battle-de2da4e\contracts\cvf.py", line 179, in s
    return resolve(n, interp, ctx, evt)
  File "C:\Users\basil\Desktop\Projects\FullStackProjects\CandleViewer\docs\research\xstate\battle-de2da4e\contracts\cvf.py", line 165, in resolve
    raise v
  File "C:\Users\basil\Desktop\Projects\FullStackProjects\_ref\xstate-statemachine\src\xstate_statemachine\interpreter.py", line 3221, in _settle
    produced = await handoff
               ^^^^^^^^^^^^^
  File "C:\Python\Python313\Lib\concurrent\futures\thread.py", line 59, in run
    result = self.fn(*self.args, **self.kwargs)
  File "C:\Users\basil\Desktop\Projects\FullStackProjects\CandleViewer\docs\research\xstate\battle-de2da4e\contracts\cvf.py", line 179, in s
    return resolve(n, interp, ctx, evt)
  File "C:\Users\basil\Desktop\Projects\FullStackProjects\CandleViewer\docs\research\xstate\battle-de2da4e\contracts\cvf.py", line 165, in resolve
    raise v
  File "C:\Users\basil\Desktop\Projects\FullStackProjects\_ref\xstate-statemachine\src\xstate_statemachine\interpreter.py", line 3221, in _settle
    produced = await handoff
               ^^^^^^^^^^^^^
  File "C:\Python\Python313\Lib\concurrent\futures\thread.py", line 59, in run
    result = self.fn(*self.args, **self.kwargs)
  File "C:\Users\basil\Desktop\Projects\FullStackProjects\CandleViewer\docs\research\xstate\battle-de2da4e\contracts\cvf.py", line 179, in s
    return resolve(n, interp, ctx, evt)
  File "C:\Users\basil\Desktop\Projects\FullStackProjects\CandleViewer\docs\research\xstate\battle-de2da4e\contracts\cvf.py", line 165, in resolve
    raise v
  File "C:\Users\basil\Desktop\Projects\FullStackProjects\_ref\xstate-statemachine\src\xstate_statemachine\interpreter.py", line 3221, in _settle
    produced = await handoff
               ^^^^^^^^^^^^^
  File "C:\Python\Python313\Lib\concurrent\futures\thread.py", line 59, in run
    result = self.fn(*self.args, **self.kwargs)
  File "C:\Users\basil\Desktop\Projects\FullStackProjects\CandleViewer\docs\research\xstate\battle-de2da4e\contracts\cvf.py", line 179, in s
    return resolve(n, interp, ctx, evt)
  File "C:\Users\basil\Desktop\Projects\FullStackProjects\CandleViewer\docs\research\xstate\battle-de2da4e\contracts\cvf.py", line 165, in resolve
    raise v
RuntimeError: cx
ERROR:xstate_statemachine.base_interpreter:🔥 Action 'note_cancel_failure' raised while handling event 'error.platform.cx'; skipping remaining actions in this list.
Traceback (most recent call last):
  File "C:\Users\basil\Desktop\Projects\FullStackProjects\_ref\xstate-statemachine\src\xstate_statemachine\base_interpreter.py", line 3542, in _execute_actions
    await self._run_user_action(impl, action_def, event)
  File "C:\Users\basil\Desktop\Projects\FullStackProjects\_ref\xstate-statemachine\src\xstate_statemachine\interpreter.py", line 2261, in _run_user_action
    impl(self, self.context, event, action_def)
    ~~~~^^^^^^^^^^^^^^^^^^^^^^^^^^^^^^^^^^^^^^^
  File "C:\Users\basil\Desktop\Projects\FullStackProjects\CandleViewer\docs\research\xstate\battle-de2da4e\contracts\cvf.py", line 142, in f
    raise RuntimeError("boom:" + n)
RuntimeError: boom:note_cancel_failure
WARNING:xstate_statemachine.base_interpreter:💥 Transition on 'leg.unwinding.cancel_children' failed; rolling back to the pre-transition configuration.
ERROR:xstate_statemachine.interpreter:💥 Service 'cancel_children_svc' (ID: 'cx') failed: cx
Traceback (most recent call last):
  File "C:\Users\basil\Desktop\Projects\FullStackProjects\_ref\xstate-statemachine\src\xstate_statemachine\interpreter.py", line 3221, in _settle
    produced = await handoff
               ^^^^^^^^^^^^^
  File "C:\Python\Python313\Lib\concurrent\futures\thread.py", line 59, in run
    result = self.fn(*self.args, **self.kwargs)
  File "C:\Users\basil\Desktop\Projects\FullStackProjects\CandleViewer\docs\research\xstate\battle-de2da4e\contracts\cvf.py", line 179, in s
    return resolve(n, interp, ctx, evt)
  File "C:\Users\basil\Desktop\Projects\FullStackProjects\CandleViewer\docs\research\xstate\battle-de2da4e\contracts\cvf.py", line 165, in resolve
    raise v
  File "C:\Users\basil\Desktop\Projects\FullStackProjects\_ref\xstate-statemachine\src\xstate_statemachine\interpreter.py", line 3221, in _settle
    produced = await handoff
               ^^^^^^^^^^^^^
  File "C:\Python\Python313\Lib\concurrent\futures\thread.py", line 59, in run
    result = self.fn(*self.args, **self.kwargs)
  File "C:\Users\basil\Desktop\Projects\FullStackProjects\CandleViewer\docs\research\xstate\battle-de2da4e\contracts\cvf.py", line 179, in s
    return resolve(n, interp, ctx, evt)
  File "C:\Users\basil\Desktop\Projects\FullStackProjects\CandleViewer\docs\research\xstate\battle-de2da4e\contracts\cvf.py", line 165, in resolve
    raise v
  File "C:\Users\basil\Desktop\Projects\FullStackProjects\_ref\xstate-statemachine\src\xstate_statemachine\interpreter.py", line 3221, in _settle
    produced = await handoff
               ^^^^^^^^^^^^^
  File "C:\Python\Python313\Lib\concurrent\futures\thread.py", line 59, in run
    result = self.fn(*self.args, **self.kwargs)
  File "C:\Users\basil\Desktop\Projects\FullStackProjects\CandleViewer\docs\research\xstate\battle-de2da4e\contracts\cvf.py", line 179, in s
    return resolve(n, interp, ctx, evt)
  File "C:\Users\basil\Desktop\Projects\FullStackProjects\CandleViewer\docs\research\xstate\battle-de2da4e\contracts\cvf.py", line 165, in resolve
    raise v
  File "C:\Users\basil\Desktop\Projects\FullStackProjects\_ref\xstate-statemachine\src\xstate_statemachine\interpreter.py", line 3221, in _settle
    produced = await handoff
               ^^^^^^^^^^^^^
  File "C:\Python\Python313\Lib\concurrent\futures\thread.py", line 59, in run
    result = self.fn(*self.args, **self.kwargs)
  File "C:\Users\basil\Desktop\Projects\FullStackProjects\CandleViewer\docs\research\xstate\battle-de2da4e\contracts\cvf.py", line 179, in s
    return resolve(n, interp, ctx, evt)
  File "C:\Users\basil\Desktop\Projects\FullStackProjects\CandleViewer\docs\research\xstate\battle-de2da4e\contracts\cvf.py", line 165, in resolve
    raise v
  File "C:\Users\basil\Desktop\Projects\FullStackProjects\_ref\xstate-statemachine\src\xstate_statemachine\interpreter.py", line 3221, in _settle
    produced = await handoff
               ^^^^^^^^^^^^^
  File "C:\Python\Python313\Lib\concurrent\futures\thread.py", line 59, in run
    result = self.fn(*self.args, **self.kwargs)
  File "C:\Users\basil\Desktop\Projects\FullStackProjects\CandleViewer\docs\research\xstate\battle-de2da4e\contracts\cvf.py", line 179, in s
    return resolve(n, interp, ctx, evt)
  File "C:\Users\basil\Desktop\Projects\FullStackProjects\CandleViewer\docs\research\xstate\battle-de2da4e\contracts\cvf.py", line 165, in resolve
    raise v
  File "C:\Users\basil\Desktop\Projects\FullStackProjects\_ref\xstate-statemachine\src\xstate_statemachine\interpreter.py", line 3221, in _settle
    produced = await handoff
               ^^^^^^^^^^^^^
  File "C:\Python\Python313\Lib\concurrent\futures\thread.py", line 59, in run
    result = self.fn(*self.args, **self.kwargs)
  File "C:\Users\basil\Desktop\Projects\FullStackProjects\CandleViewer\docs\research\xstate\battle-de2da4e\contracts\cvf.py", line 179, in s
    return resolve(n, interp, ctx, evt)
  File "C:\Users\basil\Desktop\Projects\FullStackProjects\CandleViewer\docs\research\xstate\battle-de2da4e\contracts\cvf.py", line 165, in resolve
    raise v
  File "C:\Users\basil\Desktop\Projects\FullStackProjects\_ref\xstate-statemachine\src\xstate_statemachine\interpreter.py", line 3221, in _settle
    produced = await handoff
               ^^^^^^^^^^^^^
  File "C:\Python\Python313\Lib\concurrent\futures\thread.py", line 59, in run
    result = self.fn(*self.args, **self.kwargs)
  File "C:\Users\basil\Desktop\Projects\FullStackProjects\CandleViewer\docs\research\xstate\battle-de2da4e\contracts\cvf.py", line 179, in s
    return resolve(n, interp, ctx, evt)
  File "C:\Users\basil\Desktop\Projects\FullStackProjects\CandleViewer\docs\research\xstate\battle-de2da4e\contracts\cvf.py", line 165, in resolve
    raise v
  File "C:\Users\basil\Desktop\Projects\FullStackProjects\_ref\xstate-statemachine\src\xstate_statemachine\interpreter.py", line 3221, in _settle
    produced = await handoff
               ^^^^^^^^^^^^^
  File "C:\Python\Python313\Lib\concurrent\futures\thread.py", line 59, in run
    result = self.fn(*self.args, **self.kwargs)
  File "C:\Users\basil\Desktop\Projects\FullStackProjects\CandleViewer\docs\research\xstate\battle-de2da4e\contracts\cvf.py", line 179, in s
    return resolve(n, interp, ctx, evt)
  File "C:\Users\basil\Desktop\Projects\FullStackProjects\CandleViewer\docs\research\xstate\battle-de2da4e\contracts\cvf.py", line 165, in resolve
    raise v
  File "C:\Users\basil\Desktop\Projects\FullStackProjects\_ref\xstate-statemachine\src\xstate_statemachine\interpreter.py", line 3221, in _settle
    produced = await handoff
               ^^^^^^^^^^^^^
  File "C:\Python\Python313\Lib\concurrent\futures\thread.py", line 59, in run
    result = self.fn(*self.args, **self.kwargs)
  File "C:\Users\basil\Desktop\Projects\FullStackProjects\CandleViewer\docs\research\xstate\battle-de2da4e\contracts\cvf.py", line 179, in s
    return resolve(n, interp, ctx, evt)
  File "C:\Users\basil\Desktop\Projects\FullStackProjects\CandleViewer\docs\research\xstate\battle-de2da4e\contracts\cvf.py", line 165, in resolve
    raise v
  File "C:\Users\basil\Desktop\Projects\FullStackProjects\_ref\xstate-statemachine\src\xstate_statemachine\interpreter.py", line 3221, in _settle
    produced = await handoff
               ^^^^^^^^^^^^^
  File "C:\Python\Python313\Lib\concurrent\futures\thread.py", line 59, in run
    result = self.fn(*self.args, **self.kwargs)
  File "C:\Users\basil\Desktop\Projects\FullStackProjects\CandleViewer\docs\research\xstate\battle-de2da4e\contracts\cvf.py", line 179, in s
    return resolve(n, interp, ctx, evt)
  File "C:\Users\basil\Desktop\Projects\FullStackProjects\CandleViewer\docs\research\xstate\battle-de2da4e\contracts\cvf.py", line 165, in resolve
    raise v
RuntimeError: cx
ERROR:xstate_statemachine.base_interpreter:🔥 Action 'note_cancel_failure' raised while handling event 'error.platform.cx'; skipping remaining actions in this list.
Traceback (most recent call last):
  File "C:\Users\basil\Desktop\Projects\FullStackProjects\_ref\xstate-statemachine\src\xstate_statemachine\base_interpreter.py", line 3542, in _execute_actions
    await self._run_user_action(impl, action_def, event)
  File "C:\Users\basil\Desktop\Projects\FullStackProjects\_ref\xstate-statemachine\src\xstate_statemachine\interpreter.py", line 2261, in _run_user_action
    impl(self, self.context, event, action_def)
    ~~~~^^^^^^^^^^^^^^^^^^^^^^^^^^^^^^^^^^^^^^^
  File "C:\Users\basil\Desktop\Projects\FullStackProjects\CandleViewer\docs\research\xstate\battle-de2da4e\contracts\cvf.py", line 142, in f
    raise RuntimeError("boom:" + n)
RuntimeError: boom:note_cancel_failure
WARNING:xstate_statemachine.base_interpreter:💥 Transition on 'leg.unwinding.cancel_children' failed; rolling back to the pre-transition configuration.
ERROR:xstate_statemachine.interpreter:💥 Service 'cancel_children_svc' (ID: 'cx') failed: cx
Traceback (most recent call last):
  File "C:\Users\basil\Desktop\Projects\FullStackProjects\_ref\xstate-statemachine\src\xstate_statemachine\interpreter.py", line 3221, in _settle
    produced = await handoff
               ^^^^^^^^^^^^^
  File "C:\Python\Python313\Lib\concurrent\futures\thread.py", line 59, in run
    result = self.fn(*self.args, **self.kwargs)
  File "C:\Users\basil\Desktop\Projects\FullStackProjects\CandleViewer\docs\research\xstate\battle-de2da4e\contracts\cvf.py", line 179, in s
    return resolve(n, interp, ctx, evt)
  File "C:\Users\basil\Desktop\Projects\FullStackProjects\CandleViewer\docs\research\xstate\battle-de2da4e\contracts\cvf.py", line 165, in resolve
    raise v
  File "C:\Users\basil\Desktop\Projects\FullStackProjects\_ref\xstate-statemachine\src\xstate_statemachine\interpreter.py", line 3221, in _settle
    produced = await handoff
               ^^^^^^^^^^^^^
  File "C:\Python\Python313\Lib\concurrent\futures\thread.py", line 59, in run
    result = self.fn(*self.args, **self.kwargs)
  File "C:\Users\basil\Desktop\Projects\FullStackProjects\CandleViewer\docs\research\xstate\battle-de2da4e\contracts\cvf.py", line 179, in s
    return resolve(n, interp, ctx, evt)
  File "C:\Users\basil\Desktop\Projects\FullStackProjects\CandleViewer\docs\research\xstate\battle-de2da4e\contracts\cvf.py", line 165, in resolve
    raise v
  File "C:\Users\basil\Desktop\Projects\FullStackProjects\_ref\xstate-statemachine\src\xstate_statemachine\interpreter.py", line 3221, in _settle
    produced = await handoff
               ^^^^^^^^^^^^^
  File "C:\Python\Python313\Lib\concurrent\futures\thread.py", line 59, in run
    result = self.fn(*self.args, **self.kwargs)
  File "C:\Users\basil\Desktop\Projects\FullStackProjects\CandleViewer\docs\research\xstate\battle-de2da4e\contracts\cvf.py", line 179, in s
    return resolve(n, interp, ctx, evt)
  File "C:\Users\basil\Desktop\Projects\FullStackProjects\CandleViewer\docs\research\xstate\battle-de2da4e\contracts\cvf.py", line 165, in resolve
    raise v
  File "C:\Users\basil\Desktop\Projects\FullStackProjects\_ref\xstate-statemachine\src\xstate_statemachine\interpreter.py", line 3221, in _settle
    produced = await handoff
               ^^^^^^^^^^^^^
  File "C:\Python\Python313\Lib\concurrent\futures\thread.py", line 59, in run
    result = self.fn(*self.args, **self.kwargs)
  File "C:\Users\basil\Desktop\Projects\FullStackProjects\CandleViewer\docs\research\xstate\battle-de2da4e\contracts\cvf.py", line 179, in s
    return resolve(n, interp, ctx, evt)
  File "C:\Users\basil\Desktop\Projects\FullStackProjects\CandleViewer\docs\research\xstate\battle-de2da4e\contracts\cvf.py", line 165, in resolve
    raise v
  File "C:\Users\basil\Desktop\Projects\FullStackProjects\_ref\xstate-statemachine\src\xstate_statemachine\interpreter.py", line 3221, in _settle
    produced = await handoff
               ^^^^^^^^^^^^^
  File "C:\Python\Python313\Lib\concurrent\futures\thread.py", line 59, in run
    result = self.fn(*self.args, **self.kwargs)
  File "C:\Users\basil\Desktop\Projects\FullStackProjects\CandleViewer\docs\research\xstate\battle-de2da4e\contracts\cvf.py", line 179, in s
    return resolve(n, interp, ctx, evt)
  File "C:\Users\basil\Desktop\Projects\FullStackProjects\CandleViewer\docs\research\xstate\battle-de2da4e\contracts\cvf.py", line 165, in resolve
    raise v
  File "C:\Users\basil\Desktop\Projects\FullStackProjects\_ref\xstate-statemachine\src\xstate_statemachine\interpreter.py", line 3221, in _settle
    produced = await handoff
               ^^^^^^^^^^^^^
  File "C:\Python\Python313\Lib\concurrent\futures\thread.py", line 59, in run
    result = self.fn(*self.args, **self.kwargs)
  File "C:\Users\basil\Desktop\Projects\FullStackProjects\CandleViewer\docs\research\xstate\battle-de2da4e\contracts\cvf.py", line 179, in s
    return resolve(n, interp, ctx, evt)
  File "C:\Users\basil\Desktop\Projects\FullStackProjects\CandleViewer\docs\research\xstate\battle-de2da4e\contracts\cvf.py", line 165, in resolve
    raise v
  File "C:\Users\basil\Desktop\Projects\FullStackProjects\_ref\xstate-statemachine\src\xstate_statemachine\interpreter.py", line 3221, in _settle
    produced = await handoff
               ^^^^^^^^^^^^^
  File "C:\Python\Python313\Lib\concurrent\futures\thread.py", line 59, in run
    result = self.fn(*self.args, **self.kwargs)
  File "C:\Users\basil\Desktop\Projects\FullStackProjects\CandleViewer\docs\research\xstate\battle-de2da4e\contracts\cvf.py", line 179, in s
    return resolve(n, interp, ctx, evt)
  File "C:\Users\basil\Desktop\Projects\FullStackProjects\CandleViewer\docs\research\xstate\battle-de2da4e\contracts\cvf.py", line 165, in resolve
    raise v
  File "C:\Users\basil\Desktop\Projects\FullStackProjects\_ref\xstate-statemachine\src\xstate_statemachine\interpreter.py", line 3221, in _settle
    produced = await handoff
               ^^^^^^^^^^^^^
  File "C:\Python\Python313\Lib\concurrent\futures\thread.py", line 59, in run
    result = self.fn(*self.args, **self.kwargs)
  File "C:\Users\basil\Desktop\Projects\FullStackProjects\CandleViewer\docs\research\xstate\battle-de2da4e\contracts\cvf.py", line 179, in s
    return resolve(n, interp, ctx, evt)
  File "C:\Users\basil\Desktop\Projects\FullStackProjects\CandleViewer\docs\research\xstate\battle-de2da4e\contracts\cvf.py", line 165, in resolve
    raise v
  File "C:\Users\basil\Desktop\Projects\FullStackProjects\_ref\xstate-statemachine\src\xstate_statemachine\interpreter.py", line 3221, in _settle
    produced = await handoff
               ^^^^^^^^^^^^^
  File "C:\Python\Python313\Lib\concurrent\futures\thread.py", line 59, in run
    result = self.fn(*self.args, **self.kwargs)
  File "C:\Users\basil\Desktop\Projects\FullStackProjects\CandleViewer\docs\research\xstate\battle-de2da4e\contracts\cvf.py", line 179, in s
    return resolve(n, interp, ctx, evt)
  File "C:\Users\basil\Desktop\Projects\FullStackProjects\CandleViewer\docs\research\xstate\battle-de2da4e\contracts\cvf.py", line 165, in resolve
    raise v
  File "C:\Users\basil\Desktop\Projects\FullStackProjects\_ref\xstate-statemachine\src\xstate_statemachine\interpreter.py", line 3221, in _settle
    produced = await handoff
               ^^^^^^^^^^^^^
  File "C:\Python\Python313\Lib\concurrent\futures\thread.py", line 59, in run
    result = self.fn(*self.args, **self.kwargs)
  File "C:\Users\basil\Desktop\Projects\FullStackProjects\CandleViewer\docs\research\xstate\battle-de2da4e\contracts\cvf.py", line 179, in s
    return resolve(n, interp, ctx, evt)
  File "C:\Users\basil\Desktop\Projects\FullStackProjects\CandleViewer\docs\research\xstate\battle-de2da4e\contracts\cvf.py", line 165, in resolve
    raise v
  File "C:\Users\basil\Desktop\Projects\FullStackProjects\_ref\xstate-statemachine\src\xstate_statemachine\interpreter.py", line 3221, in _settle
    produced = await handoff
               ^^^^^^^^^^^^^
  File "C:\Python\Python313\Lib\concurrent\futures\thread.py", line 59, in run
    result = self.fn(*self.args, **self.kwargs)
  File "C:\Users\basil\Desktop\Projects\FullStackProjects\CandleViewer\docs\research\xstate\battle-de2da4e\contracts\cvf.py", line 179, in s
    return resolve(n, interp, ctx, evt)
  File "C:\Users\basil\Desktop\Projects\FullStackProjects\CandleViewer\docs\research\xstate\battle-de2da4e\contracts\cvf.py", line 165, in resolve
    raise v
RuntimeError: cx
ERROR:xstate_statemachine.base_interpreter:🔥 Action 'note_cancel_failure' raised while handling event 'error.platform.cx'; skipping remaining actions in this list.
Traceback (most recent call last):
  File "C:\Users\basil\Desktop\Projects\FullStackProjects\_ref\xstate-statemachine\src\xstate_statemachine\base_interpreter.py", line 3542, in _execute_actions
    await self._run_user_action(impl, action_def, event)
  File "C:\Users\basil\Desktop\Projects\FullStackProjects\_ref\xstate-statemachine\src\xstate_statemachine\interpreter.py", line 2261, in _run_user_action
    impl(self, self.context, event, action_def)
    ~~~~^^^^^^^^^^^^^^^^^^^^^^^^^^^^^^^^^^^^^^^
  File "C:\Users\basil\Desktop\Projects\FullStackProjects\CandleViewer\docs\research\xstate\battle-de2da4e\contracts\cvf.py", line 142, in f
    raise RuntimeError("boom:" + n)
RuntimeError: boom:note_cancel_failure
WARNING:xstate_statemachine.base_interpreter:💥 Transition on 'leg.unwinding.cancel_children' failed; rolling back to the pre-transition configuration.
ERROR:xstate_statemachine.interpreter:💥 Service 'cancel_children_svc' (ID: 'cx') failed: cx
Traceback (most recent call last):
  File "C:\Users\basil\Desktop\Projects\FullStackProjects\_ref\xstate-statemachine\src\xstate_statemachine\interpreter.py", line 3221, in _settle
    produced = await handoff
               ^^^^^^^^^^^^^
  File "C:\Python\Python313\Lib\concurrent\futures\thread.py", line 59, in run
    result = self.fn(*self.args, **self.kwargs)
  File "C:\Users\basil\Desktop\Projects\FullStackProjects\CandleViewer\docs\research\xstate\battle-de2da4e\contracts\cvf.py", line 179, in s
    return resolve(n, interp, ctx, evt)
  File "C:\Users\basil\Desktop\Projects\FullStackProjects\CandleViewer\docs\research\xstate\battle-de2da4e\contracts\cvf.py", line 165, in resolve
    raise v
  File "C:\Users\basil\Desktop\Projects\FullStackProjects\_ref\xstate-statemachine\src\xstate_statemachine\interpreter.py", line 3221, in _settle
    produced = await handoff
               ^^^^^^^^^^^^^
  File "C:\Python\Python313\Lib\concurrent\futures\thread.py", line 59, in run
    result = self.fn(*self.args, **self.kwargs)
  File "C:\Users\basil\Desktop\Projects\FullStackProjects\CandleViewer\docs\research\xstate\battle-de2da4e\contracts\cvf.py", line 179, in s
    return resolve(n, interp, ctx, evt)
  File "C:\Users\basil\Desktop\Projects\FullStackProjects\CandleViewer\docs\research\xstate\battle-de2da4e\contracts\cvf.py", line 165, in resolve
    raise v
  File "C:\Users\basil\Desktop\Projects\FullStackProjects\_ref\xstate-statemachine\src\xstate_statemachine\interpreter.py", line 3221, in _settle
    produced = await handoff
               ^^^^^^^^^^^^^
  File "C:\Python\Python313\Lib\concurrent\futures\thread.py", line 59, in run
    result = self.fn(*self.args, **self.kwargs)
  File "C:\Users\basil\Desktop\Projects\FullStackProjects\CandleViewer\docs\research\xstate\battle-de2da4e\contracts\cvf.py", line 179, in s
    return resolve(n, interp, ctx, evt)
  File "C:\Users\basil\Desktop\Projects\FullStackProjects\CandleViewer\docs\research\xstate\battle-de2da4e\contracts\cvf.py", line 165, in resolve
    raise v
  File "C:\Users\basil\Desktop\Projects\FullStackProjects\_ref\xstate-statemachine\src\xstate_statemachine\interpreter.py", line 3221, in _settle
    produced = await handoff
               ^^^^^^^^^^^^^
  File "C:\Python\Python313\Lib\concurrent\futures\thread.py", line 59, in run
    result = self.fn(*self.args, **self.kwargs)
  File "C:\Users\basil\Desktop\Projects\FullStackProjects\CandleViewer\docs\research\xstate\battle-de2da4e\contracts\cvf.py", line 179, in s
    return resolve(n, interp, ctx, evt)
  File "C:\Users\basil\Desktop\Projects\FullStackProjects\CandleViewer\docs\research\xstate\battle-de2da4e\contracts\cvf.py", line 165, in resolve
    raise v
  File "C:\Users\basil\Desktop\Projects\FullStackProjects\_ref\xstate-statemachine\src\xstate_statemachine\interpreter.py", line 3221, in _settle
    produced = await handoff
               ^^^^^^^^^^^^^
  File "C:\Python\Python313\Lib\concurrent\futures\thread.py", line 59, in run
    result = self.fn(*self.args, **self.kwargs)
  File "C:\Users\basil\Desktop\Projects\FullStackProjects\CandleViewer\docs\research\xstate\battle-de2da4e\contracts\cvf.py", line 179, in s
    return resolve(n, interp, ctx, evt)
  File "C:\Users\basil\Desktop\Projects\FullStackProjects\CandleViewer\docs\research\xstate\battle-de2da4e\contracts\cvf.py", line 165, in resolve
    raise v
  File "C:\Users\basil\Desktop\Projects\FullStackProjects\_ref\xstate-statemachine\src\xstate_statemachine\interpreter.py", line 3221, in _settle
    produced = await handoff
               ^^^^^^^^^^^^^
  File "C:\Python\Python313\Lib\concurrent\futures\thread.py", line 59, in run
    result = self.fn(*self.args, **self.kwargs)
  File "C:\Users\basil\Desktop\Projects\FullStackProjects\CandleViewer\docs\research\xstate\battle-de2da4e\contracts\cvf.py", line 179, in s
    return resolve(n, interp, ctx, evt)
  File "C:\Users\basil\Desktop\Projects\FullStackProjects\CandleViewer\docs\research\xstate\battle-de2da4e\contracts\cvf.py", line 165, in resolve
    raise v
  File "C:\Users\basil\Desktop\Projects\FullStackProjects\_ref\xstate-statemachine\src\xstate_statemachine\interpreter.py", line 3221, in _settle
    produced = await handoff
               ^^^^^^^^^^^^^
  File "C:\Python\Python313\Lib\concurrent\futures\thread.py", line 59, in run
    result = self.fn(*self.args, **self.kwargs)
  File "C:\Users\basil\Desktop\Projects\FullStackProjects\CandleViewer\docs\research\xstate\battle-de2da4e\contracts\cvf.py", line 179, in s
    return resolve(n, interp, ctx, evt)
  File "C:\Users\basil\Desktop\Projects\FullStackProjects\CandleViewer\docs\research\xstate\battle-de2da4e\contracts\cvf.py", line 165, in resolve
    raise v
  File "C:\Users\basil\Desktop\Projects\FullStackProjects\_ref\xstate-statemachine\src\xstate_statemachine\interpreter.py", line 3221, in _settle
    produced = await handoff
               ^^^^^^^^^^^^^
  File "C:\Python\Python313\Lib\concurrent\futures\thread.py", line 59, in run
    result = self.fn(*self.args, **self.kwargs)
  File "C:\Users\basil\Desktop\Projects\FullStackProjects\CandleViewer\docs\research\xstate\battle-de2da4e\contracts\cvf.py", line 179, in s
    return resolve(n, interp, ctx, evt)
  File "C:\Users\basil\Desktop\Projects\FullStackProjects\CandleViewer\docs\research\xstate\battle-de2da4e\contracts\cvf.py", line 165, in resolve
    raise v
  File "C:\Users\basil\Desktop\Projects\FullStackProjects\_ref\xstate-statemachine\src\xstate_statemachine\interpreter.py", line 3221, in _settle
    produced = await handoff
               ^^^^^^^^^^^^^
  File "C:\Python\Python313\Lib\concurrent\futures\thread.py", line 59, in run
    result = self.fn(*self.args, **self.kwargs)
  File "C:\Users\basil\Desktop\Projects\FullStackProjects\CandleViewer\docs\research\xstate\battle-de2da4e\contracts\cvf.py", line 179, in s
    return resolve(n, interp, ctx, evt)
  File "C:\Users\basil\Desktop\Projects\FullStackProjects\CandleViewer\docs\research\xstate\battle-de2da4e\contracts\cvf.py", line 165, in resolve
    raise v
  File "C:\Users\basil\Desktop\Projects\FullStackProjects\_ref\xstate-statemachine\src\xstate_statemachine\interpreter.py", line 3221, in _settle
    produced = await handoff
               ^^^^^^^^^^^^^
  File "C:\Python\Python313\Lib\concurrent\futures\thread.py", line 59, in run
    result = self.fn(*self.args, **self.kwargs)
  File "C:\Users\basil\Desktop\Projects\FullStackProjects\CandleViewer\docs\research\xstate\battle-de2da4e\contracts\cvf.py", line 179, in s
    return resolve(n, interp, ctx, evt)
  File "C:\Users\basil\Desktop\Projects\FullStackProjects\CandleViewer\docs\research\xstate\battle-de2da4e\contracts\cvf.py", line 165, in resolve
    raise v
  File "C:\Users\basil\Desktop\Projects\FullStackProjects\_ref\xstate-statemachine\src\xstate_statemachine\interpreter.py", line 3221, in _settle
    produced = await handoff
               ^^^^^^^^^^^^^
  File "C:\Python\Python313\Lib\concurrent\futures\thread.py", line 59, in run
    result = self.fn(*self.args, **self.kwargs)
  File "C:\Users\basil\Desktop\Projects\FullStackProjects\CandleViewer\docs\research\xstate\battle-de2da4e\contracts\cvf.py", line 179, in s
    return resolve(n, interp, ctx, evt)
  File "C:\Users\basil\Desktop\Projects\FullStackProjects\CandleViewer\docs\research\xstate\battle-de2da4e\contracts\cvf.py", line 165, in resolve
    raise v
  File "C:\Users\basil\Desktop\Projects\FullStackProjects\_ref\xstate-statemachine\src\xstate_statemachine\interpreter.py", line 3221, in _settle
    produced = await handoff
               ^^^^^^^^^^^^^
  File "C:\Python\Python313\Lib\concurrent\futures\thread.py", line 59, in run
    result = self.fn(*self.args, **self.kwargs)
  File "C:\Users\basil\Desktop\Projects\FullStackProjects\CandleViewer\docs\research\xstate\battle-de2da4e\contracts\cvf.py", line 179, in s
    return resolve(n, interp, ctx, evt)
  File "C:\Users\basil\Desktop\Projects\FullStackProjects\CandleViewer\docs\research\xstate\battle-de2da4e\contracts\cvf.py", line 165, in resolve
    raise v
RuntimeError: cx
ERROR:xstate_statemachine.base_interpreter:🔥 Action 'note_cancel_failure' raised while handling event 'error.platform.cx'; skipping remaining actions in this list.
Traceback (most recent call last):
  File "C:\Users\basil\Desktop\Projects\FullStackProjects\_ref\xstate-statemachine\src\xstate_statemachine\base_interpreter.py", line 3542, in _execute_actions
    await self._run_user_action(impl, action_def, event)
  File "C:\Users\basil\Desktop\Projects\FullStackProjects\_ref\xstate-statemachine\src\xstate_statemachine\interpreter.py", line 2261, in _run_user_action
    impl(self, self.context, event, action_def)
    ~~~~^^^^^^^^^^^^^^^^^^^^^^^^^^^^^^^^^^^^^^^
  File "C:\Users\basil\Desktop\Projects\FullStackProjects\CandleViewer\docs\research\xstate\battle-de2da4e\contracts\cvf.py", line 142, in f
    raise RuntimeError("boom:" + n)
RuntimeError: boom:note_cancel_failure
WARNING:xstate_statemachine.base_interpreter:💥 Transition on 'leg.unwinding.cancel_children' failed; rolling back to the pre-transition configuration.
ERROR:xstate_statemachine.interpreter:💥 Service 'cancel_children_svc' (ID: 'cx') failed: cx
Traceback (most recent call last):
  File "C:\Users\basil\Desktop\Projects\FullStackProjects\_ref\xstate-statemachine\src\xstate_statemachine\interpreter.py", line 3221, in _settle
    produced = await handoff
               ^^^^^^^^^^^^^
  File "C:\Python\Python313\Lib\concurrent\futures\thread.py", line 59, in run
    result = self.fn(*self.args, **self.kwargs)
  File "C:\Users\basil\Desktop\Projects\FullStackProjects\CandleViewer\docs\research\xstate\battle-de2da4e\contracts\cvf.py", line 179, in s
    return resolve(n, interp, ctx, evt)
  File "C:\Users\basil\Desktop\Projects\FullStackProjects\CandleViewer\docs\research\xstate\battle-de2da4e\contracts\cvf.py", line 165, in resolve
    raise v
  File "C:\Users\basil\Desktop\Projects\FullStackProjects\_ref\xstate-statemachine\src\xstate_statemachine\interpreter.py", line 3221, in _settle
    produced = await handoff
               ^^^^^^^^^^^^^
  File "C:\Python\Python313\Lib\concurrent\futures\thread.py", line 59, in run
    result = self.fn(*self.args, **self.kwargs)
  File "C:\Users\basil\Desktop\Projects\FullStackProjects\CandleViewer\docs\research\xstate\battle-de2da4e\contracts\cvf.py", line 179, in s
    return resolve(n, interp, ctx, evt)
  File "C:\Users\basil\Desktop\Projects\FullStackProjects\CandleViewer\docs\research\xstate\battle-de2da4e\contracts\cvf.py", line 165, in resolve
    raise v
  File "C:\Users\basil\Desktop\Projects\FullStackProjects\_ref\xstate-statemachine\src\xstate_statemachine\interpreter.py", line 3221, in _settle
    produced = await handoff
               ^^^^^^^^^^^^^
  File "C:\Python\Python313\Lib\concurrent\futures\thread.py", line 59, in run
    result = self.fn(*self.args, **self.kwargs)
  File "C:\Users\basil\Desktop\Projects\FullStackProjects\CandleViewer\docs\research\xstate\battle-de2da4e\contracts\cvf.py", line 179, in s
    return resolve(n, interp, ctx, evt)
  File "C:\Users\basil\Desktop\Projects\FullStackProjects\CandleViewer\docs\research\xstate\battle-de2da4e\contracts\cvf.py", line 165, in resolve
    raise v
  File "C:\Users\basil\Desktop\Projects\FullStackProjects\_ref\xstate-statemachine\src\xstate_statemachine\interpreter.py", line 3221, in _settle
    produced = await handoff
               ^^^^^^^^^^^^^
  File "C:\Python\Python313\Lib\concurrent\futures\thread.py", line 59, in run
    result = self.fn(*self.args, **self.kwargs)
  File "C:\Users\basil\Desktop\Projects\FullStackProjects\CandleViewer\docs\research\xstate\battle-de2da4e\contracts\cvf.py", line 179, in s
    return resolve(n, interp, ctx, evt)
  File "C:\Users\basil\Desktop\Projects\FullStackProjects\CandleViewer\docs\research\xstate\battle-de2da4e\contracts\cvf.py", line 165, in resolve
    raise v
  File "C:\Users\basil\Desktop\Projects\FullStackProjects\_ref\xstate-statemachine\src\xstate_statemachine\interpreter.py", line 3221, in _settle
    produced = await handoff
               ^^^^^^^^^^^^^
  File "C:\Python\Python313\Lib\concurrent\futures\thread.py", line 59, in run
    result = self.fn(*self.args, **self.kwargs)
  File "C:\Users\basil\Desktop\Projects\FullStackProjects\CandleViewer\docs\research\xstate\battle-de2da4e\contracts\cvf.py", line 179, in s
    return resolve(n, interp, ctx, evt)
  File "C:\Users\basil\Desktop\Projects\FullStackProjects\CandleViewer\docs\research\xstate\battle-de2da4e\contracts\cvf.py", line 165, in resolve
    raise v
  File "C:\Users\basil\Desktop\Projects\FullStackProjects\_ref\xstate-statemachine\src\xstate_statemachine\interpreter.py", line 3221, in _settle
    produced = await handoff
               ^^^^^^^^^^^^^
  File "C:\Python\Python313\Lib\concurrent\futures\thread.py", line 59, in run
    result = self.fn(*self.args, **self.kwargs)
  File "C:\Users\basil\Desktop\Projects\FullStackProjects\CandleViewer\docs\research\xstate\battle-de2da4e\contracts\cvf.py", line 179, in s
    return resolve(n, interp, ctx, evt)
  File "C:\Users\basil\Desktop\Projects\FullStackProjects\CandleViewer\docs\research\xstate\battle-de2da4e\contracts\cvf.py", line 165, in resolve
    raise v
  File "C:\Users\basil\Desktop\Projects\FullStackProjects\_ref\xstate-statemachine\src\xstate_statemachine\interpreter.py", line 3221, in _settle
    produced = await handoff
               ^^^^^^^^^^^^^
  File "C:\Python\Python313\Lib\concurrent\futures\thread.py", line 59, in run
    result = self.fn(*self.args, **self.kwargs)
  File "C:\Users\basil\Desktop\Projects\FullStackProjects\CandleViewer\docs\research\xstate\battle-de2da4e\contracts\cvf.py", line 179, in s
    return resolve(n, interp, ctx, evt)
  File "C:\Users\basil\Desktop\Projects\FullStackProjects\CandleViewer\docs\research\xstate\battle-de2da4e\contracts\cvf.py", line 165, in resolve
    raise v
  File "C:\Users\basil\Desktop\Projects\FullStackProjects\_ref\xstate-statemachine\src\xstate_statemachine\interpreter.py", line 3221, in _settle
    produced = await handoff
               ^^^^^^^^^^^^^
  File "C:\Python\Python313\Lib\concurrent\futures\thread.py", line 59, in run
    result = self.fn(*self.args, **self.kwargs)
  File "C:\Users\basil\Desktop\Projects\FullStackProjects\CandleViewer\docs\research\xstate\battle-de2da4e\contracts\cvf.py", line 179, in s
    return resolve(n, interp, ctx, evt)
  File "C:\Users\basil\Desktop\Projects\FullStackProjects\CandleViewer\docs\research\xstate\battle-de2da4e\contracts\cvf.py", line 165, in resolve
    raise v
  File "C:\Users\basil\Desktop\Projects\FullStackProjects\_ref\xstate-statemachine\src\xstate_statemachine\interpreter.py", line 3221, in _settle
    produced = await handoff
               ^^^^^^^^^^^^^
  File "C:\Python\Python313\Lib\concurrent\futures\thread.py", line 59, in run
    result = self.fn(*self.args, **self.kwargs)
  File "C:\Users\basil\Desktop\Projects\FullStackProjects\CandleViewer\docs\research\xstate\battle-de2da4e\contracts\cvf.py", line 179, in s
    return resolve(n, interp, ctx, evt)
  File "C:\Users\basil\Desktop\Projects\FullStackProjects\CandleViewer\docs\research\xstate\battle-de2da4e\contracts\cvf.py", line 165, in resolve
    raise v
  File "C:\Users\basil\Desktop\Projects\FullStackProjects\_ref\xstate-statemachine\src\xstate_statemachine\interpreter.py", line 3221, in _settle
    produced = await handoff
               ^^^^^^^^^^^^^
  File "C:\Python\Python313\Lib\concurrent\futures\thread.py", line 59, in run
    result = self.fn(*self.args, **self.kwargs)
  File "C:\Users\basil\Desktop\Projects\FullStackProjects\CandleViewer\docs\research\xstate\battle-de2da4e\contracts\cvf.py", line 179, in s
    return resolve(n, interp, ctx, evt)
  File "C:\Users\basil\Desktop\Projects\FullStackProjects\CandleViewer\docs\research\xstate\battle-de2da4e\contracts\cvf.py", line 165, in resolve
    raise v
  File "C:\Users\basil\Desktop\Projects\FullStackProjects\_ref\xstate-statemachine\src\xstate_statemachine\interpreter.py", line 3221, in _settle
    produced = await handoff
               ^^^^^^^^^^^^^
  File "C:\Python\Python313\Lib\concurrent\futures\thread.py", line 59, in run
    result = self.fn(*self.args, **self.kwargs)
  File "C:\Users\basil\Desktop\Projects\FullStackProjects\CandleViewer\docs\research\xstate\battle-de2da4e\contracts\cvf.py", line 179, in s
    return resolve(n, interp, ctx, evt)
  File "C:\Users\basil\Desktop\Projects\FullStackProjects\CandleViewer\docs\research\xstate\battle-de2da4e\contracts\cvf.py", line 165, in resolve
    raise v
  File "C:\Users\basil\Desktop\Projects\FullStackProjects\_ref\xstate-statemachine\src\xstate_statemachine\interpreter.py", line 3221, in _settle
    produced = await handoff
               ^^^^^^^^^^^^^
  File "C:\Python\Python313\Lib\concurrent\futures\thread.py", line 59, in run
    result = self.fn(*self.args, **self.kwargs)
  File "C:\Users\basil\Desktop\Projects\FullStackProjects\CandleViewer\docs\research\xstate\battle-de2da4e\contracts\cvf.py", line 179, in s
    return resolve(n, interp, ctx, evt)
  File "C:\Users\basil\Desktop\Projects\FullStackProjects\CandleViewer\docs\research\xstate\battle-de2da4e\contracts\cvf.py", line 165, in resolve
    raise v
  File "C:\Users\basil\Desktop\Projects\FullStackProjects\_ref\xstate-statemachine\src\xstate_statemachine\interpreter.py", line 3221, in _settle
    produced = await handoff
               ^^^^^^^^^^^^^
  File "C:\Python\Python313\Lib\concurrent\futures\thread.py", line 59, in run
    result = self.fn(*self.args, **self.kwargs)
  File "C:\Users\basil\Desktop\Projects\FullStackProjects\CandleViewer\docs\research\xstate\battle-de2da4e\contracts\cvf.py", line 179, in s
    return resolve(n, interp, ctx, evt)
  File "C:\Users\basil\Desktop\Projects\FullStackProjects\CandleViewer\docs\research\xstate\battle-de2da4e\contracts\cvf.py", line 165, in resolve
    raise v
RuntimeError: cx
ERROR:xstate_statemachine.base_interpreter:🔥 Action 'note_cancel_failure' raised while handling event 'error.platform.cx'; skipping remaining actions in this list.
Traceback (most recent call last):
  File "C:\Users\basil\Desktop\Projects\FullStackProjects\_ref\xstate-statemachine\src\xstate_statemachine\base_interpreter.py", line 3542, in _execute_actions
    await self._run_user_action(impl, action_def, event)
  File "C:\Users\basil\Desktop\Projects\FullStackProjects\_ref\xstate-statemachine\src\xstate_statemachine\interpreter.py", line 2261, in _run_user_action
    impl(self, self.context, event, action_def)
    ~~~~^^^^^^^^^^^^^^^^^^^^^^^^^^^^^^^^^^^^^^^
  File "C:\Users\basil\Desktop\Projects\FullStackProjects\CandleViewer\docs\research\xstate\battle-de2da4e\contracts\cvf.py", line 142, in f
    raise RuntimeError("boom:" + n)
RuntimeError: boom:note_cancel_failure
WARNING:xstate_statemachine.base_interpreter:💥 Transition on 'leg.unwinding.cancel_children' failed; rolling back to the pre-transition configuration.
ERROR:xstate_statemachine.interpreter:💥 Service 'cancel_children_svc' (ID: 'cx') failed: cx
Traceback (most recent call last):
  File "C:\Users\basil\Desktop\Projects\FullStackProjects\_ref\xstate-statemachine\src\xstate_statemachine\interpreter.py", line 3221, in _settle
    produced = await handoff
               ^^^^^^^^^^^^^
  File "C:\Python\Python313\Lib\concurrent\futures\thread.py", line 59, in run
    result = self.fn(*self.args, **self.kwargs)
  File "C:\Users\basil\Desktop\Projects\FullStackProjects\CandleViewer\docs\research\xstate\battle-de2da4e\contracts\cvf.py", line 179, in s
    return resolve(n, interp, ctx, evt)
  File "C:\Users\basil\Desktop\Projects\FullStackProjects\CandleViewer\docs\research\xstate\battle-de2da4e\contracts\cvf.py", line 165, in resolve
    raise v
  File "C:\Users\basil\Desktop\Projects\FullStackProjects\_ref\xstate-statemachine\src\xstate_statemachine\interpreter.py", line 3221, in _settle
    produced = await handoff
               ^^^^^^^^^^^^^
  File "C:\Python\Python313\Lib\concurrent\futures\thread.py", line 59, in run
    result = self.fn(*self.args, **self.kwargs)
  File "C:\Users\basil\Desktop\Projects\FullStackProjects\CandleViewer\docs\research\xstate\battle-de2da4e\contracts\cvf.py", line 179, in s
    return resolve(n, interp, ctx, evt)
  File "C:\Users\basil\Desktop\Projects\FullStackProjects\CandleViewer\docs\research\xstate\battle-de2da4e\contracts\cvf.py", line 165, in resolve
    raise v
  File "C:\Users\basil\Desktop\Projects\FullStackProjects\_ref\xstate-statemachine\src\xstate_statemachine\interpreter.py", line 3221, in _settle
    produced = await handoff
               ^^^^^^^^^^^^^
  File "C:\Python\Python313\Lib\concurrent\futures\thread.py", line 59, in run
    result = self.fn(*self.args, **self.kwargs)
  File "C:\Users\basil\Desktop\Projects\FullStackProjects\CandleViewer\docs\research\xstate\battle-de2da4e\contracts\cvf.py", line 179, in s
    return resolve(n, interp, ctx, evt)
  File "C:\Users\basil\Desktop\Projects\FullStackProjects\CandleViewer\docs\research\xstate\battle-de2da4e\contracts\cvf.py", line 165, in resolve
    raise v
  File "C:\Users\basil\Desktop\Projects\FullStackProjects\_ref\xstate-statemachine\src\xstate_statemachine\interpreter.py", line 3221, in _settle
    produced = await handoff
               ^^^^^^^^^^^^^
  File "C:\Python\Python313\Lib\concurrent\futures\thread.py", line 59, in run
    result = self.fn(*self.args, **self.kwargs)
  File "C:\Users\basil\Desktop\Projects\FullStackProjects\CandleViewer\docs\research\xstate\battle-de2da4e\contracts\cvf.py", line 179, in s
    return resolve(n, interp, ctx, evt)
  File "C:\Users\basil\Desktop\Projects\FullStackProjects\CandleViewer\docs\research\xstate\battle-de2da4e\contracts\cvf.py", line 165, in resolve
    raise v
  File "C:\Users\basil\Desktop\Projects\FullStackProjects\_ref\xstate-statemachine\src\xstate_statemachine\interpreter.py", line 3221, in _settle
    produced = await handoff
               ^^^^^^^^^^^^^
  File "C:\Python\Python313\Lib\concurrent\futures\thread.py", line 59, in run
    result = self.fn(*self.args, **self.kwargs)
  File "C:\Users\basil\Desktop\Projects\FullStackProjects\CandleViewer\docs\research\xstate\battle-de2da4e\contracts\cvf.py", line 179, in s
    return resolve(n, interp, ctx, evt)
  File "C:\Users\basil\Desktop\Projects\FullStackProjects\CandleViewer\docs\research\xstate\battle-de2da4e\contracts\cvf.py", line 165, in resolve
    raise v
  File "C:\Users\basil\Desktop\Projects\FullStackProjects\_ref\xstate-statemachine\src\xstate_statemachine\interpreter.py", line 3221, in _settle
    produced = await handoff
               ^^^^^^^^^^^^^
  File "C:\Python\Python313\Lib\concurrent\futures\thread.py", line 59, in run
    result = self.fn(*self.args, **self.kwargs)
  File "C:\Users\basil\Desktop\Projects\FullStackProjects\CandleViewer\docs\research\xstate\battle-de2da4e\contracts\cvf.py", line 179, in s
    return resolve(n, interp, ctx, evt)
  File "C:\Users\basil\Desktop\Projects\FullStackProjects\CandleViewer\docs\research\xstate\battle-de2da4e\contracts\cvf.py", line 165, in resolve
    raise v
  File "C:\Users\basil\Desktop\Projects\FullStackProjects\_ref\xstate-statemachine\src\xstate_statemachine\interpreter.py", line 3221, in _settle
    produced = await handoff
               ^^^^^^^^^^^^^
  File "C:\Python\Python313\Lib\concurrent\futures\thread.py", line 59, in run
    result = self.fn(*self.args, **self.kwargs)
  File "C:\Users\basil\Desktop\Projects\FullStackProjects\CandleViewer\docs\research\xstate\battle-de2da4e\contracts\cvf.py", line 179, in s
    return resolve(n, interp, ctx, evt)
  File "C:\Users\basil\Desktop\Projects\FullStackProjects\CandleViewer\docs\research\xstate\battle-de2da4e\contracts\cvf.py", line 165, in resolve
    raise v
  File "C:\Users\basil\Desktop\Projects\FullStackProjects\_ref\xstate-statemachine\src\xstate_statemachine\interpreter.py", line 3221, in _settle
    produced = await handoff
               ^^^^^^^^^^^^^
  File "C:\Python\Python313\Lib\concurrent\futures\thread.py", line 59, in run
    result = self.fn(*self.args, **self.kwargs)
  File "C:\Users\basil\Desktop\Projects\FullStackProjects\CandleViewer\docs\research\xstate\battle-de2da4e\contracts\cvf.py", line 179, in s
    return resolve(n, interp, ctx, evt)
  File "C:\Users\basil\Desktop\Projects\FullStackProjects\CandleViewer\docs\research\xstate\battle-de2da4e\contracts\cvf.py", line 165, in resolve
    raise v
  File "C:\Users\basil\Desktop\Projects\FullStackProjects\_ref\xstate-statemachine\src\xstate_statemachine\interpreter.py", line 3221, in _settle
    produced = await handoff
               ^^^^^^^^^^^^^
  File "C:\Python\Python313\Lib\concurrent\futures\thread.py", line 59, in run
    result = self.fn(*self.args, **self.kwargs)
  File "C:\Users\basil\Desktop\Projects\FullStackProjects\CandleViewer\docs\research\xstate\battle-de2da4e\contracts\cvf.py", line 179, in s
    return resolve(n, interp, ctx, evt)
  File "C:\Users\basil\Desktop\Projects\FullStackProjects\CandleViewer\docs\research\xstate\battle-de2da4e\contracts\cvf.py", line 165, in resolve
    raise v
  File "C:\Users\basil\Desktop\Projects\FullStackProjects\_ref\xstate-statemachine\src\xstate_statemachine\interpreter.py", line 3221, in _settle
    produced = await handoff
               ^^^^^^^^^^^^^
  File "C:\Python\Python313\Lib\concurrent\futures\thread.py", line 59, in run
    result = self.fn(*self.args, **self.kwargs)
  File "C:\Users\basil\Desktop\Projects\FullStackProjects\CandleViewer\docs\research\xstate\battle-de2da4e\contracts\cvf.py", line 179, in s
    return resolve(n, interp, ctx, evt)
  File "C:\Users\basil\Desktop\Projects\FullStackProjects\CandleViewer\docs\research\xstate\battle-de2da4e\contracts\cvf.py", line 165, in resolve
    raise v
  File "C:\Users\basil\Desktop\Projects\FullStackProjects\_ref\xstate-statemachine\src\xstate_statemachine\interpreter.py", line 3221, in _settle
    produced = await handoff
               ^^^^^^^^^^^^^
  File "C:\Python\Python313\Lib\concurrent\futures\thread.py", line 59, in run
    result = self.fn(*self.args, **self.kwargs)
  File "C:\Users\basil\Desktop\Projects\FullStackProjects\CandleViewer\docs\research\xstate\battle-de2da4e\contracts\cvf.py", line 179, in s
    return resolve(n, interp, ctx, evt)
  File "C:\Users\basil\Desktop\Projects\FullStackProjects\CandleViewer\docs\research\xstate\battle-de2da4e\contracts\cvf.py", line 165, in resolve
    raise v
  File "C:\Users\basil\Desktop\Projects\FullStackProjects\_ref\xstate-statemachine\src\xstate_statemachine\interpreter.py", line 3221, in _settle
    produced = await handoff
               ^^^^^^^^^^^^^
  File "C:\Python\Python313\Lib\concurrent\futures\thread.py", line 59, in run
    result = self.fn(*self.args, **self.kwargs)
  File "C:\Users\basil\Desktop\Projects\FullStackProjects\CandleViewer\docs\research\xstate\battle-de2da4e\contracts\cvf.py", line 179, in s
    return resolve(n, interp, ctx, evt)
  File "C:\Users\basil\Desktop\Projects\FullStackProjects\CandleViewer\docs\research\xstate\battle-de2da4e\contracts\cvf.py", line 165, in resolve
    raise v
  File "C:\Users\basil\Desktop\Projects\FullStackProjects\_ref\xstate-statemachine\src\xstate_statemachine\interpreter.py", line 3221, in _settle
    produced = await handoff
               ^^^^^^^^^^^^^
  File "C:\Python\Python313\Lib\concurrent\futures\thread.py", line 59, in run
    result = self.fn(*self.args, **self.kwargs)
  File "C:\Users\basil\Desktop\Projects\FullStackProjects\CandleViewer\docs\research\xstate\battle-de2da4e\contracts\cvf.py", line 179, in s
    return resolve(n, interp, ctx, evt)
  File "C:\Users\basil\Desktop\Projects\FullStackProjects\CandleViewer\docs\research\xstate\battle-de2da4e\contracts\cvf.py", line 165, in resolve
    raise v
  File "C:\Users\basil\Desktop\Projects\FullStackProjects\_ref\xstate-statemachine\src\xstate_statemachine\interpreter.py", line 3221, in _settle
    produced = await handoff
               ^^^^^^^^^^^^^
  File "C:\Python\Python313\Lib\concurrent\futures\thread.py", line 59, in run
    result = self.fn(*self.args, **self.kwargs)
  File "C:\Users\basil\Desktop\Projects\FullStackProjects\CandleViewer\docs\research\xstate\battle-de2da4e\contracts\cvf.py", line 179, in s
    return resolve(n, interp, ctx, evt)
  File "C:\Users\basil\Desktop\Projects\FullStackProjects\CandleViewer\docs\research\xstate\battle-de2da4e\contracts\cvf.py", line 165, in resolve
    raise v
RuntimeError: cx
ERROR:xstate_statemachine.base_interpreter:🔥 Action 'note_cancel_failure' raised while handling event 'error.platform.cx'; skipping remaining actions in this list.
Traceback (most recent call last):
  File "C:\Users\basil\Desktop\Projects\FullStackProjects\_ref\xstate-statemachine\src\xstate_statemachine\base_interpreter.py", line 3542, in _execute_actions
    await self._run_user_action(impl, action_def, event)
  File "C:\Users\basil\Desktop\Projects\FullStackProjects\_ref\xstate-statemachine\src\xstate_statemachine\interpreter.py", line 2261, in _run_user_action
    impl(self, self.context, event, action_def)
    ~~~~^^^^^^^^^^^^^^^^^^^^^^^^^^^^^^^^^^^^^^^
  File "C:\Users\basil\Desktop\Projects\FullStackProjects\CandleViewer\docs\research\xstate\battle-de2da4e\contracts\cvf.py", line 142, in f
    raise RuntimeError("boom:" + n)
RuntimeError: boom:note_cancel_failure
WARNING:xstate_statemachine.base_interpreter:💥 Transition on 'leg.unwinding.cancel_children' failed; rolling back to the pre-transition configuration.
ERROR:xstate_statemachine.interpreter:💥 Service 'cancel_children_svc' (ID: 'cx') failed: cx
Traceback (most recent call last):
  File "C:\Users\basil\Desktop\Projects\FullStackProjects\_ref\xstate-statemachine\src\xstate_statemachine\interpreter.py", line 3221, in _settle
    produced = await handoff
               ^^^^^^^^^^^^^
  File "C:\Python\Python313\Lib\concurrent\futures\thread.py", line 59, in run
    result = self.fn(*self.args, **self.kwargs)
  File "C:\Users\basil\Desktop\Projects\FullStackProjects\CandleViewer\docs\research\xstate\battle-de2da4e\contracts\cvf.py", line 179, in s
    return resolve(n, interp, ctx, evt)
  File "C:\Users\basil\Desktop\Projects\FullStackProjects\CandleViewer\docs\research\xstate\battle-de2da4e\contracts\cvf.py", line 165, in resolve
    raise v
  File "C:\Users\basil\Desktop\Projects\FullStackProjects\_ref\xstate-statemachine\src\xstate_statemachine\interpreter.py", line 3221, in _settle
    produced = await handoff
               ^^^^^^^^^^^^^
  File "C:\Python\Python313\Lib\concurrent\futures\thread.py", line 59, in run
    result = self.fn(*self.args, **self.kwargs)
  File "C:\Users\basil\Desktop\Projects\FullStackProjects\CandleViewer\docs\research\xstate\battle-de2da4e\contracts\cvf.py", line 179, in s
    return resolve(n, interp, ctx, evt)
  File "C:\Users\basil\Desktop\Projects\FullStackProjects\CandleViewer\docs\research\xstate\battle-de2da4e\contracts\cvf.py", line 165, in resolve
    raise v
  File "C:\Users\basil\Desktop\Projects\FullStackProjects\_ref\xstate-statemachine\src\xstate_statemachine\interpreter.py", line 3221, in _settle
    produced = await handoff
               ^^^^^^^^^^^^^
  File "C:\Python\Python313\Lib\concurrent\futures\thread.py", line 59, in run
    result = self.fn(*self.args, **self.kwargs)
  File "C:\Users\basil\Desktop\Projects\FullStackProjects\CandleViewer\docs\research\xstate\battle-de2da4e\contracts\cvf.py", line 179, in s
    return resolve(n, interp, ctx, evt)
  File "C:\Users\basil\Desktop\Projects\FullStackProjects\CandleViewer\docs\research\xstate\battle-de2da4e\contracts\cvf.py", line 165, in resolve
    raise v
  File "C:\Users\basil\Desktop\Projects\FullStackProjects\_ref\xstate-statemachine\src\xstate_statemachine\interpreter.py", line 3221, in _settle
    produced = await handoff
               ^^^^^^^^^^^^^
  File "C:\Python\Python313\Lib\concurrent\futures\thread.py", line 59, in run
    result = self.fn(*self.args, **self.kwargs)
  File "C:\Users\basil\Desktop\Projects\FullStackProjects\CandleViewer\docs\research\xstate\battle-de2da4e\contracts\cvf.py", line 179, in s
    return resolve(n, interp, ctx, evt)
  File "C:\Users\basil\Desktop\Projects\FullStackProjects\CandleViewer\docs\research\xstate\battle-de2da4e\contracts\cvf.py", line 165, in resolve
    raise v
  File "C:\Users\basil\Desktop\Projects\FullStackProjects\_ref\xstate-statemachine\src\xstate_statemachine\interpreter.py", line 3221, in _settle
    produced = await handoff
               ^^^^^^^^^^^^^
  File "C:\Python\Python313\Lib\concurrent\futures\thread.py", line 59, in run
    result = self.fn(*self.args, **self.kwargs)
  File "C:\Users\basil\Desktop\Projects\FullStackProjects\CandleViewer\docs\research\xstate\battle-de2da4e\contracts\cvf.py", line 179, in s
    return resolve(n, interp, ctx, evt)
  File "C:\Users\basil\Desktop\Projects\FullStackProjects\CandleViewer\docs\research\xstate\battle-de2da4e\contracts\cvf.py", line 165, in resolve
    raise v
  File "C:\Users\basil\Desktop\Projects\FullStackProjects\_ref\xstate-statemachine\src\xstate_statemachine\interpreter.py", line 3221, in _settle
    produced = await handoff
               ^^^^^^^^^^^^^
  File "C:\Python\Python313\Lib\concurrent\futures\thread.py", line 59, in run
    result = self.fn(*self.args, **self.kwargs)
  File "C:\Users\basil\Desktop\Projects\FullStackProjects\CandleViewer\docs\research\xstate\battle-de2da4e\contracts\cvf.py", line 179, in s
    return resolve(n, interp, ctx, evt)
  File "C:\Users\basil\Desktop\Projects\FullStackProjects\CandleViewer\docs\research\xstate\battle-de2da4e\contracts\cvf.py", line 165, in resolve
    raise v
  File "C:\Users\basil\Desktop\Projects\FullStackProjects\_ref\xstate-statemachine\src\xstate_statemachine\interpreter.py", line 3221, in _settle
    produced = await handoff
               ^^^^^^^^^^^^^
  File "C:\Python\Python313\Lib\concurrent\futures\thread.py", line 59, in run
    result = self.fn(*self.args, **self.kwargs)
  File "C:\Users\basil\Desktop\Projects\FullStackProjects\CandleViewer\docs\research\xstate\battle-de2da4e\contracts\cvf.py", line 179, in s
    return resolve(n, interp, ctx, evt)
  File "C:\Users\basil\Desktop\Projects\FullStackProjects\CandleViewer\docs\research\xstate\battle-de2da4e\contracts\cvf.py", line 165, in resolve
    raise v
  File "C:\Users\basil\Desktop\Projects\FullStackProjects\_ref\xstate-statemachine\src\xstate_statemachine\interpreter.py", line 3221, in _settle
    produced = await handoff
               ^^^^^^^^^^^^^
  File "C:\Python\Python313\Lib\concurrent\futures\thread.py", line 59, in run
    result = self.fn(*self.args, **self.kwargs)
  File "C:\Users\basil\Desktop\Projects\FullStackProjects\CandleViewer\docs\research\xstate\battle-de2da4e\contracts\cvf.py", line 179, in s
    return resolve(n, interp, ctx, evt)
  File "C:\Users\basil\Desktop\Projects\FullStackProjects\CandleViewer\docs\research\xstate\battle-de2da4e\contracts\cvf.py", line 165, in resolve
    raise v
  File "C:\Users\basil\Desktop\Projects\FullStackProjects\_ref\xstate-statemachine\src\xstate_statemachine\interpreter.py", line 3221, in _settle
    produced = await handoff
               ^^^^^^^^^^^^^
  File "C:\Python\Python313\Lib\concurrent\futures\thread.py", line 59, in run
    result = self.fn(*self.args, **self.kwargs)
  File "C:\Users\basil\Desktop\Projects\FullStackProjects\CandleViewer\docs\research\xstate\battle-de2da4e\contracts\cvf.py", line 179, in s
    return resolve(n, interp, ctx, evt)
  File "C:\Users\basil\Desktop\Projects\FullStackProjects\CandleViewer\docs\research\xstate\battle-de2da4e\contracts\cvf.py", line 165, in resolve
    raise v
  File "C:\Users\basil\Desktop\Projects\FullStackProjects\_ref\xstate-statemachine\src\xstate_statemachine\interpreter.py", line 3221, in _settle
    produced = await handoff
               ^^^^^^^^^^^^^
  File "C:\Python\Python313\Lib\concurrent\futures\thread.py", line 59, in run
    result = self.fn(*self.args, **self.kwargs)
  File "C:\Users\basil\Desktop\Projects\FullStackProjects\CandleViewer\docs\research\xstate\battle-de2da4e\contracts\cvf.py", line 179, in s
    return resolve(n, interp, ctx, evt)
  File "C:\Users\basil\Desktop\Projects\FullStackProjects\CandleViewer\docs\research\xstate\battle-de2da4e\contracts\cvf.py", line 165, in resolve
    raise v
  File "C:\Users\basil\Desktop\Projects\FullStackProjects\_ref\xstate-statemachine\src\xstate_statemachine\interpreter.py", line 3221, in _settle
    produced = await handoff
               ^^^^^^^^^^^^^
  File "C:\Python\Python313\Lib\concurrent\futures\thread.py", line 59, in run
    result = self.fn(*self.args, **self.kwargs)
  File "C:\Users\basil\Desktop\Projects\FullStackProjects\CandleViewer\docs\research\xstate\battle-de2da4e\contracts\cvf.py", line 179, in s
    return resolve(n, interp, ctx, evt)
  File "C:\Users\basil\Desktop\Projects\FullStackProjects\CandleViewer\docs\research\xstate\battle-de2da4e\contracts\cvf.py", line 165, in resolve
    raise v
  File "C:\Users\basil\Desktop\Projects\FullStackProjects\_ref\xstate-statemachine\src\xstate_statemachine\interpreter.py", line 3221, in _settle
    produced = await handoff
               ^^^^^^^^^^^^^
  File "C:\Python\Python313\Lib\concurrent\futures\thread.py", line 59, in run
    result = self.fn(*self.args, **self.kwargs)
  File "C:\Users\basil\Desktop\Projects\FullStackProjects\CandleViewer\docs\research\xstate\battle-de2da4e\contracts\cvf.py", line 179, in s
    return resolve(n, interp, ctx, evt)
  File "C:\Users\basil\Desktop\Projects\FullStackProjects\CandleViewer\docs\research\xstate\battle-de2da4e\contracts\cvf.py", line 165, in resolve
    raise v
  File "C:\Users\basil\Desktop\Projects\FullStackProjects\_ref\xstate-statemachine\src\xstate_statemachine\interpreter.py", line 3221, in _settle
    produced = await handoff
               ^^^^^^^^^^^^^
  File "C:\Python\Python313\Lib\concurrent\futures\thread.py", line 59, in run
    result = self.fn(*self.args, **self.kwargs)
  File "C:\Users\basil\Desktop\Projects\FullStackProjects\CandleViewer\docs\research\xstate\battle-de2da4e\contracts\cvf.py", line 179, in s
    return resolve(n, interp, ctx, evt)
  File "C:\Users\basil\Desktop\Projects\FullStackProjects\CandleViewer\docs\research\xstate\battle-de2da4e\contracts\cvf.py", line 165, in resolve
    raise v
  File "C:\Users\basil\Desktop\Projects\FullStackProjects\_ref\xstate-statemachine\src\xstate_statemachine\interpreter.py", line 3221, in _settle
    produced = await handoff
               ^^^^^^^^^^^^^
  File "C:\Python\Python313\Lib\concurrent\futures\thread.py", line 59, in run
    result = self.fn(*self.args, **self.kwargs)
  File "C:\Users\basil\Desktop\Projects\FullStackProjects\CandleViewer\docs\research\xstate\battle-de2da4e\contracts\cvf.py", line 179, in s
    return resolve(n, interp, ctx, evt)
  File "C:\Users\basil\Desktop\Projects\FullStackProjects\CandleViewer\docs\research\xstate\battle-de2da4e\contracts\cvf.py", line 165, in resolve
    raise v
  File "C:\Users\basil\Desktop\Projects\FullStackProjects\_ref\xstate-statemachine\src\xstate_statemachine\interpreter.py", line 3221, in _settle
    produced = await handoff
               ^^^^^^^^^^^^^
  File "C:\Python\Python313\Lib\concurrent\futures\thread.py", line 59, in run
    result = self.fn(*self.args, **self.kwargs)
  File "C:\Users\basil\Desktop\Projects\FullStackProjects\CandleViewer\docs\research\xstate\battle-de2da4e\contracts\cvf.py", line 179, in s
    return resolve(n, interp, ctx, evt)
  File "C:\Users\basil\Desktop\Projects\FullStackProjects\CandleViewer\docs\research\xstate\battle-de2da4e\contracts\cvf.py", line 165, in resolve
    raise v
RuntimeError: cx
ERROR:xstate_statemachine.base_interpreter:🔥 Action 'note_cancel_failure' raised while handling event 'error.platform.cx'; skipping remaining actions in this list.
Traceback (most recent call last):
  File "C:\Users\basil\Desktop\Projects\FullStackProjects\_ref\xstate-statemachine\src\xstate_statemachine\base_interpreter.py", line 3542, in _execute_actions
    await self._run_user_action(impl, action_def, event)
  File "C:\Users\basil\Desktop\Projects\FullStackProjects\_ref\xstate-statemachine\src\xstate_statemachine\interpreter.py", line 2261, in _run_user_action
    impl(self, self.context, event, action_def)
    ~~~~^^^^^^^^^^^^^^^^^^^^^^^^^^^^^^^^^^^^^^^
  File "C:\Users\basil\Desktop\Projects\FullStackProjects\CandleViewer\docs\research\xstate\battle-de2da4e\contracts\cvf.py", line 142, in f
    raise RuntimeError("boom:" + n)
RuntimeError: boom:note_cancel_failure
WARNING:xstate_statemachine.base_interpreter:💥 Transition on 'leg.unwinding.cancel_children' failed; rolling back to the pre-transition configuration.
ERROR:xstate_statemachine.interpreter:💥 Service 'cancel_children_svc' (ID: 'cx') failed: cx
Traceback (most recent call last):
  File "C:\Users\basil\Desktop\Projects\FullStackProjects\_ref\xstate-statemachine\src\xstate_statemachine\interpreter.py", line 3221, in _settle
    produced = await handoff
               ^^^^^^^^^^^^^
  File "C:\Python\Python313\Lib\concurrent\futures\thread.py", line 59, in run
    result = self.fn(*self.args, **self.kwargs)
  File "C:\Users\basil\Desktop\Projects\FullStackProjects\CandleViewer\docs\research\xstate\battle-de2da4e\contracts\cvf.py", line 179, in s
    return resolve(n, interp, ctx, evt)
  File "C:\Users\basil\Desktop\Projects\FullStackProjects\CandleViewer\docs\research\xstate\battle-de2da4e\contracts\cvf.py", line 165, in resolve
    raise v
  File "C:\Users\basil\Desktop\Projects\FullStackProjects\_ref\xstate-statemachine\src\xstate_statemachine\interpreter.py", line 3221, in _settle
    produced = await handoff
               ^^^^^^^^^^^^^
  File "C:\Python\Python313\Lib\concurrent\futures\thread.py", line 59, in run
    result = self.fn(*self.args, **self.kwargs)
  File "C:\Users\basil\Desktop\Projects\FullStackProjects\CandleViewer\docs\research\xstate\battle-de2da4e\contracts\cvf.py", line 179, in s
    return resolve(n, interp, ctx, evt)
  File "C:\Users\basil\Desktop\Projects\FullStackProjects\CandleViewer\docs\research\xstate\battle-de2da4e\contracts\cvf.py", line 165, in resolve
    raise v
  File "C:\Users\basil\Desktop\Projects\FullStackProjects\_ref\xstate-statemachine\src\xstate_statemachine\interpreter.py", line 3221, in _settle
    produced = await handoff
               ^^^^^^^^^^^^^
  File "C:\Python\Python313\Lib\concurrent\futures\thread.py", line 59, in run
    result = self.fn(*self.args, **self.kwargs)
  File "C:\Users\basil\Desktop\Projects\FullStackProjects\CandleViewer\docs\research\xstate\battle-de2da4e\contracts\cvf.py", line 179, in s
    return resolve(n, interp, ctx, evt)
  File "C:\Users\basil\Desktop\Projects\FullStackProjects\CandleViewer\docs\research\xstate\battle-de2da4e\contracts\cvf.py", line 165, in resolve
    raise v
  File "C:\Users\basil\Desktop\Projects\FullStackProjects\_ref\xstate-statemachine\src\xstate_statemachine\interpreter.py", line 3221, in _settle
    produced = await handoff
               ^^^^^^^^^^^^^
  File "C:\Python\Python313\Lib\concurrent\futures\thread.py", line 59, in run
    result = self.fn(*self.args, **self.kwargs)
  File "C:\Users\basil\Desktop\Projects\FullStackProjects\CandleViewer\docs\research\xstate\battle-de2da4e\contracts\cvf.py", line 179, in s
    return resolve(n, interp, ctx, evt)
  File "C:\Users\basil\Desktop\Projects\FullStackProjects\CandleViewer\docs\research\xstate\battle-de2da4e\contracts\cvf.py", line 165, in resolve
    raise v
  File "C:\Users\basil\Desktop\Projects\FullStackProjects\_ref\xstate-statemachine\src\xstate_statemachine\interpreter.py", line 3221, in _settle
    produced = await handoff
               ^^^^^^^^^^^^^
  File "C:\Python\Python313\Lib\concurrent\futures\thread.py", line 59, in run
    result = self.fn(*self.args, **self.kwargs)
  File "C:\Users\basil\Desktop\Projects\FullStackProjects\CandleViewer\docs\research\xstate\battle-de2da4e\contracts\cvf.py", line 179, in s
    return resolve(n, interp, ctx, evt)
  File "C:\Users\basil\Desktop\Projects\FullStackProjects\CandleViewer\docs\research\xstate\battle-de2da4e\contracts\cvf.py", line 165, in resolve
    raise v
  File "C:\Users\basil\Desktop\Projects\FullStackProjects\_ref\xstate-statemachine\src\xstate_statemachine\interpreter.py", line 3221, in _settle
    produced = await handoff
               ^^^^^^^^^^^^^
  File "C:\Python\Python313\Lib\concurrent\futures\thread.py", line 59, in run
    result = self.fn(*self.args, **self.kwargs)
  File "C:\Users\basil\Desktop\Projects\FullStackProjects\CandleViewer\docs\research\xstate\battle-de2da4e\contracts\cvf.py", line 179, in s
    return resolve(n, interp, ctx, evt)
  File "C:\Users\basil\Desktop\Projects\FullStackProjects\CandleViewer\docs\research\xstate\battle-de2da4e\contracts\cvf.py", line 165, in resolve
    raise v
  File "C:\Users\basil\Desktop\Projects\FullStackProjects\_ref\xstate-statemachine\src\xstate_statemachine\interpreter.py", line 3221, in _settle
    produced = await handoff
               ^^^^^^^^^^^^^
  File "C:\Python\Python313\Lib\concurrent\futures\thread.py", line 59, in run
    result = self.fn(*self.args, **self.kwargs)
  File "C:\Users\basil\Desktop\Projects\FullStackProjects\CandleViewer\docs\research\xstate\battle-de2da4e\contracts\cvf.py", line 179, in s
    return resolve(n, interp, ctx, evt)
  File "C:\Users\basil\Desktop\Projects\FullStackProjects\CandleViewer\docs\research\xstate\battle-de2da4e\contracts\cvf.py", line 165, in resolve
    raise v
  File "C:\Users\basil\Desktop\Projects\FullStackProjects\_ref\xstate-statemachine\src\xstate_statemachine\interpreter.py", line 3221, in _settle
    produced = await handoff
               ^^^^^^^^^^^^^
  File "C:\Python\Python313\Lib\concurrent\futures\thread.py", line 59, in run
    result = self.fn(*self.args, **self.kwargs)
  File "C:\Users\basil\Desktop\Projects\FullStackProjects\CandleViewer\docs\research\xstate\battle-de2da4e\contracts\cvf.py", line 179, in s
    return resolve(n, interp, ctx, evt)
  File "C:\Users\basil\Desktop\Projects\FullStackProjects\CandleViewer\docs\research\xstate\battle-de2da4e\contracts\cvf.py", line 165, in resolve
    raise v
  File "C:\Users\basil\Desktop\Projects\FullStackProjects\_ref\xstate-statemachine\src\xstate_statemachine\interpreter.py", line 3221, in _settle
    produced = await handoff
               ^^^^^^^^^^^^^
  File "C:\Python\Python313\Lib\concurrent\futures\thread.py", line 59, in run
    result = self.fn(*self.args, **self.kwargs)
  File "C:\Users\basil\Desktop\Projects\FullStackProjects\CandleViewer\docs\research\xstate\battle-de2da4e\contracts\cvf.py", line 179, in s
    return resolve(n, interp, ctx, evt)
  File "C:\Users\basil\Desktop\Projects\FullStackProjects\CandleViewer\docs\research\xstate\battle-de2da4e\contracts\cvf.py", line 165, in resolve
    raise v
  File "C:\Users\basil\Desktop\Projects\FullStackProjects\_ref\xstate-statemachine\src\xstate_statemachine\interpreter.py", line 3221, in _settle
    produced = await handoff
               ^^^^^^^^^^^^^
  File "C:\Python\Python313\Lib\concurrent\futures\thread.py", line 59, in run
    result = self.fn(*self.args, **self.kwargs)
  File "C:\Users\basil\Desktop\Projects\FullStackProjects\CandleViewer\docs\research\xstate\battle-de2da4e\contracts\cvf.py", line 179, in s
    return resolve(n, interp, ctx, evt)
  File "C:\Users\basil\Desktop\Projects\FullStackProjects\CandleViewer\docs\research\xstate\battle-de2da4e\contracts\cvf.py", line 165, in resolve
    raise v
  File "C:\Users\basil\Desktop\Projects\FullStackProjects\_ref\xstate-statemachine\src\xstate_statemachine\interpreter.py", line 3221, in _settle
    produced = await handoff
               ^^^^^^^^^^^^^
  File "C:\Python\Python313\Lib\concurrent\futures\thread.py", line 59, in run
    result = self.fn(*self.args, **self.kwargs)
  File "C:\Users\basil\Desktop\Projects\FullStackProjects\CandleViewer\docs\research\xstate\battle-de2da4e\contracts\cvf.py", line 179, in s
    return resolve(n, interp, ctx, evt)
  File "C:\Users\basil\Desktop\Projects\FullStackProjects\CandleViewer\docs\research\xstate\battle-de2da4e\contracts\cvf.py", line 165, in resolve
    raise v
  File "C:\Users\basil\Desktop\Projects\FullStackProjects\_ref\xstate-statemachine\src\xstate_statemachine\interpreter.py", line 3221, in _settle
    produced = await handoff
               ^^^^^^^^^^^^^
  File "C:\Python\Python313\Lib\concurrent\futures\thread.py", line 59, in run
    result = self.fn(*self.args, **self.kwargs)
  File "C:\Users\basil\Desktop\Projects\FullStackProjects\CandleViewer\docs\research\xstate\battle-de2da4e\contracts\cvf.py", line 179, in s
    return resolve(n, interp, ctx, evt)
  File "C:\Users\basil\Desktop\Projects\FullStackProjects\CandleViewer\docs\research\xstate\battle-de2da4e\contracts\cvf.py", line 165, in resolve
    raise v
  File "C:\Users\basil\Desktop\Projects\FullStackProjects\_ref\xstate-statemachine\src\xstate_statemachine\interpreter.py", line 3221, in _settle
    produced = await handoff
               ^^^^^^^^^^^^^
  File "C:\Python\Python313\Lib\concurrent\futures\thread.py", line 59, in run
    result = self.fn(*self.args, **self.kwargs)
  File "C:\Users\basil\Desktop\Projects\FullStackProjects\CandleViewer\docs\research\xstate\battle-de2da4e\contracts\cvf.py", line 179, in s
    return resolve(n, interp, ctx, evt)
  File "C:\Users\basil\Desktop\Projects\FullStackProjects\CandleViewer\docs\research\xstate\battle-de2da4e\contracts\cvf.py", line 165, in resolve
    raise v
  File "C:\Users\basil\Desktop\Projects\FullStackProjects\_ref\xstate-statemachine\src\xstate_statemachine\interpreter.py", line 3221, in _settle
    produced = await handoff
               ^^^^^^^^^^^^^
  File "C:\Python\Python313\Lib\concurrent\futures\thread.py", line 59, in run
    result = self.fn(*self.args, **self.kwargs)
  File "C:\Users\basil\Desktop\Projects\FullStackProjects\CandleViewer\docs\research\xstate\battle-de2da4e\contracts\cvf.py", line 179, in s
    return resolve(n, interp, ctx, evt)
  File "C:\Users\basil\Desktop\Projects\FullStackProjects\CandleViewer\docs\research\xstate\battle-de2da4e\contracts\cvf.py", line 165, in resolve
    raise v
  File "C:\Users\basil\Desktop\Projects\FullStackProjects\_ref\xstate-statemachine\src\xstate_statemachine\interpreter.py", line 3221, in _settle
    produced = await handoff
               ^^^^^^^^^^^^^
  File "C:\Python\Python313\Lib\concurrent\futures\thread.py", line 59, in run
    result = self.fn(*self.args, **self.kwargs)
  File "C:\Users\basil\Desktop\Projects\FullStackProjects\CandleViewer\docs\research\xstate\battle-de2da4e\contracts\cvf.py", line 179, in s
    return resolve(n, interp, ctx, evt)
  File "C:\Users\basil\Desktop\Projects\FullStackProjects\CandleViewer\docs\research\xstate\battle-de2da4e\contracts\cvf.py", line 165, in resolve
    raise v
  File "C:\Users\basil\Desktop\Projects\FullStackProjects\_ref\xstate-statemachine\src\xstate_statemachine\interpreter.py", line 3221, in _settle
    produced = await handoff
               ^^^^^^^^^^^^^
  File "C:\Python\Python313\Lib\concurrent\futures\thread.py", line 59, in run
    result = self.fn(*self.args, **self.kwargs)
  File "C:\Users\basil\Desktop\Projects\FullStackProjects\CandleViewer\docs\research\xstate\battle-de2da4e\contracts\cvf.py", line 179, in s
    return resolve(n, interp, ctx, evt)
  File "C:\Users\basil\Desktop\Projects\FullStackProjects\CandleViewer\docs\research\xstate\battle-de2da4e\contracts\cvf.py", line 165, in resolve
    raise v
RuntimeError: cx
ERROR:xstate_statemachine.base_interpreter:🔥 Action 'note_cancel_failure' raised while handling event 'error.platform.cx'; skipping remaining actions in this list.
Traceback (most recent call last):
  File "C:\Users\basil\Desktop\Projects\FullStackProjects\_ref\xstate-statemachine\src\xstate_statemachine\base_interpreter.py", line 3542, in _execute_actions
    await self._run_user_action(impl, action_def, event)
  File "C:\Users\basil\Desktop\Projects\FullStackProjects\_ref\xstate-statemachine\src\xstate_statemachine\interpreter.py", line 2261, in _run_user_action
    impl(self, self.context, event, action_def)
    ~~~~^^^^^^^^^^^^^^^^^^^^^^^^^^^^^^^^^^^^^^^
  File "C:\Users\basil\Desktop\Projects\FullStackProjects\CandleViewer\docs\research\xstate\battle-de2da4e\contracts\cvf.py", line 142, in f
    raise RuntimeError("boom:" + n)
RuntimeError: boom:note_cancel_failure
WARNING:xstate_statemachine.base_interpreter:💥 Transition on 'leg.unwinding.cancel_children' failed; rolling back to the pre-transition configuration.
ERROR:xstate_statemachine.interpreter:💥 Service 'cancel_children_svc' (ID: 'cx') failed: cx
Traceback (most recent call last):
  File "C:\Users\basil\Desktop\Projects\FullStackProjects\_ref\xstate-statemachine\src\xstate_statemachine\interpreter.py", line 3221, in _settle
    produced = await handoff
               ^^^^^^^^^^^^^
  File "C:\Python\Python313\Lib\concurrent\futures\thread.py", line 59, in run
    result = self.fn(*self.args, **self.kwargs)
  File "C:\Users\basil\Desktop\Projects\FullStackProjects\CandleViewer\docs\research\xstate\battle-de2da4e\contracts\cvf.py", line 179, in s
    return resolve(n, interp, ctx, evt)
  File "C:\Users\basil\Desktop\Projects\FullStackProjects\CandleViewer\docs\research\xstate\battle-de2da4e\contracts\cvf.py", line 165, in resolve
    raise v
  File "C:\Users\basil\Desktop\Projects\FullStackProjects\_ref\xstate-statemachine\src\xstate_statemachine\interpreter.py", line 3221, in _settle
    produced = await handoff
               ^^^^^^^^^^^^^
  File "C:\Python\Python313\Lib\concurrent\futures\thread.py", line 59, in run
    result = self.fn(*self.args, **self.kwargs)
  File "C:\Users\basil\Desktop\Projects\FullStackProjects\CandleViewer\docs\research\xstate\battle-de2da4e\contracts\cvf.py", line 179, in s
    return resolve(n, interp, ctx, evt)
  File "C:\Users\basil\Desktop\Projects\FullStackProjects\CandleViewer\docs\research\xstate\battle-de2da4e\contracts\cvf.py", line 165, in resolve
    raise v
  File "C:\Users\basil\Desktop\Projects\FullStackProjects\_ref\xstate-statemachine\src\xstate_statemachine\interpreter.py", line 3221, in _settle
    produced = await handoff
               ^^^^^^^^^^^^^
  File "C:\Python\Python313\Lib\concurrent\futures\thread.py", line 59, in run
    result = self.fn(*self.args, **self.kwargs)
  File "C:\Users\basil\Desktop\Projects\FullStackProjects\CandleViewer\docs\research\xstate\battle-de2da4e\contracts\cvf.py", line 179, in s
    return resolve(n, interp, ctx, evt)
  File "C:\Users\basil\Desktop\Projects\FullStackProjects\CandleViewer\docs\research\xstate\battle-de2da4e\contracts\cvf.py", line 165, in resolve
    raise v
  File "C:\Users\basil\Desktop\Projects\FullStackProjects\_ref\xstate-statemachine\src\xstate_statemachine\interpreter.py", line 3221, in _settle
    produced = await handoff
               ^^^^^^^^^^^^^
  File "C:\Python\Python313\Lib\concurrent\futures\thread.py", line 59, in run
    result = self.fn(*self.args, **self.kwargs)
  File "C:\Users\basil\Desktop\Projects\FullStackProjects\CandleViewer\docs\research\xstate\battle-de2da4e\contracts\cvf.py", line 179, in s
    return resolve(n, interp, ctx, evt)
  File "C:\Users\basil\Desktop\Projects\FullStackProjects\CandleViewer\docs\research\xstate\battle-de2da4e\contracts\cvf.py", line 165, in resolve
    raise v
  File "C:\Users\basil\Desktop\Projects\FullStackProjects\_ref\xstate-statemachine\src\xstate_statemachine\interpreter.py", line 3221, in _settle
    produced = await handoff
               ^^^^^^^^^^^^^
  File "C:\Python\Python313\Lib\concurrent\futures\thread.py", line 59, in run
    result = self.fn(*self.args, **self.kwargs)
  File "C:\Users\basil\Desktop\Projects\FullStackProjects\CandleViewer\docs\research\xstate\battle-de2da4e\contracts\cvf.py", line 179, in s
    return resolve(n, interp, ctx, evt)
  File "C:\Users\basil\Desktop\Projects\FullStackProjects\CandleViewer\docs\research\xstate\battle-de2da4e\contracts\cvf.py", line 165, in resolve
    raise v
  File "C:\Users\basil\Desktop\Projects\FullStackProjects\_ref\xstate-statemachine\src\xstate_statemachine\interpreter.py", line 3221, in _settle
    produced = await handoff
               ^^^^^^^^^^^^^
  File "C:\Python\Python313\Lib\concurrent\futures\thread.py", line 59, in run
    result = self.fn(*self.args, **self.kwargs)
  File "C:\Users\basil\Desktop\Projects\FullStackProjects\CandleViewer\docs\research\xstate\battle-de2da4e\contracts\cvf.py", line 179, in s
    return resolve(n, interp, ctx, evt)
  File "C:\Users\basil\Desktop\Projects\FullStackProjects\CandleViewer\docs\research\xstate\battle-de2da4e\contracts\cvf.py", line 165, in resolve
    raise v
  File "C:\Users\basil\Desktop\Projects\FullStackProjects\_ref\xstate-statemachine\src\xstate_statemachine\interpreter.py", line 3221, in _settle
    produced = await handoff
               ^^^^^^^^^^^^^
  File "C:\Python\Python313\Lib\concurrent\futures\thread.py", line 59, in run
    result = self.fn(*self.args, **self.kwargs)
  File "C:\Users\basil\Desktop\Projects\FullStackProjects\CandleViewer\docs\research\xstate\battle-de2da4e\contracts\cvf.py", line 179, in s
    return resolve(n, interp, ctx, evt)
  File "C:\Users\basil\Desktop\Projects\FullStackProjects\CandleViewer\docs\research\xstate\battle-de2da4e\contracts\cvf.py", line 165, in resolve
    raise v
  File "C:\Users\basil\Desktop\Projects\FullStackProjects\_ref\xstate-statemachine\src\xstate_statemachine\interpreter.py", line 3221, in _settle
    produced = await handoff
               ^^^^^^^^^^^^^
  File "C:\Python\Python313\Lib\concurrent\futures\thread.py", line 59, in run
    result = self.fn(*self.args, **self.kwargs)
  File "C:\Users\basil\Desktop\Projects\FullStackProjects\CandleViewer\docs\research\xstate\battle-de2da4e\contracts\cvf.py", line 179, in s
    return resolve(n, interp, ctx, evt)
  File "C:\Users\basil\Desktop\Projects\FullStackProjects\CandleViewer\docs\research\xstate\battle-de2da4e\contracts\cvf.py", line 165, in resolve
    raise v
  File "C:\Users\basil\Desktop\Projects\FullStackProjects\_ref\xstate-statemachine\src\xstate_statemachine\interpreter.py", line 3221, in _settle
    produced = await handoff
               ^^^^^^^^^^^^^
  File "C:\Python\Python313\Lib\concurrent\futures\thread.py", line 59, in run
    result = self.fn(*self.args, **self.kwargs)
  File "C:\Users\basil\Desktop\Projects\FullStackProjects\CandleViewer\docs\research\xstate\battle-de2da4e\contracts\cvf.py", line 179, in s
    return resolve(n, interp, ctx, evt)
  File "C:\Users\basil\Desktop\Projects\FullStackProjects\CandleViewer\docs\research\xstate\battle-de2da4e\contracts\cvf.py", line 165, in resolve
    raise v
  File "C:\Users\basil\Desktop\Projects\FullStackProjects\_ref\xstate-statemachine\src\xstate_statemachine\interpreter.py", line 3221, in _settle
    produced = await handoff
               ^^^^^^^^^^^^^
  File "C:\Python\Python313\Lib\concurrent\futures\thread.py", line 59, in run
    result = self.fn(*self.args, **self.kwargs)
  File "C:\Users\basil\Desktop\Projects\FullStackProjects\CandleViewer\docs\research\xstate\battle-de2da4e\contracts\cvf.py", line 179, in s
    return resolve(n, interp, ctx, evt)
  File "C:\Users\basil\Desktop\Projects\FullStackProjects\CandleViewer\docs\research\xstate\battle-de2da4e\contracts\cvf.py", line 165, in resolve
    raise v
  File "C:\Users\basil\Desktop\Projects\FullStackProjects\_ref\xstate-statemachine\src\xstate_statemachine\interpreter.py", line 3221, in _settle
    produced = await handoff
               ^^^^^^^^^^^^^
  File "C:\Python\Python313\Lib\concurrent\futures\thread.py", line 59, in run
    result = self.fn(*self.args, **self.kwargs)
  File "C:\Users\basil\Desktop\Projects\FullStackProjects\CandleViewer\docs\research\xstate\battle-de2da4e\contracts\cvf.py", line 179, in s
    return resolve(n, interp, ctx, evt)
  File "C:\Users\basil\Desktop\Projects\FullStackProjects\CandleViewer\docs\research\xstate\battle-de2da4e\contracts\cvf.py", line 165, in resolve
    raise v
  File "C:\Users\basil\Desktop\Projects\FullStackProjects\_ref\xstate-statemachine\src\xstate_statemachine\interpreter.py", line 3221, in _settle
    produced = await handoff
               ^^^^^^^^^^^^^
  File "C:\Python\Python313\Lib\concurrent\futures\thread.py", line 59, in run
    result = self.fn(*self.args, **self.kwargs)
  File "C:\Users\basil\Desktop\Projects\FullStackProjects\CandleViewer\docs\research\xstate\battle-de2da4e\contracts\cvf.py", line 179, in s
    return resolve(n, interp, ctx, evt)
  File "C:\Users\basil\Desktop\Projects\FullStackProjects\CandleViewer\docs\research\xstate\battle-de2da4e\contracts\cvf.py", line 165, in resolve
    raise v
  File "C:\Users\basil\Desktop\Projects\FullStackProjects\_ref\xstate-statemachine\src\xstate_statemachine\interpreter.py", line 3221, in _settle
    produced = await handoff
               ^^^^^^^^^^^^^
  File "C:\Python\Python313\Lib\concurrent\futures\thread.py", line 59, in run
    result = self.fn(*self.args, **self.kwargs)
  File "C:\Users\basil\Desktop\Projects\FullStackProjects\CandleViewer\docs\research\xstate\battle-de2da4e\contracts\cvf.py", line 179, in s
    return resolve(n, interp, ctx, evt)
  File "C:\Users\basil\Desktop\Projects\FullStackProjects\CandleViewer\docs\research\xstate\battle-de2da4e\contracts\cvf.py", line 165, in resolve
    raise v
  File "C:\Users\basil\Desktop\Projects\FullStackProjects\_ref\xstate-statemachine\src\xstate_statemachine\interpreter.py", line 3221, in _settle
    produced = await handoff
               ^^^^^^^^^^^^^
  File "C:\Python\Python313\Lib\concurrent\futures\thread.py", line 59, in run
    result = self.fn(*self.args, **self.kwargs)
  File "C:\Users\basil\Desktop\Projects\FullStackProjects\CandleViewer\docs\research\xstate\battle-de2da4e\contracts\cvf.py", line 179, in s
    return resolve(n, interp, ctx, evt)
  File "C:\Users\basil\Desktop\Projects\FullStackProjects\CandleViewer\docs\research\xstate\battle-de2da4e\contracts\cvf.py", line 165, in resolve
    raise v
  File "C:\Users\basil\Desktop\Projects\FullStackProjects\_ref\xstate-statemachine\src\xstate_statemachine\interpreter.py", line 3221, in _settle
    produced = await handoff
               ^^^^^^^^^^^^^
  File "C:\Python\Python313\Lib\concurrent\futures\thread.py", line 59, in run
    result = self.fn(*self.args, **self.kwargs)
  File "C:\Users\basil\Desktop\Projects\FullStackProjects\CandleViewer\docs\research\xstate\battle-de2da4e\contracts\cvf.py", line 179, in s
    return resolve(n, interp, ctx, evt)
  File "C:\Users\basil\Desktop\Projects\FullStackProjects\CandleViewer\docs\research\xstate\battle-de2da4e\contracts\cvf.py", line 165, in resolve
    raise v
  File "C:\Users\basil\Desktop\Projects\FullStackProjects\_ref\xstate-statemachine\src\xstate_statemachine\interpreter.py", line 3221, in _settle
    produced = await handoff
               ^^^^^^^^^^^^^
  File "C:\Python\Python313\Lib\concurrent\futures\thread.py", line 59, in run
    result = self.fn(*self.args, **self.kwargs)
  File "C:\Users\basil\Desktop\Projects\FullStackProjects\CandleViewer\docs\research\xstate\battle-de2da4e\contracts\cvf.py", line 179, in s
    return resolve(n, interp, ctx, evt)
  File "C:\Users\basil\Desktop\Projects\FullStackProjects\CandleViewer\docs\research\xstate\battle-de2da4e\contracts\cvf.py", line 165, in resolve
    raise v
  File "C:\Users\basil\Desktop\Projects\FullStackProjects\_ref\xstate-statemachine\src\xstate_statemachine\interpreter.py", line 3221, in _settle
    produced = await handoff
               ^^^^^^^^^^^^^
  File "C:\Python\Python313\Lib\concurrent\futures\thread.py", line 59, in run
    result = self.fn(*self.args, **self.kwargs)
  File "C:\Users\basil\Desktop\Projects\FullStackProjects\CandleViewer\docs\research\xstate\battle-de2da4e\contracts\cvf.py", line 179, in s
    return resolve(n, interp, ctx, evt)
  File "C:\Users\basil\Desktop\Projects\FullStackProjects\CandleViewer\docs\research\xstate\battle-de2da4e\contracts\cvf.py", line 165, in resolve
    raise v
RuntimeError: cx
ERROR:xstate_statemachine.base_interpreter:🔥 Action 'note_cancel_failure' raised while handling event 'error.platform.cx'; skipping remaining actions in this list.
Traceback (most recent call last):
  File "C:\Users\basil\Desktop\Projects\FullStackProjects\_ref\xstate-statemachine\src\xstate_statemachine\base_interpreter.py", line 3542, in _execute_actions
    await self._run_user_action(impl, action_def, event)
  File "C:\Users\basil\Desktop\Projects\FullStackProjects\_ref\xstate-statemachine\src\xstate_statemachine\interpreter.py", line 2261, in _run_user_action
    impl(self, self.context, event, action_def)
    ~~~~^^^^^^^^^^^^^^^^^^^^^^^^^^^^^^^^^^^^^^^
  File "C:\Users\basil\Desktop\Projects\FullStackProjects\CandleViewer\docs\research\xstate\battle-de2da4e\contracts\cvf.py", line 142, in f
    raise RuntimeError("boom:" + n)
RuntimeError: boom:note_cancel_failure
WARNING:xstate_statemachine.base_interpreter:💥 Transition on 'leg.unwinding.cancel_children' failed; rolling back to the pre-transition configuration.
ERROR:xstate_statemachine.interpreter:💥 Service 'cancel_children_svc' (ID: 'cx') failed: cx
Traceback (most recent call last):
  File "C:\Users\basil\Desktop\Projects\FullStackProjects\_ref\xstate-statemachine\src\xstate_statemachine\interpreter.py", line 3221, in _settle
    produced = await handoff
               ^^^^^^^^^^^^^
  File "C:\Python\Python313\Lib\concurrent\futures\thread.py", line 59, in run
    result = self.fn(*self.args, **self.kwargs)
  File "C:\Users\basil\Desktop\Projects\FullStackProjects\CandleViewer\docs\research\xstate\battle-de2da4e\contracts\cvf.py", line 179, in s
    return resolve(n, interp, ctx, evt)
  File "C:\Users\basil\Desktop\Projects\FullStackProjects\CandleViewer\docs\research\xstate\battle-de2da4e\contracts\cvf.py", line 165, in resolve
    raise v
  File "C:\Users\basil\Desktop\Projects\FullStackProjects\_ref\xstate-statemachine\src\xstate_statemachine\interpreter.py", line 3221, in _settle
    produced = await handoff
               ^^^^^^^^^^^^^
  File "C:\Python\Python313\Lib\concurrent\futures\thread.py", line 59, in run
    result = self.fn(*self.args, **self.kwargs)
  File "C:\Users\basil\Desktop\Projects\FullStackProjects\CandleViewer\docs\research\xstate\battle-de2da4e\contracts\cvf.py", line 179, in s
    return resolve(n, interp, ctx, evt)
  File "C:\Users\basil\Desktop\Projects\FullStackProjects\CandleViewer\docs\research\xstate\battle-de2da4e\contracts\cvf.py", line 165, in resolve
    raise v
  File "C:\Users\basil\Desktop\Projects\FullStackProjects\_ref\xstate-statemachine\src\xstate_statemachine\interpreter.py", line 3221, in _settle
    produced = await handoff
               ^^^^^^^^^^^^^
  File "C:\Python\Python313\Lib\concurrent\futures\thread.py", line 59, in run
    result = self.fn(*self.args, **self.kwargs)
  File "C:\Users\basil\Desktop\Projects\FullStackProjects\CandleViewer\docs\research\xstate\battle-de2da4e\contracts\cvf.py", line 179, in s
    return resolve(n, interp, ctx, evt)
  File "C:\Users\basil\Desktop\Projects\FullStackProjects\CandleViewer\docs\research\xstate\battle-de2da4e\contracts\cvf.py", line 165, in resolve
    raise v
  File "C:\Users\basil\Desktop\Projects\FullStackProjects\_ref\xstate-statemachine\src\xstate_statemachine\interpreter.py", line 3221, in _settle
    produced = await handoff
               ^^^^^^^^^^^^^
  File "C:\Python\Python313\Lib\concurrent\futures\thread.py", line 59, in run
    result = self.fn(*self.args, **self.kwargs)
  File "C:\Users\basil\Desktop\Projects\FullStackProjects\CandleViewer\docs\research\xstate\battle-de2da4e\contracts\cvf.py", line 179, in s
    return resolve(n, interp, ctx, evt)
  File "C:\Users\basil\Desktop\Projects\FullStackProjects\CandleViewer\docs\research\xstate\battle-de2da4e\contracts\cvf.py", line 165, in resolve
    raise v
  File "C:\Users\basil\Desktop\Projects\FullStackProjects\_ref\xstate-statemachine\src\xstate_statemachine\interpreter.py", line 3221, in _settle
    produced = await handoff
               ^^^^^^^^^^^^^
  File "C:\Python\Python313\Lib\concurrent\futures\thread.py", line 59, in run
    result = self.fn(*self.args, **self.kwargs)
  File "C:\Users\basil\Desktop\Projects\FullStackProjects\CandleViewer\docs\research\xstate\battle-de2da4e\contracts\cvf.py", line 179, in s
    return resolve(n, interp, ctx, evt)
  File "C:\Users\basil\Desktop\Projects\FullStackProjects\CandleViewer\docs\research\xstate\battle-de2da4e\contracts\cvf.py", line 165, in resolve
    raise v
  File "C:\Users\basil\Desktop\Projects\FullStackProjects\_ref\xstate-statemachine\src\xstate_statemachine\interpreter.py", line 3221, in _settle
    produced = await handoff
               ^^^^^^^^^^^^^
  File "C:\Python\Python313\Lib\concurrent\futures\thread.py", line 59, in run
    result = self.fn(*self.args, **self.kwargs)
  File "C:\Users\basil\Desktop\Projects\FullStackProjects\CandleViewer\docs\research\xstate\battle-de2da4e\contracts\cvf.py", line 179, in s
    return resolve(n, interp, ctx, evt)
  File "C:\Users\basil\Desktop\Projects\FullStackProjects\CandleViewer\docs\research\xstate\battle-de2da4e\contracts\cvf.py", line 165, in resolve
    raise v
  File "C:\Users\basil\Desktop\Projects\FullStackProjects\_ref\xstate-statemachine\src\xstate_statemachine\interpreter.py", line 3221, in _settle
    produced = await handoff
               ^^^^^^^^^^^^^
  File "C:\Python\Python313\Lib\concurrent\futures\thread.py", line 59, in run
    result = self.fn(*self.args, **self.kwargs)
  File "C:\Users\basil\Desktop\Projects\FullStackProjects\CandleViewer\docs\research\xstate\battle-de2da4e\contracts\cvf.py", line 179, in s
    return resolve(n, interp, ctx, evt)
  File "C:\Users\basil\Desktop\Projects\FullStackProjects\CandleViewer\docs\research\xstate\battle-de2da4e\contracts\cvf.py", line 165, in resolve
    raise v
  File "C:\Users\basil\Desktop\Projects\FullStackProjects\_ref\xstate-statemachine\src\xstate_statemachine\interpreter.py", line 3221, in _settle
    produced = await handoff
               ^^^^^^^^^^^^^
  File "C:\Python\Python313\Lib\concurrent\futures\thread.py", line 59, in run
    result = self.fn(*self.args, **self.kwargs)
  File "C:\Users\basil\Desktop\Projects\FullStackProjects\CandleViewer\docs\research\xstate\battle-de2da4e\contracts\cvf.py", line 179, in s
    return resolve(n, interp, ctx, evt)
  File "C:\Users\basil\Desktop\Projects\FullStackProjects\CandleViewer\docs\research\xstate\battle-de2da4e\contracts\cvf.py", line 165, in resolve
    raise v
  File "C:\Users\basil\Desktop\Projects\FullStackProjects\_ref\xstate-statemachine\src\xstate_statemachine\interpreter.py", line 3221, in _settle
    produced = await handoff
               ^^^^^^^^^^^^^
  File "C:\Python\Python313\Lib\concurrent\futures\thread.py", line 59, in run
    result = self.fn(*self.args, **self.kwargs)
  File "C:\Users\basil\Desktop\Projects\FullStackProjects\CandleViewer\docs\research\xstate\battle-de2da4e\contracts\cvf.py", line 179, in s
    return resolve(n, interp, ctx, evt)
  File "C:\Users\basil\Desktop\Projects\FullStackProjects\CandleViewer\docs\research\xstate\battle-de2da4e\contracts\cvf.py", line 165, in resolve
    raise v
  File "C:\Users\basil\Desktop\Projects\FullStackProjects\_ref\xstate-statemachine\src\xstate_statemachine\interpreter.py", line 3221, in _settle
    produced = await handoff
               ^^^^^^^^^^^^^
  File "C:\Python\Python313\Lib\concurrent\futures\thread.py", line 59, in run
    result = self.fn(*self.args, **self.kwargs)
  File "C:\Users\basil\Desktop\Projects\FullStackProjects\CandleViewer\docs\research\xstate\battle-de2da4e\contracts\cvf.py", line 179, in s
    return resolve(n, interp, ctx, evt)
  File "C:\Users\basil\Desktop\Projects\FullStackProjects\CandleViewer\docs\research\xstate\battle-de2da4e\contracts\cvf.py", line 165, in resolve
    raise v
  File "C:\Users\basil\Desktop\Projects\FullStackProjects\_ref\xstate-statemachine\src\xstate_statemachine\interpreter.py", line 3221, in _settle
    produced = await handoff
               ^^^^^^^^^^^^^
  File "C:\Python\Python313\Lib\concurrent\futures\thread.py", line 59, in run
    result = self.fn(*self.args, **self.kwargs)
  File "C:\Users\basil\Desktop\Projects\FullStackProjects\CandleViewer\docs\research\xstate\battle-de2da4e\contracts\cvf.py", line 179, in s
    return resolve(n, interp, ctx, evt)
  File "C:\Users\basil\Desktop\Projects\FullStackProjects\CandleViewer\docs\research\xstate\battle-de2da4e\contracts\cvf.py", line 165, in resolve
    raise v
  File "C:\Users\basil\Desktop\Projects\FullStackProjects\_ref\xstate-statemachine\src\xstate_statemachine\interpreter.py", line 3221, in _settle
    produced = await handoff
               ^^^^^^^^^^^^^
  File "C:\Python\Python313\Lib\concurrent\futures\thread.py", line 59, in run
    result = self.fn(*self.args, **self.kwargs)
  File "C:\Users\basil\Desktop\Projects\FullStackProjects\CandleViewer\docs\research\xstate\battle-de2da4e\contracts\cvf.py", line 179, in s
    return resolve(n, interp, ctx, evt)
  File "C:\Users\basil\Desktop\Projects\FullStackProjects\CandleViewer\docs\research\xstate\battle-de2da4e\contracts\cvf.py", line 165, in resolve
    raise v
  File "C:\Users\basil\Desktop\Projects\FullStackProjects\_ref\xstate-statemachine\src\xstate_statemachine\interpreter.py", line 3221, in _settle
    produced = await handoff
               ^^^^^^^^^^^^^
  File "C:\Python\Python313\Lib\concurrent\futures\thread.py", line 59, in run
    result = self.fn(*self.args, **self.kwargs)
  File "C:\Users\basil\Desktop\Projects\FullStackProjects\CandleViewer\docs\research\xstate\battle-de2da4e\contracts\cvf.py", line 179, in s
    return resolve(n, interp, ctx, evt)
  File "C:\Users\basil\Desktop\Projects\FullStackProjects\CandleViewer\docs\research\xstate\battle-de2da4e\contracts\cvf.py", line 165, in resolve
    raise v
  File "C:\Users\basil\Desktop\Projects\FullStackProjects\_ref\xstate-statemachine\src\xstate_statemachine\interpreter.py", line 3221, in _settle
    produced = await handoff
               ^^^^^^^^^^^^^
  File "C:\Python\Python313\Lib\concurrent\futures\thread.py", line 59, in run
    result = self.fn(*self.args, **self.kwargs)
  File "C:\Users\basil\Desktop\Projects\FullStackProjects\CandleViewer\docs\research\xstate\battle-de2da4e\contracts\cvf.py", line 179, in s
    return resolve(n, interp, ctx, evt)
  File "C:\Users\basil\Desktop\Projects\FullStackProjects\CandleViewer\docs\research\xstate\battle-de2da4e\contracts\cvf.py", line 165, in resolve
    raise v
  File "C:\Users\basil\Desktop\Projects\FullStackProjects\_ref\xstate-statemachine\src\xstate_statemachine\interpreter.py", line 3221, in _settle
    produced = await handoff
               ^^^^^^^^^^^^^
  File "C:\Python\Python313\Lib\concurrent\futures\thread.py", line 59, in run
    result = self.fn(*self.args, **self.kwargs)
  File "C:\Users\basil\Desktop\Projects\FullStackProjects\CandleViewer\docs\research\xstate\battle-de2da4e\contracts\cvf.py", line 179, in s
    return resolve(n, interp, ctx, evt)
  File "C:\Users\basil\Desktop\Projects\FullStackProjects\CandleViewer\docs\research\xstate\battle-de2da4e\contracts\cvf.py", line 165, in resolve
    raise v
  File "C:\Users\basil\Desktop\Projects\FullStackProjects\_ref\xstate-statemachine\src\xstate_statemachine\interpreter.py", line 3221, in _settle
    produced = await handoff
               ^^^^^^^^^^^^^
  File "C:\Python\Python313\Lib\concurrent\futures\thread.py", line 59, in run
    result = self.fn(*self.args, **self.kwargs)
  File "C:\Users\basil\Desktop\Projects\FullStackProjects\CandleViewer\docs\research\xstate\battle-de2da4e\contracts\cvf.py", line 179, in s
    return resolve(n, interp, ctx, evt)
  File "C:\Users\basil\Desktop\Projects\FullStackProjects\CandleViewer\docs\research\xstate\battle-de2da4e\contracts\cvf.py", line 165, in resolve
    raise v
  File "C:\Users\basil\Desktop\Projects\FullStackProjects\_ref\xstate-statemachine\src\xstate_statemachine\interpreter.py", line 3221, in _settle
    produced = await handoff
               ^^^^^^^^^^^^^
  File "C:\Python\Python313\Lib\concurrent\futures\thread.py", line 59, in run
    result = self.fn(*self.args, **self.kwargs)
  File "C:\Users\basil\Desktop\Projects\FullStackProjects\CandleViewer\docs\research\xstate\battle-de2da4e\contracts\cvf.py", line 179, in s
    return resolve(n, interp, ctx, evt)
  File "C:\Users\basil\Desktop\Projects\FullStackProjects\CandleViewer\docs\research\xstate\battle-de2da4e\contracts\cvf.py", line 165, in resolve
    raise v
  File "C:\Users\basil\Desktop\Projects\FullStackProjects\_ref\xstate-statemachine\src\xstate_statemachine\interpreter.py", line 3221, in _settle
    produced = await handoff
               ^^^^^^^^^^^^^
  File "C:\Python\Python313\Lib\concurrent\futures\thread.py", line 59, in run
    result = self.fn(*self.args, **self.kwargs)
  File "C:\Users\basil\Desktop\Projects\FullStackProjects\CandleViewer\docs\research\xstate\battle-de2da4e\contracts\cvf.py", line 179, in s
    return resolve(n, interp, ctx, evt)
  File "C:\Users\basil\Desktop\Projects\FullStackProjects\CandleViewer\docs\research\xstate\battle-de2da4e\contracts\cvf.py", line 165, in resolve
    raise v
RuntimeError: cx
ERROR:xstate_statemachine.base_interpreter:🔥 Action 'note_cancel_failure' raised while handling event 'error.platform.cx'; skipping remaining actions in this list.
Traceback (most recent call last):
  File "C:\Users\basil\Desktop\Projects\FullStackProjects\_ref\xstate-statemachine\src\xstate_statemachine\base_interpreter.py", line 3542, in _execute_actions
    await self._run_user_action(impl, action_def, event)
  File "C:\Users\basil\Desktop\Projects\FullStackProjects\_ref\xstate-statemachine\src\xstate_statemachine\interpreter.py", line 2261, in _run_user_action
    impl(self, self.context, event, action_def)
    ~~~~^^^^^^^^^^^^^^^^^^^^^^^^^^^^^^^^^^^^^^^
  File "C:\Users\basil\Desktop\Projects\FullStackProjects\CandleViewer\docs\research\xstate\battle-de2da4e\contracts\cvf.py", line 142, in f
    raise RuntimeError("boom:" + n)
RuntimeError: boom:note_cancel_failure
WARNING:xstate_statemachine.base_interpreter:💥 Transition on 'leg.unwinding.cancel_children' failed; rolling back to the pre-transition configuration.
PASS [def]B3.R6-03.terminates  | [{'ev': 'ORDER_OPEN', 'ok': True, 'sec': 0.0003865000035148114}, {'ev': 'UNWIND', 'ok': True, 'sec': 0.007129600009648129}]
PASS [def]B3.R6-03.bounded  | cancel_children_svc x18 states=['leg.unwinding.cancel_children'] status=running err=None
PASS [def]B3.defer.flat_before_close  | states=['leg.closed'] unhandled=[('FLAT', 'deferred')]
PASS [def]B3.parity.states  | async=['leg.closed'] sync=['leg.closed']
PASS [def]B3.parity.actions  | async=['size_from_profile', 'submit_entry_order', 'arm_submit_timeout', 'read_authoritative_position_qty', 'bump_close_attempts']
sync=['size_from_profile', 'submit_entry_order', 'arm_submit_timeout', 'read_authoritative_position_qty', 'bump_close_attempts']
PASS [def]B3.parity.svc  | async=['cancel_children_svc', 'reduce_only_close', 'poll_until_flat'] sync=['cancel_children_svc', 'reduce_only_close', 'poll_until_flat']

--- 21 checks, 0 FAIL: []
