PASS [def]B6/happy  | {"states": ["twap.completed"], "svc": ["submit_child", "submit_child"], "snap": true, "notes": ["t0:v=3:sched=0", "t0:snap_chain_trips=0", "t0:restore_plugin_started=1 invalid=0", "t1:v=3:sched=0", "t1:snap_chain_trips=0", "t1:restore_plugin_started=1 invalid=0", "t2:v=3:sched=0", "t2:snap_chain_trips=0", "t2:restore_plugin_started=1 invalid=0", "t3:v=3:sched=0", "t3:snap_chain_trips=0", "t3:restore_plugin_started=1 invalid=0", "t4:v=3:sched=0", "t4:snap_chain_trips=0", "t4:restore_plugin_started=1 invalid=0"]}
PASS [def]B6/INV-a slice counter 1:1  | bumps=2
PASS [def]B6/INV-c sub-min rolls forward, no child  | {"states": ["twap.armed"], "svc": []}
PASS [def]B6/INV-d price_blocked visible + shortfall  | {"acts": ["precompute_all_slice_deadlines", "register_deadlines_with_scheduler", "raise_price_limit_notice", "record_shortfall"], "states": ["twap.armed"]}
PASS [def]B6/defer USER_PAUSE across invoke  | {"deferred": 0, "states": ["twap.paused"], "unh": [], "send": {"ok": false, "timeout": true, "sec": 3.005061100004241}}
ERROR:xstate_statemachine.base_interpreter:🔥 Action 'bump_slices_done' raised while handling event 'SLICE_DUE'; skipping remaining actions in this list.
Traceback (most recent call last):
  File "C:\Users\basil\Desktop\Projects\FullStackProjects\_ref\xstate-statemachine\src\xstate_statemachine\base_interpreter.py", line 3630, in _execute_actions
    await self._run_user_action(impl, action_def, event)
  File "C:\Users\basil\Desktop\Projects\FullStackProjects\_ref\xstate-statemachine\src\xstate_statemachine\interpreter.py", line 2363, in _run_user_action
    impl(self, self.context, event, action_def)
    ~~~~^^^^^^^^^^^^^^^^^^^^^^^^^^^^^^^^^^^^^^^
  File "C:\Users\basil\Desktop\Projects\FullStackProjects\CandleViewer\docs\research\xstate\battle-v0.9.1\contracts\b6b10\cv09.py", line 143, in f
    raise RuntimeError("boom:" + n)
RuntimeError: boom:bump_slices_done
WARNING:xstate_statemachine.base_interpreter:💥 Transition on 'twap.armed' failed; rolling back to the pre-transition configuration.
PASS [def]B6/rollback entry-raise -> no invoke  | {"states": ["twap.armed"], "svc": [], "aerr": ["bump_slices_done:RuntimeError('boom:bump_slices_done')"]}
PASS [def]B6/strict unknown event refused  | {"ok": false, "exc": "UnknownEventError(\"Event 'NOT_A_REAL_EVENT' is not declared by machine 'twap'. Known events: CHILDREN_TERMINAL, DURATION_END, MAX_DURATION, PRICE_OK, RESUME, SLICE_DUE, USER_CANCEL, USER_PAUSE, WS_DISCONNECT, done.invoke.cx, done.invoke.rec, done.invoke.slice, done.invoke.sweep, error.platform.cx, error.platform.rec, error.platform.slice, error.platform.sweep.\")", "sec": 0.0005703000060748309}
ERROR:xstate_statemachine.interpreter:💥 Service 'submit_child' (ID: 'slice') failed: rej
Traceback (most recent call last):
  File "C:\Users\basil\Desktop\Projects\FullStackProjects\_ref\xstate-statemachine\src\xstate_statemachine\interpreter.py", line 3347, in _settle
    produced = await handoff
               ^^^^^^^^^^^^^
  File "C:\Python\Python313\Lib\concurrent\futures\thread.py", line 59, in run
    result = self.fn(*self.args, **self.kwargs)
  File "C:\Users\basil\Desktop\Projects\FullStackProjects\CandleViewer\docs\research\xstate\battle-v0.9.1\contracts\b6b10\cv09.py", line 180, in s
    return resolve(n, interp, ctx, evt)
  File "C:\Users\basil\Desktop\Projects\FullStackProjects\CandleViewer\docs\research\xstate\battle-v0.9.1\contracts\b6b10\cv09.py", line 166, in resolve
    raise v
RuntimeError: rej
PASS [def]B6/onError retry records shortfall  | {"states": ["twap.armed"], "acts": ["precompute_all_slice_deadlines", "register_deadlines_with_scheduler", "compute_slice_qty_with_participation_cap", "apply_catch_up", "bump_slices_done", "bump_failure", "record_shortfall"]}
ERROR:xstate_statemachine.interpreter:💥 Service 'submit_child' (ID: 'slice') failed: rej
Traceback (most recent call last):
  File "C:\Users\basil\Desktop\Projects\FullStackProjects\_ref\xstate-statemachine\src\xstate_statemachine\interpreter.py", line 3347, in _settle
    produced = await handoff
               ^^^^^^^^^^^^^
  File "C:\Python\Python313\Lib\concurrent\futures\thread.py", line 59, in run
    result = self.fn(*self.args, **self.kwargs)
  File "C:\Users\basil\Desktop\Projects\FullStackProjects\CandleViewer\docs\research\xstate\battle-v0.9.1\contracts\b6b10\cv09.py", line 180, in s
    return resolve(n, interp, ctx, evt)
  File "C:\Users\basil\Desktop\Projects\FullStackProjects\CandleViewer\docs\research\xstate\battle-v0.9.1\contracts\b6b10\cv09.py", line 166, in resolve
    raise v
RuntimeError: rej
PASS [def]B6/onError exhausted -> failed  | ["twap.failed"]
ERROR:xstate_statemachine.base_interpreter:🔥 Guard 'price_limit_breached' raised an exception while evaluating event 'SLICE_DUE'; guardErrorPolicy='raise'.
Traceback (most recent call last):
  File "C:\Users\basil\Desktop\Projects\FullStackProjects\_ref\xstate-statemachine\src\xstate_statemachine\base_interpreter.py", line 5401, in _is_guard_satisfied
    self._call_with_optional_params(
    ~~~~~~~~~~~~~~~~~~~~~~~~~~~~~~~^
        guard_callable, self.context, event, params
        ^^^^^^^^^^^^^^^^^^^^^^^^^^^^^^^^^^^^^^^^^^^
    )
    ^
  File "C:\Users\basil\Desktop\Projects\FullStackProjects\_ref\xstate-statemachine\src\xstate_statemachine\base_interpreter.py", line 5550, in _call_with_optional_params
    return fn(context, event)
  File "C:\Users\basil\Desktop\Projects\FullStackProjects\CandleViewer\docs\research\xstate\battle-v0.9.1\contracts\b6b10\cv09.py", line 154, in g
    raise RuntimeError("guard:" + n)
RuntimeError: guard:price_limit_breached
ERROR:xstate_statemachine.interpreter:💥 Error processing event 'SLICE_DUE' on 'twap'; the interpreter remains running. guard:price_limit_breached
Traceback (most recent call last):
  File "C:\Users\basil\Desktop\Projects\FullStackProjects\_ref\xstate-statemachine\src\xstate_statemachine\interpreter.py", line 2061, in _run_event_loop
    await self._process_event_and_transient_transitions(event)
  File "C:\Users\basil\Desktop\Projects\FullStackProjects\_ref\xstate-statemachine\src\xstate_statemachine\interpreter.py", line 2240, in _process_event_and_transient_transitions
    await self._process_event(event)
  File "C:\Users\basil\Desktop\Projects\FullStackProjects\_ref\xstate-statemachine\src\xstate_statemachine\base_interpreter.py", line 2785, in _process_event
    raise guard_error
  File "C:\Users\basil\Desktop\Projects\FullStackProjects\_ref\xstate-statemachine\src\xstate_statemachine\base_interpreter.py", line 5401, in _is_guard_satisfied
    self._call_with_optional_params(
    ~~~~~~~~~~~~~~~~~~~~~~~~~~~~~~~^
        guard_callable, self.context, event, params
        ^^^^^^^^^^^^^^^^^^^^^^^^^^^^^^^^^^^^^^^^^^^
    )
    ^
  File "C:\Users\basil\Desktop\Projects\FullStackProjects\_ref\xstate-statemachine\src\xstate_statemachine\base_interpreter.py", line 5550, in _call_with_optional_params
    return fn(context, event)
  File "C:\Users\basil\Desktop\Projects\FullStackProjects\CandleViewer\docs\research\xstate\battle-v0.9.1\contracts\b6b10\cv09.py", line 154, in g
    raise RuntimeError("guard:" + n)
RuntimeError: guard:price_limit_breached
PASS [def]B6/guardErrorPolicy raise surfaces  | {"send": {"ok": true, "sec": 0.0055182999931275845}, "states": ["twap.submitting_slice"], "gerr": ["RuntimeError('guard:price_limit_breached')"]}
PASS [def]B6/preflight always -> failed  | ["twap.failed"]
PASS [def]B7/happy arming->working->repricing->completed  | {"states": ["chase.completed"], "svc": ["submit_initial_limit", "amend_child_price"], "snap": true, "notes": ["t0:v=3:sched=0", "t0:snap_chain_trips=0", "t0:restore_plugin_started=1 invalid=0", "t1:v=3:sched=0", "t1:snap_chain_trips=0", "t1:restore_plugin_started=1 invalid=0", "t2:v=3:sched=0", "t2:snap_chain_trips=0", "t2:restore_plugin_started=1 invalid=0", "t3:v=3:sched=0", "t3:snap_chain_trips=0", "t3:restore_plugin_started=1 invalid=0"]}
PASS [def]B7/INV-b recompute bound 1:1 to reprice  | ["record_child", "stamp_arm_price", "drain_deferred", "compute_target_excluding_own_size", "bump_repricings", "stamp_last_reprice", "drain_deferred", "apply_fill"]
PASS [def]B7/INV-a beyond_max_chase_ticks -> bound_exceeded->parked  | {"states": ["chase.parked"], "acts": ["record_child", "stamp_arm_price", "drain_deferred", "raise_warning_alert"]}
PASS [def]B7/INV-a repricings_exhausted -> bound_exceeded->parked  | {"states": ["chase.parked"], "acts": ["record_child", "stamp_arm_price", "drain_deferred", "raise_warning_alert"]}
PASS [def]B7/INV-c rate budget parks, no amend  | {"states": ["chase.paused"], "svc": ["submit_initial_limit"]}
PASS [def]B7/INV-e timeout policy {'on_timeout_is_market': True} -> completing  | {"states": ["chase.completing"], "svc": ["submit_initial_limit", "convert_to_market"]}
PASS [def]B7/INV-e timeout policy {'on_timeout_is_cancel': True} -> cancelled  | {"states": ["chase.cancelled"], "svc": ["submit_initial_limit", "cancel_child"]}
PASS [def]B7/INV-e timeout policy neither -> parked  | {"states": ["chase.parked"], "svc": ["submit_initial_limit"]}
ERROR:xstate_statemachine.interpreter:💥 Service 'amend_child_price' (ID: 'amend') failed: order not found
Traceback (most recent call last):
  File "C:\Users\basil\Desktop\Projects\FullStackProjects\_ref\xstate-statemachine\src\xstate_statemachine\interpreter.py", line 3347, in _settle
    produced = await handoff
               ^^^^^^^^^^^^^
  File "C:\Python\Python313\Lib\concurrent\futures\thread.py", line 59, in run
    result = self.fn(*self.args, **self.kwargs)
  File "C:\Users\basil\Desktop\Projects\FullStackProjects\CandleViewer\docs\research\xstate\battle-v0.9.1\contracts\b6b10\cv09.py", line 180, in s
    return resolve(n, interp, ctx, evt)
  File "C:\Users\basil\Desktop\Projects\FullStackProjects\CandleViewer\docs\research\xstate\battle-v0.9.1\contracts\b6b10\cv09.py", line 166, in resolve
    raise v
RuntimeError: order not found
PASS [def]B7/amend onError fill-race -> completing  | ["chase.completing"]
PASS [def]B7/defer USER_CANCEL across amend  | {"deferred": 0, "states": ["chase.cancelled"], "unh": []}
ERROR:xstate_statemachine.base_interpreter:🔥 Action 'bump_repricings' raised while handling event 'BOOK_TARGET_MOVED'; skipping remaining actions in this list.
Traceback (most recent call last):
  File "C:\Users\basil\Desktop\Projects\FullStackProjects\_ref\xstate-statemachine\src\xstate_statemachine\base_interpreter.py", line 3630, in _execute_actions
    await self._run_user_action(impl, action_def, event)
  File "C:\Users\basil\Desktop\Projects\FullStackProjects\_ref\xstate-statemachine\src\xstate_statemachine\interpreter.py", line 2363, in _run_user_action
    impl(self, self.context, event, action_def)
    ~~~~^^^^^^^^^^^^^^^^^^^^^^^^^^^^^^^^^^^^^^^
  File "C:\Users\basil\Desktop\Projects\FullStackProjects\CandleViewer\docs\research\xstate\battle-v0.9.1\contracts\b6b10\cv09.py", line 143, in f
    raise RuntimeError("boom:" + n)
RuntimeError: boom:bump_repricings
WARNING:xstate_statemachine.base_interpreter:💥 Transition on 'chase.working' failed; rolling back to the pre-transition configuration.
PASS [def]B7/rollback repricing entry -> no amend  | {"states": ["chase.working"], "svc": ["submit_initial_limit"], "aerr": ["bump_repricings:RuntimeError('boom:bump_repricings')"]}
ERROR:xstate_statemachine.interpreter:💥 Service 'submit_initial_limit' (ID: 'arm') failed: x
Traceback (most recent call last):
  File "C:\Users\basil\Desktop\Projects\FullStackProjects\_ref\xstate-statemachine\src\xstate_statemachine\interpreter.py", line 3347, in _settle
    produced = await handoff
               ^^^^^^^^^^^^^
  File "C:\Python\Python313\Lib\concurrent\futures\thread.py", line 59, in run
    result = self.fn(*self.args, **self.kwargs)
  File "C:\Users\basil\Desktop\Projects\FullStackProjects\CandleViewer\docs\research\xstate\battle-v0.9.1\contracts\b6b10\cv09.py", line 180, in s
    return resolve(n, interp, ctx, evt)
  File "C:\Users\basil\Desktop\Projects\FullStackProjects\CandleViewer\docs\research\xstate\battle-v0.9.1\contracts\b6b10\cv09.py", line 166, in resolve
    raise v
RuntimeError: x
PASS [def]B7/arming onError -> failed  | {"states": ["chase.failed"], "acts": ["map_error"]}
PASS [def]B8/happy flat->attaching->verifying->protected  | {"states": ["position_protection.sl.protected", "position_protection.watchdog.scanning"], "svc": ["attach_native_sl", "read_position_sl"], "snap": true, "notes": ["t0:v=3:sched=0", "t0:snap_chain_trips=0", "t0:restore_plugin_started=1 invalid=0", "t1:v=3:sched=0", "t1:snap_chain_trips=0", "t1:restore_plugin_started=1 invalid=0", "t2:v=3:sched=0", "t2:snap_chain_trips=0", "t2:restore_plugin_started=1 invalid=0"]}
PASS [def]B8/INV-a unverified -> naked, never protected  | {"states": ["position_protection.sl.verifying", "position_protection.watchdog.scanning"], "acts": ["arm_sl_deadline", "bump_attach_attempts", "stamp_naked_since", "raise_critical_alert", "emit_naked_metric", "stamp_naked_since", "raise_critical_alert", "emit_naked_metric", "stamp_naked_since", "raise_critical_alert", "emit_naked_metric", "stamp_naked_since"]}
PASS [def]B8/INV-b naked raises critical + metric  | ["arm_sl_deadline", "bump_attach_attempts", "stamp_naked_since", "raise_critical_alert", "emit_naked_metric", "stamp_naked_since", "raise_critical_alert", "emit_naked_metric", "stamp_naked_since", "raise_critical_alert", "emit_naked_metric", "stamp_naked_since", "raise_critical_alert", "emit_naked_metric", "stamp_naked_since", "raise_critical_alert", "emit_naked_metric", "stamp_naked_since", "raise_critical_alert", "emit_naked_metric", "stamp_naked_since", "raise_critical_alert", "emit_naked_metric", "stamp_naked_since", "raise_critical_alert", "emit_naked_metric", "stamp_naked_since", "raise_critical_alert", "emit_naked_metric", "stamp_naked_since", "raise_critical_alert", "emit_naked_metric", "stamp_naked_since", "raise_critical_alert", "emit_naked_metric", "stamp_naked_since", "raise_critical_alert", "emit_naked_metric", "stamp_naked_since", "raise_critical_alert", "emit_naked_metric", "stamp_naked_since", "raise_critical_alert", "emit_naked_metric", "stamp_naked_since", "raise_critical_alert", "emit_naked_metric", "stamp_naked_since", "raise_critical_alert", "emit_naked_metric", "stamp_naked_since", "raise_critical_alert", "emit_naked_metric", "stamp_naked_since", "raise_critical_alert", "emit_naked_metric", "stamp_naked_since", "raise_critical_alert", "emit_naked_metric", "stamp_naked_since", "raise_critical_alert", "emit_naked_metric", "stamp_naked_since", "raise_critical_alert", "emit_naked_metric", "stamp_naked_since", "raise_critical_alert", "emit_naked_metric", "stamp_naked_since", "raise_critical_alert", "emit_naked_metric", "stamp_naked_since", "raise_critical_alert", "emit_naked_metric", "stamp_naked_since", "raise_critical_alert", "emit_naked_metric", "stamp_naked_since", "raise_critical_alert", "emit_naked_metric", "stamp_naked_since", "raise_critical_alert", "emit_naked_metric", "stamp_naked_since", "raise_critical_alert", "emit_naked_metric", "stamp_naked_since", "raise_critical_alert", "emit_naked_metric", "stamp_naked_since", "raise_critical_alert", "emit_naked_metric", "stamp_naked_since", "raise_critical_alert", "emit_naked_metric", "stamp_naked_since", "raise_critical_alert", "emit_naked_metric", "stamp_naked_since", "raise_critical_alert", "emit_naked_metric", "stamp_naked_since", "raise_critical_alert", "emit_naked_metric", "stamp_naked_since", "raise_critical_alert", "emit_naked_metric", "stamp_naked_since", "raise_critical_alert", "emit_naked_metric", "stamp_naked_since", "raise_critical_alert", "emit_naked_metric", "stamp_naked_since", "raise_critical_alert", "emit_naked_metric", "stamp_naked_since", "raise_critical_alert", "emit_naked_metric", "stamp_naked_since", "raise_critical_alert", "emit_naked_metric", "stamp_naked_since", "raise_critical_alert", "emit_naked_metric", "stamp_naked_since", "raise_critical_alert", "emit_naked_metric", "stamp_naked_since", "raise_critical_alert", "emit_naked_metric", "stamp_naked_since", "raise_critical_alert", "emit_naked_metric", "stamp_naked_since", "raise_critical_alert", "emit_naked_metric", "stamp_naked_since", "raise_critical_alert", "emit_naked_metric", "stamp_naked_since", "raise_critical_alert", "emit_naked_metric", "stamp_naked_since", "raise_critical_alert", "emit_naked_metric", "stamp_naked_since", "raise_critical_alert", "emit_naked_metric", "stamp_naked_since", "raise_critical_alert", "emit_naked_metric", "stamp_naked_since", "raise_critical_alert", "emit_naked_metric", "stamp_naked_since", "raise_critical_alert", "emit_naked_metric", "stamp_naked_since", "raise_critical_alert", "emit_naked_metric", "stamp_naked_since", "raise_critical_alert", "emit_naked_metric", "stamp_naked_since", "raise_critical_alert", "emit_naked_metric", "stamp_naked_since", "raise_critical_alert", "emit_naked_metric", "stamp_naked_since", "raise_critical_alert", "emit_naked_metric", "stamp_naked_since", "raise_critical_alert", "emit_naked_metric", "stamp_naked_since", "raise_critical_alert", "emit_naked_metric", "stamp_naked_since", "raise_critical_alert", "emit_naked_metric", "stamp_naked_since", "raise_critical_alert", "emit_naked_metric", "stamp_naked_since", "raise_critical_alert", "emit_naked_metric", "stamp_naked_since", "raise_critical_alert", "emit_naked_metric", "stamp_naked_since", "raise_critical_alert", "emit_naked_metric", "stamp_naked_since", "raise_critical_alert", "emit_naked_metric", "stamp_naked_since", "raise_critical_alert", "emit_naked_metric", "stamp_naked_since", "raise_critical_alert", "emit_naked_metric", "stamp_naked_since", "raise_critical_alert", "emit_naked_metric", "stamp_naked_since", "raise_critical_alert", "emit_naked_metric", "stamp_naked_since", "raise_critical_alert", "emit_naked_metric", "stamp_naked_since", "raise_critical_alert", "emit_naked_metric", "stamp_naked_since", "raise_critical_alert", "emit_naked_metric", "stamp_naked_since", "raise_critical_alert", "emit_naked_metric", "stamp_naked_since", "raise_critical_alert", "emit_naked_metric", "stamp_naked_since", "raise_critical_alert", "emit_naked_metric", "stamp_naked_since", "raise_critical_alert", "emit_naked_metric", "stamp_naked_since", "raise_critical_alert", "emit_naked_metric", "stamp_naked_since", "raise_critical_alert", "emit_naked_metric", "stamp_naked_since", "raise_critical_alert", "emit_naked_metric", "stamp_naked_since", "raise_critical_alert", "emit_naked_metric", "stamp_naked_since", "raise_critical_alert", "emit_naked_metric", "stamp_naked_since", "raise_critical_alert", "emit_naked_metric", "stamp_naked_since", "raise_critical_alert", "emit_naked_metric", "stamp_naked_since", "raise_critical_alert", "emit_naked_metric", "stamp_naked_since", "raise_critical_alert", "emit_naked_metric", "stamp_naked_since", "raise_critical_alert", "emit_naked_metric", "stamp_naked_since", "raise_critical_alert", "emit_naked_metric", "stamp_naked_since", "raise_critical_alert", "emit_naked_metric", "stamp_naked_since", "raise_critical_alert", "emit_naked_metric", "stamp_naked_since", "raise_critical_alert", "emit_naked_metric", "stamp_naked_since", "raise_critical_alert", "emit_naked_metric", "stamp_naked_since", "raise_critical_alert", "emit_naked_metric", "stamp_naked_since", "raise_critical_alert", "emit_naked_metric", "stamp_naked_since", "raise_critical_alert", "emit_naked_metric", "stamp_naked_since", "raise_critical_alert", "emit_naked_metric", "stamp_naked_since", "raise_critical_alert", "emit_naked_metric", "stamp_naked_since", "raise_critical_alert", "emit_naked_metric", "stamp_naked_since", "raise_critical_alert", "emit_naked_metric", "stamp_naked_since", "raise_critical_alert", "emit_naked_metric", "stamp_naked_since", "raise_critical_alert", "emit_naked_metric", "stamp_naked_since", "raise_critical_alert", "emit_naked_metric", "stamp_naked_since", "raise_critical_alert", "emit_naked_metric", "stamp_naked_since", "raise_critical_alert", "emit_naked_metric", "stamp_naked_since", "raise_critical_alert", "emit_naked_metric", "stamp_naked_since", "raise_critical_alert", "emit_naked_metric", "stamp_naked_since", "raise_critical_alert", "emit_naked_metric", "stamp_naked_since", "raise_critical_alert", "emit_naked_metric", "stamp_naked_since", "raise_critical_alert", "emit_naked_metric", "stamp_naked_since", "raise_critical_alert", "emit_naked_metric", "stamp_naked_since", "raise_critical_alert", "emit_naked_metric", "stamp_naked_since", "raise_critical_alert", "emit_naked_metric", "stamp_naked_since", "raise_critical_alert", "emit_naked_metric", "stamp_naked_since", "raise_critical_alert", "emit_naked_metric", "stamp_naked_since", "raise_critical_alert", "emit_naked_metric", "stamp_naked_since", "raise_critical_alert", "emit_naked_metric", "stamp_naked_since", "raise_critical_alert", "emit_naked_metric", "stamp_naked_since", "raise_critical_alert", "emit_naked_metric", "stamp_naked_since", "raise_critical_alert", "emit_naked_metric", "stamp_naked_since", "raise_critical_alert", "emit_naked_metric", "stamp_naked_since", "raise_critical_alert", "emit_naked_metric", "stamp_naked_since", "raise_critical_alert", "emit_naked_metric", "stamp_naked_since", "raise_critical_alert", "emit_naked_metric", "stamp_naked_since", "raise_critical_alert", "emit_naked_metric", "stamp_naked_since", "raise_critical_alert", "emit_naked_metric", "stamp_naked_since", "raise_critical_alert", "emit_naked_metric", "stamp_naked_since", "raise_critical_alert", "emit_naked_metric", "stamp_naked_since", "raise_critical_alert", "emit_naked_metric", "stamp_naked_since", "raise_critical_alert", "emit_naked_metric", "stamp_naked_since", "raise_critical_alert", "emit_naked_metric", "stamp_naked_since", "raise_critical_alert", "emit_naked_metric", "stamp_naked_since", "raise_critical_alert", "emit_naked_metric", "stamp_naked_since", "raise_critical_alert", "emit_naked_metric", "stamp_naked_since", "raise_critical_alert", "emit_naked_metric", "stamp_naked_since", "raise_critical_alert", "emit_naked_metric", "stamp_naked_since", "raise_critical_alert", "emit_naked_metric", "stamp_naked_since", "raise_critical_alert", "emit_naked_metric", "stamp_naked_since", "raise_critical_alert", "emit_naked_metric", "stamp_naked_since", "raise_critical_alert", "emit_naked_metric", "stamp_naked_since", "raise_critical_alert", "emit_naked_metric", "stamp_naked_since", "raise_critical_alert", "emit_naked_metric", "stamp_naked_since", "raise_critical_alert", "emit_naked_metric", "stamp_naked_since", "raise_critical_alert", "emit_naked_metric", "stamp_naked_since", "raise_critical_alert", "emit_naked_metric", "stamp_naked_since", "raise_critical_alert", "emit_naked_metric", "stamp_naked_since", "raise_critical_alert", "emit_naked_metric", "stamp_naked_since", "raise_critical_alert", "emit_naked_metric", "stamp_naked_since", "raise_critical_alert", "emit_naked_metric", "stamp_naked_since", "raise_critical_alert", "emit_naked_metric", "stamp_naked_since", "raise_critical_alert", "emit_naked_metric", "stamp_naked_since", "raise_critical_alert", "emit_naked_metric", "stamp_naked_since", "raise_critical_alert", "emit_naked_metric", "stamp_naked_since", "raise_critical_alert", "emit_naked_metric", "stamp_naked_since", "raise_critical_alert", "emit_naked_metric", "stamp_naked_since", "raise_critical_alert", "emit_naked_metric", "stamp_naked_since", "raise_critical_alert", "emit_naked_metric", "stamp_naked_since", "raise_critical_alert", "emit_naked_metric", "stamp_naked_since", "raise_critical_alert", "emit_naked_metric", "stamp_naked_since", "raise_critical_alert", "emit_naked_metric"]
ERROR:xstate_statemachine.interpreter:💥 Service 'attach_fallback_sl' (ID: 'fb') failed: no
Traceback (most recent call last):
  File "C:\Users\basil\Desktop\Projects\FullStackProjects\_ref\xstate-statemachine\src\xstate_statemachine\interpreter.py", line 3347, in _settle
    produced = await handoff
               ^^^^^^^^^^^^^
  File "C:\Python\Python313\Lib\concurrent\futures\thread.py", line 59, in run
    result = self.fn(*self.args, **self.kwargs)
  File "C:\Users\basil\Desktop\Projects\FullStackProjects\CandleViewer\docs\research\xstate\battle-v0.9.1\contracts\b6b10\cv09.py", line 180, in s
    return resolve(n, interp, ctx, evt)
  File "C:\Users\basil\Desktop\Projects\FullStackProjects\CandleViewer\docs\research\xstate\battle-v0.9.1\contracts\b6b10\cv09.py", line 166, in resolve
    raise v
RuntimeError: no
PASS [def]B8/naked fallback fails -> unrecoverable + page  | {"states": ["position_protection.sl.naked_unrecoverable", "position_protection.watchdog.scanning"], "acts": ["bump_attach_attempts", "stamp_naked_since", "raise_critical_alert", "emit_naked_metric", "page_owner", "consider_reduce_only_close"]}
PASS [def]B8/INV-c loosen refused without override  | {"states": ["position_protection.sl.protected", "position_protection.watchdog.scanning"], "svc": ["attach_native_sl", "read_position_sl"]}
PASS [def]B8/INV-c loosen allowed WITH override, re-verified  | {"states": ["position_protection.sl.protected", "position_protection.watchdog.scanning"], "svc": ["attach_native_sl", "read_position_sl", "set_trading_stop", "read_position_sl"]}
PASS [def]B8/INV-d watchdog miss -> naked (visited, then self-heals)  | {"states": ["position_protection.sl.protected", "position_protection.watchdog.scanning"], "acts": ["arm_sl_deadline", "bump_attach_attempts", "bump_miss_counter", "maybe_raise_watchdog_miss", "stamp_naked_since", "raise_critical_alert", "emit_naked_metric"]}
ERROR:xstate_statemachine.interpreter:💥 Service 'attach_native_sl' (ID: 'att') failed: rej
Traceback (most recent call last):
  File "C:\Users\basil\Desktop\Projects\FullStackProjects\_ref\xstate-statemachine\src\xstate_statemachine\interpreter.py", line 3347, in _settle
    produced = await handoff
               ^^^^^^^^^^^^^
  File "C:\Python\Python313\Lib\concurrent\futures\thread.py", line 59, in run
    result = self.fn(*self.args, **self.kwargs)
  File "C:\Users\basil\Desktop\Projects\FullStackProjects\CandleViewer\docs\research\xstate\battle-v0.9.1\contracts\b6b10\cv09.py", line 180, in s
    return resolve(n, interp, ctx, evt)
  File "C:\Users\basil\Desktop\Projects\FullStackProjects\CandleViewer\docs\research\xstate\battle-v0.9.1\contracts\b6b10\cv09.py", line 166, in resolve
    raise v
RuntimeError: rej
ERROR:xstate_statemachine.interpreter:💥 Service 'attach_native_sl' (ID: 'att') failed: rej
Traceback (most recent call last):
  File "C:\Users\basil\Desktop\Projects\FullStackProjects\_ref\xstate-statemachine\src\xstate_statemachine\interpreter.py", line 3347, in _settle
    produced = await handoff
               ^^^^^^^^^^^^^
  File "C:\Python\Python313\Lib\concurrent\futures\thread.py", line 59, in run
    result = self.fn(*self.args, **self.kwargs)
  File "C:\Users\basil\Desktop\Projects\FullStackProjects\CandleViewer\docs\research\xstate\battle-v0.9.1\contracts\b6b10\cv09.py", line 180, in s
    return resolve(n, interp, ctx, evt)
  File "C:\Users\basil\Desktop\Projects\FullStackProjects\CandleViewer\docs\research\xstate\battle-v0.9.1\contracts\b6b10\cv09.py", line 166, in resolve
    raise v
  File "C:\Users\basil\Desktop\Projects\FullStackProjects\_ref\xstate-statemachine\src\xstate_statemachine\interpreter.py", line 3347, in _settle
    produced = await handoff
               ^^^^^^^^^^^^^
  File "C:\Python\Python313\Lib\concurrent\futures\thread.py", line 59, in run
    result = self.fn(*self.args, **self.kwargs)
  File "C:\Users\basil\Desktop\Projects\FullStackProjects\CandleViewer\docs\research\xstate\battle-v0.9.1\contracts\b6b10\cv09.py", line 180, in s
    return resolve(n, interp, ctx, evt)
  File "C:\Users\basil\Desktop\Projects\FullStackProjects\CandleViewer\docs\research\xstate\battle-v0.9.1\contracts\b6b10\cv09.py", line 166, in resolve
    raise v
RuntimeError: rej
ERROR:xstate_statemachine.interpreter:💥 Service 'attach_native_sl' (ID: 'att') failed: rej
Traceback (most recent call last):
  File "C:\Users\basil\Desktop\Projects\FullStackProjects\_ref\xstate-statemachine\src\xstate_statemachine\interpreter.py", line 3347, in _settle
    produced = await handoff
               ^^^^^^^^^^^^^
  File "C:\Python\Python313\Lib\concurrent\futures\thread.py", line 59, in run
    result = self.fn(*self.args, **self.kwargs)
  File "C:\Users\basil\Desktop\Projects\FullStackProjects\CandleViewer\docs\research\xstate\battle-v0.9.1\contracts\b6b10\cv09.py", line 180, in s
    return resolve(n, interp, ctx, evt)
  File "C:\Users\basil\Desktop\Projects\FullStackProjects\CandleViewer\docs\research\xstate\battle-v0.9.1\contracts\b6b10\cv09.py", line 166, in resolve
    raise v
  File "C:\Users\basil\Desktop\Projects\FullStackProjects\_ref\xstate-statemachine\src\xstate_statemachine\interpreter.py", line 3347, in _settle
    produced = await handoff
               ^^^^^^^^^^^^^
  File "C:\Python\Python313\Lib\concurrent\futures\thread.py", line 59, in run
    result = self.fn(*self.args, **self.kwargs)
  File "C:\Users\basil\Desktop\Projects\FullStackProjects\CandleViewer\docs\research\xstate\battle-v0.9.1\contracts\b6b10\cv09.py", line 180, in s
    return resolve(n, interp, ctx, evt)
  File "C:\Users\basil\Desktop\Projects\FullStackProjects\CandleViewer\docs\research\xstate\battle-v0.9.1\contracts\b6b10\cv09.py", line 166, in resolve
    raise v
  File "C:\Users\basil\Desktop\Projects\FullStackProjects\_ref\xstate-statemachine\src\xstate_statemachine\interpreter.py", line 3347, in _settle
    produced = await handoff
               ^^^^^^^^^^^^^
  File "C:\Python\Python313\Lib\concurrent\futures\thread.py", line 59, in run
    result = self.fn(*self.args, **self.kwargs)
  File "C:\Users\basil\Desktop\Projects\FullStackProjects\CandleViewer\docs\research\xstate\battle-v0.9.1\contracts\b6b10\cv09.py", line 180, in s
    return resolve(n, interp, ctx, evt)
  File "C:\Users\basil\Desktop\Projects\FullStackProjects\CandleViewer\docs\research\xstate\battle-v0.9.1\contracts\b6b10\cv09.py", line 166, in resolve
    raise v
RuntimeError: rej
ERROR:xstate_statemachine.interpreter:💥 Service 'attach_native_sl' (ID: 'att') failed: rej
Traceback (most recent call last):
  File "C:\Users\basil\Desktop\Projects\FullStackProjects\_ref\xstate-statemachine\src\xstate_statemachine\interpreter.py", line 3347, in _settle
    produced = await handoff
               ^^^^^^^^^^^^^
  File "C:\Python\Python313\Lib\concurrent\futures\thread.py", line 59, in run
    result = self.fn(*self.args, **self.kwargs)
  File "C:\Users\basil\Desktop\Projects\FullStackProjects\CandleViewer\docs\research\xstate\battle-v0.9.1\contracts\b6b10\cv09.py", line 180, in s
    return resolve(n, interp, ctx, evt)
  File "C:\Users\basil\Desktop\Projects\FullStackProjects\CandleViewer\docs\research\xstate\battle-v0.9.1\contracts\b6b10\cv09.py", line 166, in resolve
    raise v
  File "C:\Users\basil\Desktop\Projects\FullStackProjects\_ref\xstate-statemachine\src\xstate_statemachine\interpreter.py", line 3347, in _settle
    produced = await handoff
               ^^^^^^^^^^^^^
  File "C:\Python\Python313\Lib\concurrent\futures\thread.py", line 59, in run
    result = self.fn(*self.args, **self.kwargs)
  File "C:\Users\basil\Desktop\Projects\FullStackProjects\CandleViewer\docs\research\xstate\battle-v0.9.1\contracts\b6b10\cv09.py", line 180, in s
    return resolve(n, interp, ctx, evt)
  File "C:\Users\basil\Desktop\Projects\FullStackProjects\CandleViewer\docs\research\xstate\battle-v0.9.1\contracts\b6b10\cv09.py", line 166, in resolve
    raise v
  File "C:\Users\basil\Desktop\Projects\FullStackProjects\_ref\xstate-statemachine\src\xstate_statemachine\interpreter.py", line 3347, in _settle
    produced = await handoff
               ^^^^^^^^^^^^^
  File "C:\Python\Python313\Lib\concurrent\futures\thread.py", line 59, in run
    result = self.fn(*self.args, **self.kwargs)
  File "C:\Users\basil\Desktop\Projects\FullStackProjects\CandleViewer\docs\research\xstate\battle-v0.9.1\contracts\b6b10\cv09.py", line 180, in s
    return resolve(n, interp, ctx, evt)
  File "C:\Users\basil\Desktop\Projects\FullStackProjects\CandleViewer\docs\research\xstate\battle-v0.9.1\contracts\b6b10\cv09.py", line 166, in resolve
    raise v
  File "C:\Users\basil\Desktop\Projects\FullStackProjects\_ref\xstate-statemachine\src\xstate_statemachine\interpreter.py", line 3347, in _settle
    produced = await handoff
               ^^^^^^^^^^^^^
  File "C:\Python\Python313\Lib\concurrent\futures\thread.py", line 59, in run
    result = self.fn(*self.args, **self.kwargs)
  File "C:\Users\basil\Desktop\Projects\FullStackProjects\CandleViewer\docs\research\xstate\battle-v0.9.1\contracts\b6b10\cv09.py", line 180, in s
    return resolve(n, interp, ctx, evt)
  File "C:\Users\basil\Desktop\Projects\FullStackProjects\CandleViewer\docs\research\xstate\battle-v0.9.1\contracts\b6b10\cv09.py", line 166, in resolve
    raise v
RuntimeError: rej
ERROR:xstate_statemachine.interpreter:💥 Service 'attach_native_sl' (ID: 'att') failed: rej
Traceback (most recent call last):
  File "C:\Users\basil\Desktop\Projects\FullStackProjects\_ref\xstate-statemachine\src\xstate_statemachine\interpreter.py", line 3347, in _settle
    produced = await handoff
               ^^^^^^^^^^^^^
  File "C:\Python\Python313\Lib\concurrent\futures\thread.py", line 59, in run
    result = self.fn(*self.args, **self.kwargs)
  File "C:\Users\basil\Desktop\Projects\FullStackProjects\CandleViewer\docs\research\xstate\battle-v0.9.1\contracts\b6b10\cv09.py", line 180, in s
    return resolve(n, interp, ctx, evt)
  File "C:\Users\basil\Desktop\Projects\FullStackProjects\CandleViewer\docs\research\xstate\battle-v0.9.1\contracts\b6b10\cv09.py", line 166, in resolve
    raise v
  File "C:\Users\basil\Desktop\Projects\FullStackProjects\_ref\xstate-statemachine\src\xstate_statemachine\interpreter.py", line 3347, in _settle
    produced = await handoff
               ^^^^^^^^^^^^^
  File "C:\Python\Python313\Lib\concurrent\futures\thread.py", line 59, in run
    result = self.fn(*self.args, **self.kwargs)
  File "C:\Users\basil\Desktop\Projects\FullStackProjects\CandleViewer\docs\research\xstate\battle-v0.9.1\contracts\b6b10\cv09.py", line 180, in s
    return resolve(n, interp, ctx, evt)
  File "C:\Users\basil\Desktop\Projects\FullStackProjects\CandleViewer\docs\research\xstate\battle-v0.9.1\contracts\b6b10\cv09.py", line 166, in resolve
    raise v
  File "C:\Users\basil\Desktop\Projects\FullStackProjects\_ref\xstate-statemachine\src\xstate_statemachine\interpreter.py", line 3347, in _settle
    produced = await handoff
               ^^^^^^^^^^^^^
  File "C:\Python\Python313\Lib\concurrent\futures\thread.py", line 59, in run
    result = self.fn(*self.args, **self.kwargs)
  File "C:\Users\basil\Desktop\Projects\FullStackProjects\CandleViewer\docs\research\xstate\battle-v0.9.1\contracts\b6b10\cv09.py", line 180, in s
    return resolve(n, interp, ctx, evt)
  File "C:\Users\basil\Desktop\Projects\FullStackProjects\CandleViewer\docs\research\xstate\battle-v0.9.1\contracts\b6b10\cv09.py", line 166, in resolve
    raise v
  File "C:\Users\basil\Desktop\Projects\FullStackProjects\_ref\xstate-statemachine\src\xstate_statemachine\interpreter.py", line 3347, in _settle
    produced = await handoff
               ^^^^^^^^^^^^^
  File "C:\Python\Python313\Lib\concurrent\futures\thread.py", line 59, in run
    result = self.fn(*self.args, **self.kwargs)
  File "C:\Users\basil\Desktop\Projects\FullStackProjects\CandleViewer\docs\research\xstate\battle-v0.9.1\contracts\b6b10\cv09.py", line 180, in s
    return resolve(n, interp, ctx, evt)
  File "C:\Users\basil\Desktop\Projects\FullStackProjects\CandleViewer\docs\research\xstate\battle-v0.9.1\contracts\b6b10\cv09.py", line 166, in resolve
    raise v
  File "C:\Users\basil\Desktop\Projects\FullStackProjects\_ref\xstate-statemachine\src\xstate_statemachine\interpreter.py", line 3347, in _settle
    produced = await handoff
               ^^^^^^^^^^^^^
  File "C:\Python\Python313\Lib\concurrent\futures\thread.py", line 59, in run
    result = self.fn(*self.args, **self.kwargs)
  File "C:\Users\basil\Desktop\Projects\FullStackProjects\CandleViewer\docs\research\xstate\battle-v0.9.1\contracts\b6b10\cv09.py", line 180, in s
    return resolve(n, interp, ctx, evt)
  File "C:\Users\basil\Desktop\Projects\FullStackProjects\CandleViewer\docs\research\xstate\battle-v0.9.1\contracts\b6b10\cv09.py", line 166, in resolve
    raise v
RuntimeError: rej
ERROR:xstate_statemachine.interpreter:💥 Service 'attach_native_sl' (ID: 'att') failed: rej
Traceback (most recent call last):
  File "C:\Users\basil\Desktop\Projects\FullStackProjects\_ref\xstate-statemachine\src\xstate_statemachine\interpreter.py", line 3347, in _settle
    produced = await handoff
               ^^^^^^^^^^^^^
  File "C:\Python\Python313\Lib\concurrent\futures\thread.py", line 59, in run
    result = self.fn(*self.args, **self.kwargs)
  File "C:\Users\basil\Desktop\Projects\FullStackProjects\CandleViewer\docs\research\xstate\battle-v0.9.1\contracts\b6b10\cv09.py", line 180, in s
    return resolve(n, interp, ctx, evt)
  File "C:\Users\basil\Desktop\Projects\FullStackProjects\CandleViewer\docs\research\xstate\battle-v0.9.1\contracts\b6b10\cv09.py", line 166, in resolve
    raise v
  File "C:\Users\basil\Desktop\Projects\FullStackProjects\_ref\xstate-statemachine\src\xstate_statemachine\interpreter.py", line 3347, in _settle
    produced = await handoff
               ^^^^^^^^^^^^^
  File "C:\Python\Python313\Lib\concurrent\futures\thread.py", line 59, in run
    result = self.fn(*self.args, **self.kwargs)
  File "C:\Users\basil\Desktop\Projects\FullStackProjects\CandleViewer\docs\research\xstate\battle-v0.9.1\contracts\b6b10\cv09.py", line 180, in s
    return resolve(n, interp, ctx, evt)
  File "C:\Users\basil\Desktop\Projects\FullStackProjects\CandleViewer\docs\research\xstate\battle-v0.9.1\contracts\b6b10\cv09.py", line 166, in resolve
    raise v
  File "C:\Users\basil\Desktop\Projects\FullStackProjects\_ref\xstate-statemachine\src\xstate_statemachine\interpreter.py", line 3347, in _settle
    produced = await handoff
               ^^^^^^^^^^^^^
  File "C:\Python\Python313\Lib\concurrent\futures\thread.py", line 59, in run
    result = self.fn(*self.args, **self.kwargs)
  File "C:\Users\basil\Desktop\Projects\FullStackProjects\CandleViewer\docs\research\xstate\battle-v0.9.1\contracts\b6b10\cv09.py", line 180, in s
    return resolve(n, interp, ctx, evt)
  File "C:\Users\basil\Desktop\Projects\FullStackProjects\CandleViewer\docs\research\xstate\battle-v0.9.1\contracts\b6b10\cv09.py", line 166, in resolve
    raise v
  File "C:\Users\basil\Desktop\Projects\FullStackProjects\_ref\xstate-statemachine\src\xstate_statemachine\interpreter.py", line 3347, in _settle
    produced = await handoff
               ^^^^^^^^^^^^^
  File "C:\Python\Python313\Lib\concurrent\futures\thread.py", line 59, in run
    result = self.fn(*self.args, **self.kwargs)
  File "C:\Users\basil\Desktop\Projects\FullStackProjects\CandleViewer\docs\research\xstate\battle-v0.9.1\contracts\b6b10\cv09.py", line 180, in s
    return resolve(n, interp, ctx, evt)
  File "C:\Users\basil\Desktop\Projects\FullStackProjects\CandleViewer\docs\research\xstate\battle-v0.9.1\contracts\b6b10\cv09.py", line 166, in resolve
    raise v
  File "C:\Users\basil\Desktop\Projects\FullStackProjects\_ref\xstate-statemachine\src\xstate_statemachine\interpreter.py", line 3347, in _settle
    produced = await handoff
               ^^^^^^^^^^^^^
  File "C:\Python\Python313\Lib\concurrent\futures\thread.py", line 59, in run
    result = self.fn(*self.args, **self.kwargs)
  File "C:\Users\basil\Desktop\Projects\FullStackProjects\CandleViewer\docs\research\xstate\battle-v0.9.1\contracts\b6b10\cv09.py", line 180, in s
    return resolve(n, interp, ctx, evt)
  File "C:\Users\basil\Desktop\Projects\FullStackProjects\CandleViewer\docs\research\xstate\battle-v0.9.1\contracts\b6b10\cv09.py", line 166, in resolve
    raise v
  File "C:\Users\basil\Desktop\Projects\FullStackProjects\_ref\xstate-statemachine\src\xstate_statemachine\interpreter.py", line 3347, in _settle
    produced = await handoff
               ^^^^^^^^^^^^^
  File "C:\Python\Python313\Lib\concurrent\futures\thread.py", line 59, in run
    result = self.fn(*self.args, **self.kwargs)
  File "C:\Users\basil\Desktop\Projects\FullStackProjects\CandleViewer\docs\research\xstate\battle-v0.9.1\contracts\b6b10\cv09.py", line 180, in s
    return resolve(n, interp, ctx, evt)
  File "C:\Users\basil\Desktop\Projects\FullStackProjects\CandleViewer\docs\research\xstate\battle-v0.9.1\contracts\b6b10\cv09.py", line 166, in resolve
    raise v
RuntimeError: rej
ERROR:xstate_statemachine.interpreter:💥 Service 'attach_native_sl' (ID: 'att') failed: rej
Traceback (most recent call last):
  File "C:\Users\basil\Desktop\Projects\FullStackProjects\_ref\xstate-statemachine\src\xstate_statemachine\interpreter.py", line 3347, in _settle
    produced = await handoff
               ^^^^^^^^^^^^^
  File "C:\Python\Python313\Lib\concurrent\futures\thread.py", line 59, in run
    result = self.fn(*self.args, **self.kwargs)
  File "C:\Users\basil\Desktop\Projects\FullStackProjects\CandleViewer\docs\research\xstate\battle-v0.9.1\contracts\b6b10\cv09.py", line 180, in s
    return resolve(n, interp, ctx, evt)
  File "C:\Users\basil\Desktop\Projects\FullStackProjects\CandleViewer\docs\research\xstate\battle-v0.9.1\contracts\b6b10\cv09.py", line 166, in resolve
    raise v
  File "C:\Users\basil\Desktop\Projects\FullStackProjects\_ref\xstate-statemachine\src\xstate_statemachine\interpreter.py", line 3347, in _settle
    produced = await handoff
               ^^^^^^^^^^^^^
  File "C:\Python\Python313\Lib\concurrent\futures\thread.py", line 59, in run
    result = self.fn(*self.args, **self.kwargs)
  File "C:\Users\basil\Desktop\Projects\FullStackProjects\CandleViewer\docs\research\xstate\battle-v0.9.1\contracts\b6b10\cv09.py", line 180, in s
    return resolve(n, interp, ctx, evt)
  File "C:\Users\basil\Desktop\Projects\FullStackProjects\CandleViewer\docs\research\xstate\battle-v0.9.1\contracts\b6b10\cv09.py", line 166, in resolve
    raise v
  File "C:\Users\basil\Desktop\Projects\FullStackProjects\_ref\xstate-statemachine\src\xstate_statemachine\interpreter.py", line 3347, in _settle
    produced = await handoff
               ^^^^^^^^^^^^^
  File "C:\Python\Python313\Lib\concurrent\futures\thread.py", line 59, in run
    result = self.fn(*self.args, **self.kwargs)
  File "C:\Users\basil\Desktop\Projects\FullStackProjects\CandleViewer\docs\research\xstate\battle-v0.9.1\contracts\b6b10\cv09.py", line 180, in s
    return resolve(n, interp, ctx, evt)
  File "C:\Users\basil\Desktop\Projects\FullStackProjects\CandleViewer\docs\research\xstate\battle-v0.9.1\contracts\b6b10\cv09.py", line 166, in resolve
    raise v
  File "C:\Users\basil\Desktop\Projects\FullStackProjects\_ref\xstate-statemachine\src\xstate_statemachine\interpreter.py", line 3347, in _settle
    produced = await handoff
               ^^^^^^^^^^^^^
  File "C:\Python\Python313\Lib\concurrent\futures\thread.py", line 59, in run
    result = self.fn(*self.args, **self.kwargs)
  File "C:\Users\basil\Desktop\Projects\FullStackProjects\CandleViewer\docs\research\xstate\battle-v0.9.1\contracts\b6b10\cv09.py", line 180, in s
    return resolve(n, interp, ctx, evt)
  File "C:\Users\basil\Desktop\Projects\FullStackProjects\CandleViewer\docs\research\xstate\battle-v0.9.1\contracts\b6b10\cv09.py", line 166, in resolve
    raise v
  File "C:\Users\basil\Desktop\Projects\FullStackProjects\_ref\xstate-statemachine\src\xstate_statemachine\interpreter.py", line 3347, in _settle
    produced = await handoff
               ^^^^^^^^^^^^^
  File "C:\Python\Python313\Lib\concurrent\futures\thread.py", line 59, in run
    result = self.fn(*self.args, **self.kwargs)
  File "C:\Users\basil\Desktop\Projects\FullStackProjects\CandleViewer\docs\research\xstate\battle-v0.9.1\contracts\b6b10\cv09.py", line 180, in s
    return resolve(n, interp, ctx, evt)
  File "C:\Users\basil\Desktop\Projects\FullStackProjects\CandleViewer\docs\research\xstate\battle-v0.9.1\contracts\b6b10\cv09.py", line 166, in resolve
    raise v
  File "C:\Users\basil\Desktop\Projects\FullStackProjects\_ref\xstate-statemachine\src\xstate_statemachine\interpreter.py", line 3347, in _settle
    produced = await handoff
               ^^^^^^^^^^^^^
  File "C:\Python\Python313\Lib\concurrent\futures\thread.py", line 59, in run
    result = self.fn(*self.args, **self.kwargs)
  File "C:\Users\basil\Desktop\Projects\FullStackProjects\CandleViewer\docs\research\xstate\battle-v0.9.1\contracts\b6b10\cv09.py", line 180, in s
    return resolve(n, interp, ctx, evt)
  File "C:\Users\basil\Desktop\Projects\FullStackProjects\CandleViewer\docs\research\xstate\battle-v0.9.1\contracts\b6b10\cv09.py", line 166, in resolve
    raise v
  File "C:\Users\basil\Desktop\Projects\FullStackProjects\_ref\xstate-statemachine\src\xstate_statemachine\interpreter.py", line 3347, in _settle
    produced = await handoff
               ^^^^^^^^^^^^^
  File "C:\Python\Python313\Lib\concurrent\futures\thread.py", line 59, in run
    result = self.fn(*self.args, **self.kwargs)
  File "C:\Users\basil\Desktop\Projects\FullStackProjects\CandleViewer\docs\research\xstate\battle-v0.9.1\contracts\b6b10\cv09.py", line 180, in s
    return resolve(n, interp, ctx, evt)
  File "C:\Users\basil\Desktop\Projects\FullStackProjects\CandleViewer\docs\research\xstate\battle-v0.9.1\contracts\b6b10\cv09.py", line 166, in resolve
    raise v
RuntimeError: rej
ERROR:xstate_statemachine.interpreter:💥 Service 'attach_native_sl' (ID: 'att') failed: rej
Traceback (most recent call last):
  File "C:\Users\basil\Desktop\Projects\FullStackProjects\_ref\xstate-statemachine\src\xstate_statemachine\interpreter.py", line 3347, in _settle
    produced = await handoff
               ^^^^^^^^^^^^^
  File "C:\Python\Python313\Lib\concurrent\futures\thread.py", line 59, in run
    result = self.fn(*self.args, **self.kwargs)
  File "C:\Users\basil\Desktop\Projects\FullStackProjects\CandleViewer\docs\research\xstate\battle-v0.9.1\contracts\b6b10\cv09.py", line 180, in s
    return resolve(n, interp, ctx, evt)
  File "C:\Users\basil\Desktop\Projects\FullStackProjects\CandleViewer\docs\research\xstate\battle-v0.9.1\contracts\b6b10\cv09.py", line 166, in resolve
    raise v
  File "C:\Users\basil\Desktop\Projects\FullStackProjects\_ref\xstate-statemachine\src\xstate_statemachine\interpreter.py", line 3347, in _settle
    produced = await handoff
               ^^^^^^^^^^^^^
  File "C:\Python\Python313\Lib\concurrent\futures\thread.py", line 59, in run
    result = self.fn(*self.args, **self.kwargs)
  File "C:\Users\basil\Desktop\Projects\FullStackProjects\CandleViewer\docs\research\xstate\battle-v0.9.1\contracts\b6b10\cv09.py", line 180, in s
    return resolve(n, interp, ctx, evt)
  File "C:\Users\basil\Desktop\Projects\FullStackProjects\CandleViewer\docs\research\xstate\battle-v0.9.1\contracts\b6b10\cv09.py", line 166, in resolve
    raise v
  File "C:\Users\basil\Desktop\Projects\FullStackProjects\_ref\xstate-statemachine\src\xstate_statemachine\interpreter.py", line 3347, in _settle
    produced = await handoff
               ^^^^^^^^^^^^^
  File "C:\Python\Python313\Lib\concurrent\futures\thread.py", line 59, in run
    result = self.fn(*self.args, **self.kwargs)
  File "C:\Users\basil\Desktop\Projects\FullStackProjects\CandleViewer\docs\research\xstate\battle-v0.9.1\contracts\b6b10\cv09.py", line 180, in s
    return resolve(n, interp, ctx, evt)
  File "C:\Users\basil\Desktop\Projects\FullStackProjects\CandleViewer\docs\research\xstate\battle-v0.9.1\contracts\b6b10\cv09.py", line 166, in resolve
    raise v
  File "C:\Users\basil\Desktop\Projects\FullStackProjects\_ref\xstate-statemachine\src\xstate_statemachine\interpreter.py", line 3347, in _settle
    produced = await handoff
               ^^^^^^^^^^^^^
  File "C:\Python\Python313\Lib\concurrent\futures\thread.py", line 59, in run
    result = self.fn(*self.args, **self.kwargs)
  File "C:\Users\basil\Desktop\Projects\FullStackProjects\CandleViewer\docs\research\xstate\battle-v0.9.1\contracts\b6b10\cv09.py", line 180, in s
    return resolve(n, interp, ctx, evt)
  File "C:\Users\basil\Desktop\Projects\FullStackProjects\CandleViewer\docs\research\xstate\battle-v0.9.1\contracts\b6b10\cv09.py", line 166, in resolve
    raise v
  File "C:\Users\basil\Desktop\Projects\FullStackProjects\_ref\xstate-statemachine\src\xstate_statemachine\interpreter.py", line 3347, in _settle
    produced = await handoff
               ^^^^^^^^^^^^^
  File "C:\Python\Python313\Lib\concurrent\futures\thread.py", line 59, in run
    result = self.fn(*self.args, **self.kwargs)
  File "C:\Users\basil\Desktop\Projects\FullStackProjects\CandleViewer\docs\research\xstate\battle-v0.9.1\contracts\b6b10\cv09.py", line 180, in s
    return resolve(n, interp, ctx, evt)
  File "C:\Users\basil\Desktop\Projects\FullStackProjects\CandleViewer\docs\research\xstate\battle-v0.9.1\contracts\b6b10\cv09.py", line 166, in resolve
    raise v
  File "C:\Users\basil\Desktop\Projects\FullStackProjects\_ref\xstate-statemachine\src\xstate_statemachine\interpreter.py", line 3347, in _settle
    produced = await handoff
               ^^^^^^^^^^^^^
  File "C:\Python\Python313\Lib\concurrent\futures\thread.py", line 59, in run
    result = self.fn(*self.args, **self.kwargs)
  File "C:\Users\basil\Desktop\Projects\FullStackProjects\CandleViewer\docs\research\xstate\battle-v0.9.1\contracts\b6b10\cv09.py", line 180, in s
    return resolve(n, interp, ctx, evt)
  File "C:\Users\basil\Desktop\Projects\FullStackProjects\CandleViewer\docs\research\xstate\battle-v0.9.1\contracts\b6b10\cv09.py", line 166, in resolve
    raise v
  File "C:\Users\basil\Desktop\Projects\FullStackProjects\_ref\xstate-statemachine\src\xstate_statemachine\interpreter.py", line 3347, in _settle
    produced = await handoff
               ^^^^^^^^^^^^^
  File "C:\Python\Python313\Lib\concurrent\futures\thread.py", line 59, in run
    result = self.fn(*self.args, **self.kwargs)
  File "C:\Users\basil\Desktop\Projects\FullStackProjects\CandleViewer\docs\research\xstate\battle-v0.9.1\contracts\b6b10\cv09.py", line 180, in s
    return resolve(n, interp, ctx, evt)
  File "C:\Users\basil\Desktop\Projects\FullStackProjects\CandleViewer\docs\research\xstate\battle-v0.9.1\contracts\b6b10\cv09.py", line 166, in resolve
    raise v
  File "C:\Users\basil\Desktop\Projects\FullStackProjects\_ref\xstate-statemachine\src\xstate_statemachine\interpreter.py", line 3347, in _settle
    produced = await handoff
               ^^^^^^^^^^^^^
  File "C:\Python\Python313\Lib\concurrent\futures\thread.py", line 59, in run
    result = self.fn(*self.args, **self.kwargs)
  File "C:\Users\basil\Desktop\Projects\FullStackProjects\CandleViewer\docs\research\xstate\battle-v0.9.1\contracts\b6b10\cv09.py", line 180, in s
    return resolve(n, interp, ctx, evt)
  File "C:\Users\basil\Desktop\Projects\FullStackProjects\CandleViewer\docs\research\xstate\battle-v0.9.1\contracts\b6b10\cv09.py", line 166, in resolve
    raise v
RuntimeError: rej
ERROR:xstate_statemachine.interpreter:💥 Service 'attach_native_sl' (ID: 'att') failed: rej
Traceback (most recent call last):
  File "C:\Users\basil\Desktop\Projects\FullStackProjects\_ref\xstate-statemachine\src\xstate_statemachine\interpreter.py", line 3347, in _settle
    produced = await handoff
               ^^^^^^^^^^^^^
  File "C:\Python\Python313\Lib\concurrent\futures\thread.py", line 59, in run
    result = self.fn(*self.args, **self.kwargs)
  File "C:\Users\basil\Desktop\Projects\FullStackProjects\CandleViewer\docs\research\xstate\battle-v0.9.1\contracts\b6b10\cv09.py", line 180, in s
    return resolve(n, interp, ctx, evt)
  File "C:\Users\basil\Desktop\Projects\FullStackProjects\CandleViewer\docs\research\xstate\battle-v0.9.1\contracts\b6b10\cv09.py", line 166, in resolve
    raise v
  File "C:\Users\basil\Desktop\Projects\FullStackProjects\_ref\xstate-statemachine\src\xstate_statemachine\interpreter.py", line 3347, in _settle
    produced = await handoff
               ^^^^^^^^^^^^^
  File "C:\Python\Python313\Lib\concurrent\futures\thread.py", line 59, in run
    result = self.fn(*self.args, **self.kwargs)
  File "C:\Users\basil\Desktop\Projects\FullStackProjects\CandleViewer\docs\research\xstate\battle-v0.9.1\contracts\b6b10\cv09.py", line 180, in s
    return resolve(n, interp, ctx, evt)
  File "C:\Users\basil\Desktop\Projects\FullStackProjects\CandleViewer\docs\research\xstate\battle-v0.9.1\contracts\b6b10\cv09.py", line 166, in resolve
    raise v
  File "C:\Users\basil\Desktop\Projects\FullStackProjects\_ref\xstate-statemachine\src\xstate_statemachine\interpreter.py", line 3347, in _settle
    produced = await handoff
               ^^^^^^^^^^^^^
  File "C:\Python\Python313\Lib\concurrent\futures\thread.py", line 59, in run
    result = self.fn(*self.args, **self.kwargs)
  File "C:\Users\basil\Desktop\Projects\FullStackProjects\CandleViewer\docs\research\xstate\battle-v0.9.1\contracts\b6b10\cv09.py", line 180, in s
    return resolve(n, interp, ctx, evt)
  File "C:\Users\basil\Desktop\Projects\FullStackProjects\CandleViewer\docs\research\xstate\battle-v0.9.1\contracts\b6b10\cv09.py", line 166, in resolve
    raise v
  File "C:\Users\basil\Desktop\Projects\FullStackProjects\_ref\xstate-statemachine\src\xstate_statemachine\interpreter.py", line 3347, in _settle
    produced = await handoff
               ^^^^^^^^^^^^^
  File "C:\Python\Python313\Lib\concurrent\futures\thread.py", line 59, in run
    result = self.fn(*self.args, **self.kwargs)
  File "C:\Users\basil\Desktop\Projects\FullStackProjects\CandleViewer\docs\research\xstate\battle-v0.9.1\contracts\b6b10\cv09.py", line 180, in s
    return resolve(n, interp, ctx, evt)
  File "C:\Users\basil\Desktop\Projects\FullStackProjects\CandleViewer\docs\research\xstate\battle-v0.9.1\contracts\b6b10\cv09.py", line 166, in resolve
    raise v
  File "C:\Users\basil\Desktop\Projects\FullStackProjects\_ref\xstate-statemachine\src\xstate_statemachine\interpreter.py", line 3347, in _settle
    produced = await handoff
               ^^^^^^^^^^^^^
  File "C:\Python\Python313\Lib\concurrent\futures\thread.py", line 59, in run
    result = self.fn(*self.args, **self.kwargs)
  File "C:\Users\basil\Desktop\Projects\FullStackProjects\CandleViewer\docs\research\xstate\battle-v0.9.1\contracts\b6b10\cv09.py", line 180, in s
    return resolve(n, interp, ctx, evt)
  File "C:\Users\basil\Desktop\Projects\FullStackProjects\CandleViewer\docs\research\xstate\battle-v0.9.1\contracts\b6b10\cv09.py", line 166, in resolve
    raise v
  File "C:\Users\basil\Desktop\Projects\FullStackProjects\_ref\xstate-statemachine\src\xstate_statemachine\interpreter.py", line 3347, in _settle
    produced = await handoff
               ^^^^^^^^^^^^^
  File "C:\Python\Python313\Lib\concurrent\futures\thread.py", line 59, in run
    result = self.fn(*self.args, **self.kwargs)
  File "C:\Users\basil\Desktop\Projects\FullStackProjects\CandleViewer\docs\research\xstate\battle-v0.9.1\contracts\b6b10\cv09.py", line 180, in s
    return resolve(n, interp, ctx, evt)
  File "C:\Users\basil\Desktop\Projects\FullStackProjects\CandleViewer\docs\research\xstate\battle-v0.9.1\contracts\b6b10\cv09.py", line 166, in resolve
    raise v
  File "C:\Users\basil\Desktop\Projects\FullStackProjects\_ref\xstate-statemachine\src\xstate_statemachine\interpreter.py", line 3347, in _settle
    produced = await handoff
               ^^^^^^^^^^^^^
  File "C:\Python\Python313\Lib\concurrent\futures\thread.py", line 59, in run
    result = self.fn(*self.args, **self.kwargs)
  File "C:\Users\basil\Desktop\Projects\FullStackProjects\CandleViewer\docs\research\xstate\battle-v0.9.1\contracts\b6b10\cv09.py", line 180, in s
    return resolve(n, interp, ctx, evt)
  File "C:\Users\basil\Desktop\Projects\FullStackProjects\CandleViewer\docs\research\xstate\battle-v0.9.1\contracts\b6b10\cv09.py", line 166, in resolve
    raise v
  File "C:\Users\basil\Desktop\Projects\FullStackProjects\_ref\xstate-statemachine\src\xstate_statemachine\interpreter.py", line 3347, in _settle
    produced = await handoff
               ^^^^^^^^^^^^^
  File "C:\Python\Python313\Lib\concurrent\futures\thread.py", line 59, in run
    result = self.fn(*self.args, **self.kwargs)
  File "C:\Users\basil\Desktop\Projects\FullStackProjects\CandleViewer\docs\research\xstate\battle-v0.9.1\contracts\b6b10\cv09.py", line 180, in s
    return resolve(n, interp, ctx, evt)
  File "C:\Users\basil\Desktop\Projects\FullStackProjects\CandleViewer\docs\research\xstate\battle-v0.9.1\contracts\b6b10\cv09.py", line 166, in resolve
    raise v
  File "C:\Users\basil\Desktop\Projects\FullStackProjects\_ref\xstate-statemachine\src\xstate_statemachine\interpreter.py", line 3347, in _settle
    produced = await handoff
               ^^^^^^^^^^^^^
  File "C:\Python\Python313\Lib\concurrent\futures\thread.py", line 59, in run
    result = self.fn(*self.args, **self.kwargs)
  File "C:\Users\basil\Desktop\Projects\FullStackProjects\CandleViewer\docs\research\xstate\battle-v0.9.1\contracts\b6b10\cv09.py", line 180, in s
    return resolve(n, interp, ctx, evt)
  File "C:\Users\basil\Desktop\Projects\FullStackProjects\CandleViewer\docs\research\xstate\battle-v0.9.1\contracts\b6b10\cv09.py", line 166, in resolve
    raise v
RuntimeError: rej
ERROR:xstate_statemachine.interpreter:💥 Service 'attach_native_sl' (ID: 'att') failed: rej
Traceback (most recent call last):
  File "C:\Users\basil\Desktop\Projects\FullStackProjects\_ref\xstate-statemachine\src\xstate_statemachine\interpreter.py", line 3347, in _settle
    produced = await handoff
               ^^^^^^^^^^^^^
  File "C:\Python\Python313\Lib\concurrent\futures\thread.py", line 59, in run
    result = self.fn(*self.args, **self.kwargs)
  File "C:\Users\basil\Desktop\Projects\FullStackProjects\CandleViewer\docs\research\xstate\battle-v0.9.1\contracts\b6b10\cv09.py", line 180, in s
    return resolve(n, interp, ctx, evt)
  File "C:\Users\basil\Desktop\Projects\FullStackProjects\CandleViewer\docs\research\xstate\battle-v0.9.1\contracts\b6b10\cv09.py", line 166, in resolve
    raise v
  File "C:\Users\basil\Desktop\Projects\FullStackProjects\_ref\xstate-statemachine\src\xstate_statemachine\interpreter.py", line 3347, in _settle
    produced = await handoff
               ^^^^^^^^^^^^^
  File "C:\Python\Python313\Lib\concurrent\futures\thread.py", line 59, in run
    result = self.fn(*self.args, **self.kwargs)
  File "C:\Users\basil\Desktop\Projects\FullStackProjects\CandleViewer\docs\research\xstate\battle-v0.9.1\contracts\b6b10\cv09.py", line 180, in s
    return resolve(n, interp, ctx, evt)
  File "C:\Users\basil\Desktop\Projects\FullStackProjects\CandleViewer\docs\research\xstate\battle-v0.9.1\contracts\b6b10\cv09.py", line 166, in resolve
    raise v
  File "C:\Users\basil\Desktop\Projects\FullStackProjects\_ref\xstate-statemachine\src\xstate_statemachine\interpreter.py", line 3347, in _settle
    produced = await handoff
               ^^^^^^^^^^^^^
  File "C:\Python\Python313\Lib\concurrent\futures\thread.py", line 59, in run
    result = self.fn(*self.args, **self.kwargs)
  File "C:\Users\basil\Desktop\Projects\FullStackProjects\CandleViewer\docs\research\xstate\battle-v0.9.1\contracts\b6b10\cv09.py", line 180, in s
    return resolve(n, interp, ctx, evt)
  File "C:\Users\basil\Desktop\Projects\FullStackProjects\CandleViewer\docs\research\xstate\battle-v0.9.1\contracts\b6b10\cv09.py", line 166, in resolve
    raise v
  File "C:\Users\basil\Desktop\Projects\FullStackProjects\_ref\xstate-statemachine\src\xstate_statemachine\interpreter.py", line 3347, in _settle
    produced = await handoff
               ^^^^^^^^^^^^^
  File "C:\Python\Python313\Lib\concurrent\futures\thread.py", line 59, in run
    result = self.fn(*self.args, **self.kwargs)
  File "C:\Users\basil\Desktop\Projects\FullStackProjects\CandleViewer\docs\research\xstate\battle-v0.9.1\contracts\b6b10\cv09.py", line 180, in s
    return resolve(n, interp, ctx, evt)
  File "C:\Users\basil\Desktop\Projects\FullStackProjects\CandleViewer\docs\research\xstate\battle-v0.9.1\contracts\b6b10\cv09.py", line 166, in resolve
    raise v
  File "C:\Users\basil\Desktop\Projects\FullStackProjects\_ref\xstate-statemachine\src\xstate_statemachine\interpreter.py", line 3347, in _settle
    produced = await handoff
               ^^^^^^^^^^^^^
  File "C:\Python\Python313\Lib\concurrent\futures\thread.py", line 59, in run
    result = self.fn(*self.args, **self.kwargs)
  File "C:\Users\basil\Desktop\Projects\FullStackProjects\CandleViewer\docs\research\xstate\battle-v0.9.1\contracts\b6b10\cv09.py", line 180, in s
    return resolve(n, interp, ctx, evt)
  File "C:\Users\basil\Desktop\Projects\FullStackProjects\CandleViewer\docs\research\xstate\battle-v0.9.1\contracts\b6b10\cv09.py", line 166, in resolve
    raise v
  File "C:\Users\basil\Desktop\Projects\FullStackProjects\_ref\xstate-statemachine\src\xstate_statemachine\interpreter.py", line 3347, in _settle
    produced = await handoff
               ^^^^^^^^^^^^^
  File "C:\Python\Python313\Lib\concurrent\futures\thread.py", line 59, in run
    result = self.fn(*self.args, **self.kwargs)
  File "C:\Users\basil\Desktop\Projects\FullStackProjects\CandleViewer\docs\research\xstate\battle-v0.9.1\contracts\b6b10\cv09.py", line 180, in s
    return resolve(n, interp, ctx, evt)
  File "C:\Users\basil\Desktop\Projects\FullStackProjects\CandleViewer\docs\research\xstate\battle-v0.9.1\contracts\b6b10\cv09.py", line 166, in resolve
    raise v
  File "C:\Users\basil\Desktop\Projects\FullStackProjects\_ref\xstate-statemachine\src\xstate_statemachine\interpreter.py", line 3347, in _settle
    produced = await handoff
               ^^^^^^^^^^^^^
  File "C:\Python\Python313\Lib\concurrent\futures\thread.py", line 59, in run
    result = self.fn(*self.args, **self.kwargs)
  File "C:\Users\basil\Desktop\Projects\FullStackProjects\CandleViewer\docs\research\xstate\battle-v0.9.1\contracts\b6b10\cv09.py", line 180, in s
    return resolve(n, interp, ctx, evt)
  File "C:\Users\basil\Desktop\Projects\FullStackProjects\CandleViewer\docs\research\xstate\battle-v0.9.1\contracts\b6b10\cv09.py", line 166, in resolve
    raise v
  File "C:\Users\basil\Desktop\Projects\FullStackProjects\_ref\xstate-statemachine\src\xstate_statemachine\interpreter.py", line 3347, in _settle
    produced = await handoff
               ^^^^^^^^^^^^^
  File "C:\Python\Python313\Lib\concurrent\futures\thread.py", line 59, in run
    result = self.fn(*self.args, **self.kwargs)
  File "C:\Users\basil\Desktop\Projects\FullStackProjects\CandleViewer\docs\research\xstate\battle-v0.9.1\contracts\b6b10\cv09.py", line 180, in s
    return resolve(n, interp, ctx, evt)
  File "C:\Users\basil\Desktop\Projects\FullStackProjects\CandleViewer\docs\research\xstate\battle-v0.9.1\contracts\b6b10\cv09.py", line 166, in resolve
    raise v
  File "C:\Users\basil\Desktop\Projects\FullStackProjects\_ref\xstate-statemachine\src\xstate_statemachine\interpreter.py", line 3347, in _settle
    produced = await handoff
               ^^^^^^^^^^^^^
  File "C:\Python\Python313\Lib\concurrent\futures\thread.py", line 59, in run
    result = self.fn(*self.args, **self.kwargs)
  File "C:\Users\basil\Desktop\Projects\FullStackProjects\CandleViewer\docs\research\xstate\battle-v0.9.1\contracts\b6b10\cv09.py", line 180, in s
    return resolve(n, interp, ctx, evt)
  File "C:\Users\basil\Desktop\Projects\FullStackProjects\CandleViewer\docs\research\xstate\battle-v0.9.1\contracts\b6b10\cv09.py", line 166, in resolve
    raise v
  File "C:\Users\basil\Desktop\Projects\FullStackProjects\_ref\xstate-statemachine\src\xstate_statemachine\interpreter.py", line 3347, in _settle
    produced = await handoff
               ^^^^^^^^^^^^^
  File "C:\Python\Python313\Lib\concurrent\futures\thread.py", line 59, in run
    result = self.fn(*self.args, **self.kwargs)
  File "C:\Users\basil\Desktop\Projects\FullStackProjects\CandleViewer\docs\research\xstate\battle-v0.9.1\contracts\b6b10\cv09.py", line 180, in s
    return resolve(n, interp, ctx, evt)
  File "C:\Users\basil\Desktop\Projects\FullStackProjects\CandleViewer\docs\research\xstate\battle-v0.9.1\contracts\b6b10\cv09.py", line 166, in resolve
    raise v
RuntimeError: rej
ERROR:xstate_statemachine.interpreter:💥 Service 'attach_native_sl' (ID: 'att') failed: rej
Traceback (most recent call last):
  File "C:\Users\basil\Desktop\Projects\FullStackProjects\_ref\xstate-statemachine\src\xstate_statemachine\interpreter.py", line 3347, in _settle
    produced = await handoff
               ^^^^^^^^^^^^^
  File "C:\Python\Python313\Lib\concurrent\futures\thread.py", line 59, in run
    result = self.fn(*self.args, **self.kwargs)
  File "C:\Users\basil\Desktop\Projects\FullStackProjects\CandleViewer\docs\research\xstate\battle-v0.9.1\contracts\b6b10\cv09.py", line 180, in s
    return resolve(n, interp, ctx, evt)
  File "C:\Users\basil\Desktop\Projects\FullStackProjects\CandleViewer\docs\research\xstate\battle-v0.9.1\contracts\b6b10\cv09.py", line 166, in resolve
    raise v
  File "C:\Users\basil\Desktop\Projects\FullStackProjects\_ref\xstate-statemachine\src\xstate_statemachine\interpreter.py", line 3347, in _settle
    produced = await handoff
               ^^^^^^^^^^^^^
  File "C:\Python\Python313\Lib\concurrent\futures\thread.py", line 59, in run
    result = self.fn(*self.args, **self.kwargs)
  File "C:\Users\basil\Desktop\Projects\FullStackProjects\CandleViewer\docs\research\xstate\battle-v0.9.1\contracts\b6b10\cv09.py", line 180, in s
    return resolve(n, interp, ctx, evt)
  File "C:\Users\basil\Desktop\Projects\FullStackProjects\CandleViewer\docs\research\xstate\battle-v0.9.1\contracts\b6b10\cv09.py", line 166, in resolve
    raise v
  File "C:\Users\basil\Desktop\Projects\FullStackProjects\_ref\xstate-statemachine\src\xstate_statemachine\interpreter.py", line 3347, in _settle
    produced = await handoff
               ^^^^^^^^^^^^^
  File "C:\Python\Python313\Lib\concurrent\futures\thread.py", line 59, in run
    result = self.fn(*self.args, **self.kwargs)
  File "C:\Users\basil\Desktop\Projects\FullStackProjects\CandleViewer\docs\research\xstate\battle-v0.9.1\contracts\b6b10\cv09.py", line 180, in s
    return resolve(n, interp, ctx, evt)
  File "C:\Users\basil\Desktop\Projects\FullStackProjects\CandleViewer\docs\research\xstate\battle-v0.9.1\contracts\b6b10\cv09.py", line 166, in resolve
    raise v
  File "C:\Users\basil\Desktop\Projects\FullStackProjects\_ref\xstate-statemachine\src\xstate_statemachine\interpreter.py", line 3347, in _settle
    produced = await handoff
               ^^^^^^^^^^^^^
  File "C:\Python\Python313\Lib\concurrent\futures\thread.py", line 59, in run
    result = self.fn(*self.args, **self.kwargs)
  File "C:\Users\basil\Desktop\Projects\FullStackProjects\CandleViewer\docs\research\xstate\battle-v0.9.1\contracts\b6b10\cv09.py", line 180, in s
    return resolve(n, interp, ctx, evt)
  File "C:\Users\basil\Desktop\Projects\FullStackProjects\CandleViewer\docs\research\xstate\battle-v0.9.1\contracts\b6b10\cv09.py", line 166, in resolve
    raise v
  File "C:\Users\basil\Desktop\Projects\FullStackProjects\_ref\xstate-statemachine\src\xstate_statemachine\interpreter.py", line 3347, in _settle
    produced = await handoff
               ^^^^^^^^^^^^^
  File "C:\Python\Python313\Lib\concurrent\futures\thread.py", line 59, in run
    result = self.fn(*self.args, **self.kwargs)
  File "C:\Users\basil\Desktop\Projects\FullStackProjects\CandleViewer\docs\research\xstate\battle-v0.9.1\contracts\b6b10\cv09.py", line 180, in s
    return resolve(n, interp, ctx, evt)
  File "C:\Users\basil\Desktop\Projects\FullStackProjects\CandleViewer\docs\research\xstate\battle-v0.9.1\contracts\b6b10\cv09.py", line 166, in resolve
    raise v
  File "C:\Users\basil\Desktop\Projects\FullStackProjects\_ref\xstate-statemachine\src\xstate_statemachine\interpreter.py", line 3347, in _settle
    produced = await handoff
               ^^^^^^^^^^^^^
  File "C:\Python\Python313\Lib\concurrent\futures\thread.py", line 59, in run
    result = self.fn(*self.args, **self.kwargs)
  File "C:\Users\basil\Desktop\Projects\FullStackProjects\CandleViewer\docs\research\xstate\battle-v0.9.1\contracts\b6b10\cv09.py", line 180, in s
    return resolve(n, interp, ctx, evt)
  File "C:\Users\basil\Desktop\Projects\FullStackProjects\CandleViewer\docs\research\xstate\battle-v0.9.1\contracts\b6b10\cv09.py", line 166, in resolve
    raise v
  File "C:\Users\basil\Desktop\Projects\FullStackProjects\_ref\xstate-statemachine\src\xstate_statemachine\interpreter.py", line 3347, in _settle
    produced = await handoff
               ^^^^^^^^^^^^^
  File "C:\Python\Python313\Lib\concurrent\futures\thread.py", line 59, in run
    result = self.fn(*self.args, **self.kwargs)
  File "C:\Users\basil\Desktop\Projects\FullStackProjects\CandleViewer\docs\research\xstate\battle-v0.9.1\contracts\b6b10\cv09.py", line 180, in s
    return resolve(n, interp, ctx, evt)
  File "C:\Users\basil\Desktop\Projects\FullStackProjects\CandleViewer\docs\research\xstate\battle-v0.9.1\contracts\b6b10\cv09.py", line 166, in resolve
    raise v
  File "C:\Users\basil\Desktop\Projects\FullStackProjects\_ref\xstate-statemachine\src\xstate_statemachine\interpreter.py", line 3347, in _settle
    produced = await handoff
               ^^^^^^^^^^^^^
  File "C:\Python\Python313\Lib\concurrent\futures\thread.py", line 59, in run
    result = self.fn(*self.args, **self.kwargs)
  File "C:\Users\basil\Desktop\Projects\FullStackProjects\CandleViewer\docs\research\xstate\battle-v0.9.1\contracts\b6b10\cv09.py", line 180, in s
    return resolve(n, interp, ctx, evt)
  File "C:\Users\basil\Desktop\Projects\FullStackProjects\CandleViewer\docs\research\xstate\battle-v0.9.1\contracts\b6b10\cv09.py", line 166, in resolve
    raise v
  File "C:\Users\basil\Desktop\Projects\FullStackProjects\_ref\xstate-statemachine\src\xstate_statemachine\interpreter.py", line 3347, in _settle
    produced = await handoff
               ^^^^^^^^^^^^^
  File "C:\Python\Python313\Lib\concurrent\futures\thread.py", line 59, in run
    result = self.fn(*self.args, **self.kwargs)
  File "C:\Users\basil\Desktop\Projects\FullStackProjects\CandleViewer\docs\research\xstate\battle-v0.9.1\contracts\b6b10\cv09.py", line 180, in s
    return resolve(n, interp, ctx, evt)
  File "C:\Users\basil\Desktop\Projects\FullStackProjects\CandleViewer\docs\research\xstate\battle-v0.9.1\contracts\b6b10\cv09.py", line 166, in resolve
    raise v
  File "C:\Users\basil\Desktop\Projects\FullStackProjects\_ref\xstate-statemachine\src\xstate_statemachine\interpreter.py", line 3347, in _settle
    produced = await handoff
               ^^^^^^^^^^^^^
  File "C:\Python\Python313\Lib\concurrent\futures\thread.py", line 59, in run
    result = self.fn(*self.args, **self.kwargs)
  File "C:\Users\basil\Desktop\Projects\FullStackProjects\CandleViewer\docs\research\xstate\battle-v0.9.1\contracts\b6b10\cv09.py", line 180, in s
    return resolve(n, interp, ctx, evt)
  File "C:\Users\basil\Desktop\Projects\FullStackProjects\CandleViewer\docs\research\xstate\battle-v0.9.1\contracts\b6b10\cv09.py", line 166, in resolve
    raise v
  File "C:\Users\basil\Desktop\Projects\FullStackProjects\_ref\xstate-statemachine\src\xstate_statemachine\interpreter.py", line 3347, in _settle
    produced = await handoff
               ^^^^^^^^^^^^^
  File "C:\Python\Python313\Lib\concurrent\futures\thread.py", line 59, in run
    result = self.fn(*self.args, **self.kwargs)
  File "C:\Users\basil\Desktop\Projects\FullStackProjects\CandleViewer\docs\research\xstate\battle-v0.9.1\contracts\b6b10\cv09.py", line 180, in s
    return resolve(n, interp, ctx, evt)
  File "C:\Users\basil\Desktop\Projects\FullStackProjects\CandleViewer\docs\research\xstate\battle-v0.9.1\contracts\b6b10\cv09.py", line 166, in resolve
    raise v
RuntimeError: rej
ERROR:xstate_statemachine.interpreter:💥 Service 'attach_native_sl' (ID: 'att') failed: rej
Traceback (most recent call last):
  File "C:\Users\basil\Desktop\Projects\FullStackProjects\_ref\xstate-statemachine\src\xstate_statemachine\interpreter.py", line 3347, in _settle
    produced = await handoff
               ^^^^^^^^^^^^^
  File "C:\Python\Python313\Lib\concurrent\futures\thread.py", line 59, in run
    result = self.fn(*self.args, **self.kwargs)
  File "C:\Users\basil\Desktop\Projects\FullStackProjects\CandleViewer\docs\research\xstate\battle-v0.9.1\contracts\b6b10\cv09.py", line 180, in s
    return resolve(n, interp, ctx, evt)
  File "C:\Users\basil\Desktop\Projects\FullStackProjects\CandleViewer\docs\research\xstate\battle-v0.9.1\contracts\b6b10\cv09.py", line 166, in resolve
    raise v
  File "C:\Users\basil\Desktop\Projects\FullStackProjects\_ref\xstate-statemachine\src\xstate_statemachine\interpreter.py", line 3347, in _settle
    produced = await handoff
               ^^^^^^^^^^^^^
  File "C:\Python\Python313\Lib\concurrent\futures\thread.py", line 59, in run
    result = self.fn(*self.args, **self.kwargs)
  File "C:\Users\basil\Desktop\Projects\FullStackProjects\CandleViewer\docs\research\xstate\battle-v0.9.1\contracts\b6b10\cv09.py", line 180, in s
    return resolve(n, interp, ctx, evt)
  File "C:\Users\basil\Desktop\Projects\FullStackProjects\CandleViewer\docs\research\xstate\battle-v0.9.1\contracts\b6b10\cv09.py", line 166, in resolve
    raise v
  File "C:\Users\basil\Desktop\Projects\FullStackProjects\_ref\xstate-statemachine\src\xstate_statemachine\interpreter.py", line 3347, in _settle
    produced = await handoff
               ^^^^^^^^^^^^^
  File "C:\Python\Python313\Lib\concurrent\futures\thread.py", line 59, in run
    result = self.fn(*self.args, **self.kwargs)
  File "C:\Users\basil\Desktop\Projects\FullStackProjects\CandleViewer\docs\research\xstate\battle-v0.9.1\contracts\b6b10\cv09.py", line 180, in s
    return resolve(n, interp, ctx, evt)
  File "C:\Users\basil\Desktop\Projects\FullStackProjects\CandleViewer\docs\research\xstate\battle-v0.9.1\contracts\b6b10\cv09.py", line 166, in resolve
    raise v
  File "C:\Users\basil\Desktop\Projects\FullStackProjects\_ref\xstate-statemachine\src\xstate_statemachine\interpreter.py", line 3347, in _settle
    produced = await handoff
               ^^^^^^^^^^^^^
  File "C:\Python\Python313\Lib\concurrent\futures\thread.py", line 59, in run
    result = self.fn(*self.args, **self.kwargs)
  File "C:\Users\basil\Desktop\Projects\FullStackProjects\CandleViewer\docs\research\xstate\battle-v0.9.1\contracts\b6b10\cv09.py", line 180, in s
    return resolve(n, interp, ctx, evt)
  File "C:\Users\basil\Desktop\Projects\FullStackProjects\CandleViewer\docs\research\xstate\battle-v0.9.1\contracts\b6b10\cv09.py", line 166, in resolve
    raise v
  File "C:\Users\basil\Desktop\Projects\FullStackProjects\_ref\xstate-statemachine\src\xstate_statemachine\interpreter.py", line 3347, in _settle
    produced = await handoff
               ^^^^^^^^^^^^^
  File "C:\Python\Python313\Lib\concurrent\futures\thread.py", line 59, in run
    result = self.fn(*self.args, **self.kwargs)
  File "C:\Users\basil\Desktop\Projects\FullStackProjects\CandleViewer\docs\research\xstate\battle-v0.9.1\contracts\b6b10\cv09.py", line 180, in s
    return resolve(n, interp, ctx, evt)
  File "C:\Users\basil\Desktop\Projects\FullStackProjects\CandleViewer\docs\research\xstate\battle-v0.9.1\contracts\b6b10\cv09.py", line 166, in resolve
    raise v
  File "C:\Users\basil\Desktop\Projects\FullStackProjects\_ref\xstate-statemachine\src\xstate_statemachine\interpreter.py", line 3347, in _settle
    produced = await handoff
               ^^^^^^^^^^^^^
  File "C:\Python\Python313\Lib\concurrent\futures\thread.py", line 59, in run
    result = self.fn(*self.args, **self.kwargs)
  File "C:\Users\basil\Desktop\Projects\FullStackProjects\CandleViewer\docs\research\xstate\battle-v0.9.1\contracts\b6b10\cv09.py", line 180, in s
    return resolve(n, interp, ctx, evt)
  File "C:\Users\basil\Desktop\Projects\FullStackProjects\CandleViewer\docs\research\xstate\battle-v0.9.1\contracts\b6b10\cv09.py", line 166, in resolve
    raise v
  File "C:\Users\basil\Desktop\Projects\FullStackProjects\_ref\xstate-statemachine\src\xstate_statemachine\interpreter.py", line 3347, in _settle
    produced = await handoff
               ^^^^^^^^^^^^^
  File "C:\Python\Python313\Lib\concurrent\futures\thread.py", line 59, in run
    result = self.fn(*self.args, **self.kwargs)
  File "C:\Users\basil\Desktop\Projects\FullStackProjects\CandleViewer\docs\research\xstate\battle-v0.9.1\contracts\b6b10\cv09.py", line 180, in s
    return resolve(n, interp, ctx, evt)
  File "C:\Users\basil\Desktop\Projects\FullStackProjects\CandleViewer\docs\research\xstate\battle-v0.9.1\contracts\b6b10\cv09.py", line 166, in resolve
    raise v
  File "C:\Users\basil\Desktop\Projects\FullStackProjects\_ref\xstate-statemachine\src\xstate_statemachine\interpreter.py", line 3347, in _settle
    produced = await handoff
               ^^^^^^^^^^^^^
  File "C:\Python\Python313\Lib\concurrent\futures\thread.py", line 59, in run
    result = self.fn(*self.args, **self.kwargs)
  File "C:\Users\basil\Desktop\Projects\FullStackProjects\CandleViewer\docs\research\xstate\battle-v0.9.1\contracts\b6b10\cv09.py", line 180, in s
    return resolve(n, interp, ctx, evt)
  File "C:\Users\basil\Desktop\Projects\FullStackProjects\CandleViewer\docs\research\xstate\battle-v0.9.1\contracts\b6b10\cv09.py", line 166, in resolve
    raise v
  File "C:\Users\basil\Desktop\Projects\FullStackProjects\_ref\xstate-statemachine\src\xstate_statemachine\interpreter.py", line 3347, in _settle
    produced = await handoff
               ^^^^^^^^^^^^^
  File "C:\Python\Python313\Lib\concurrent\futures\thread.py", line 59, in run
    result = self.fn(*self.args, **self.kwargs)
  File "C:\Users\basil\Desktop\Projects\FullStackProjects\CandleViewer\docs\research\xstate\battle-v0.9.1\contracts\b6b10\cv09.py", line 180, in s
    return resolve(n, interp, ctx, evt)
  File "C:\Users\basil\Desktop\Projects\FullStackProjects\CandleViewer\docs\research\xstate\battle-v0.9.1\contracts\b6b10\cv09.py", line 166, in resolve
    raise v
  File "C:\Users\basil\Desktop\Projects\FullStackProjects\_ref\xstate-statemachine\src\xstate_statemachine\interpreter.py", line 3347, in _settle
    produced = await handoff
               ^^^^^^^^^^^^^
  File "C:\Python\Python313\Lib\concurrent\futures\thread.py", line 59, in run
    result = self.fn(*self.args, **self.kwargs)
  File "C:\Users\basil\Desktop\Projects\FullStackProjects\CandleViewer\docs\research\xstate\battle-v0.9.1\contracts\b6b10\cv09.py", line 180, in s
    return resolve(n, interp, ctx, evt)
  File "C:\Users\basil\Desktop\Projects\FullStackProjects\CandleViewer\docs\research\xstate\battle-v0.9.1\contracts\b6b10\cv09.py", line 166, in resolve
    raise v
  File "C:\Users\basil\Desktop\Projects\FullStackProjects\_ref\xstate-statemachine\src\xstate_statemachine\interpreter.py", line 3347, in _settle
    produced = await handoff
               ^^^^^^^^^^^^^
  File "C:\Python\Python313\Lib\concurrent\futures\thread.py", line 59, in run
    result = self.fn(*self.args, **self.kwargs)
  File "C:\Users\basil\Desktop\Projects\FullStackProjects\CandleViewer\docs\research\xstate\battle-v0.9.1\contracts\b6b10\cv09.py", line 180, in s
    return resolve(n, interp, ctx, evt)
  File "C:\Users\basil\Desktop\Projects\FullStackProjects\CandleViewer\docs\research\xstate\battle-v0.9.1\contracts\b6b10\cv09.py", line 166, in resolve
    raise v
  File "C:\Users\basil\Desktop\Projects\FullStackProjects\_ref\xstate-statemachine\src\xstate_statemachine\interpreter.py", line 3347, in _settle
    produced = await handoff
               ^^^^^^^^^^^^^
  File "C:\Python\Python313\Lib\concurrent\futures\thread.py", line 59, in run
    result = self.fn(*self.args, **self.kwargs)
  File "C:\Users\basil\Desktop\Projects\FullStackProjects\CandleViewer\docs\research\xstate\battle-v0.9.1\contracts\b6b10\cv09.py", line 180, in s
    return resolve(n, interp, ctx, evt)
  File "C:\Users\basil\Desktop\Projects\FullStackProjects\CandleViewer\docs\research\xstate\battle-v0.9.1\contracts\b6b10\cv09.py", line 166, in resolve
    raise v
RuntimeError: rej
ERROR:xstate_statemachine.interpreter:💥 Service 'attach_native_sl' (ID: 'att') failed: rej
Traceback (most recent call last):
  File "C:\Users\basil\Desktop\Projects\FullStackProjects\_ref\xstate-statemachine\src\xstate_statemachine\interpreter.py", line 3347, in _settle
    produced = await handoff
               ^^^^^^^^^^^^^
  File "C:\Python\Python313\Lib\concurrent\futures\thread.py", line 59, in run
    result = self.fn(*self.args, **self.kwargs)
  File "C:\Users\basil\Desktop\Projects\FullStackProjects\CandleViewer\docs\research\xstate\battle-v0.9.1\contracts\b6b10\cv09.py", line 180, in s
    return resolve(n, interp, ctx, evt)
  File "C:\Users\basil\Desktop\Projects\FullStackProjects\CandleViewer\docs\research\xstate\battle-v0.9.1\contracts\b6b10\cv09.py", line 166, in resolve
    raise v
  File "C:\Users\basil\Desktop\Projects\FullStackProjects\_ref\xstate-statemachine\src\xstate_statemachine\interpreter.py", line 3347, in _settle
    produced = await handoff
               ^^^^^^^^^^^^^
  File "C:\Python\Python313\Lib\concurrent\futures\thread.py", line 59, in run
    result = self.fn(*self.args, **self.kwargs)
  File "C:\Users\basil\Desktop\Projects\FullStackProjects\CandleViewer\docs\research\xstate\battle-v0.9.1\contracts\b6b10\cv09.py", line 180, in s
    return resolve(n, interp, ctx, evt)
  File "C:\Users\basil\Desktop\Projects\FullStackProjects\CandleViewer\docs\research\xstate\battle-v0.9.1\contracts\b6b10\cv09.py", line 166, in resolve
    raise v
  File "C:\Users\basil\Desktop\Projects\FullStackProjects\_ref\xstate-statemachine\src\xstate_statemachine\interpreter.py", line 3347, in _settle
    produced = await handoff
               ^^^^^^^^^^^^^
  File "C:\Python\Python313\Lib\concurrent\futures\thread.py", line 59, in run
    result = self.fn(*self.args, **self.kwargs)
  File "C:\Users\basil\Desktop\Projects\FullStackProjects\CandleViewer\docs\research\xstate\battle-v0.9.1\contracts\b6b10\cv09.py", line 180, in s
    return resolve(n, interp, ctx, evt)
  File "C:\Users\basil\Desktop\Projects\FullStackProjects\CandleViewer\docs\research\xstate\battle-v0.9.1\contracts\b6b10\cv09.py", line 166, in resolve
    raise v
  File "C:\Users\basil\Desktop\Projects\FullStackProjects\_ref\xstate-statemachine\src\xstate_statemachine\interpreter.py", line 3347, in _settle
    produced = await handoff
               ^^^^^^^^^^^^^
  File "C:\Python\Python313\Lib\concurrent\futures\thread.py", line 59, in run
    result = self.fn(*self.args, **self.kwargs)
  File "C:\Users\basil\Desktop\Projects\FullStackProjects\CandleViewer\docs\research\xstate\battle-v0.9.1\contracts\b6b10\cv09.py", line 180, in s
    return resolve(n, interp, ctx, evt)
  File "C:\Users\basil\Desktop\Projects\FullStackProjects\CandleViewer\docs\research\xstate\battle-v0.9.1\contracts\b6b10\cv09.py", line 166, in resolve
    raise v
  File "C:\Users\basil\Desktop\Projects\FullStackProjects\_ref\xstate-statemachine\src\xstate_statemachine\interpreter.py", line 3347, in _settle
    produced = await handoff
               ^^^^^^^^^^^^^
  File "C:\Python\Python313\Lib\concurrent\futures\thread.py", line 59, in run
    result = self.fn(*self.args, **self.kwargs)
  File "C:\Users\basil\Desktop\Projects\FullStackProjects\CandleViewer\docs\research\xstate\battle-v0.9.1\contracts\b6b10\cv09.py", line 180, in s
    return resolve(n, interp, ctx, evt)
  File "C:\Users\basil\Desktop\Projects\FullStackProjects\CandleViewer\docs\research\xstate\battle-v0.9.1\contracts\b6b10\cv09.py", line 166, in resolve
    raise v
  File "C:\Users\basil\Desktop\Projects\FullStackProjects\_ref\xstate-statemachine\src\xstate_statemachine\interpreter.py", line 3347, in _settle
    produced = await handoff
               ^^^^^^^^^^^^^
  File "C:\Python\Python313\Lib\concurrent\futures\thread.py", line 59, in run
    result = self.fn(*self.args, **self.kwargs)
  File "C:\Users\basil\Desktop\Projects\FullStackProjects\CandleViewer\docs\research\xstate\battle-v0.9.1\contracts\b6b10\cv09.py", line 180, in s
    return resolve(n, interp, ctx, evt)
  File "C:\Users\basil\Desktop\Projects\FullStackProjects\CandleViewer\docs\research\xstate\battle-v0.9.1\contracts\b6b10\cv09.py", line 166, in resolve
    raise v
  File "C:\Users\basil\Desktop\Projects\FullStackProjects\_ref\xstate-statemachine\src\xstate_statemachine\interpreter.py", line 3347, in _settle
    produced = await handoff
               ^^^^^^^^^^^^^
  File "C:\Python\Python313\Lib\concurrent\futures\thread.py", line 59, in run
    result = self.fn(*self.args, **self.kwargs)
  File "C:\Users\basil\Desktop\Projects\FullStackProjects\CandleViewer\docs\research\xstate\battle-v0.9.1\contracts\b6b10\cv09.py", line 180, in s
    return resolve(n, interp, ctx, evt)
  File "C:\Users\basil\Desktop\Projects\FullStackProjects\CandleViewer\docs\research\xstate\battle-v0.9.1\contracts\b6b10\cv09.py", line 166, in resolve
    raise v
  File "C:\Users\basil\Desktop\Projects\FullStackProjects\_ref\xstate-statemachine\src\xstate_statemachine\interpreter.py", line 3347, in _settle
    produced = await handoff
               ^^^^^^^^^^^^^
  File "C:\Python\Python313\Lib\concurrent\futures\thread.py", line 59, in run
    result = self.fn(*self.args, **self.kwargs)
  File "C:\Users\basil\Desktop\Projects\FullStackProjects\CandleViewer\docs\research\xstate\battle-v0.9.1\contracts\b6b10\cv09.py", line 180, in s
    return resolve(n, interp, ctx, evt)
  File "C:\Users\basil\Desktop\Projects\FullStackProjects\CandleViewer\docs\research\xstate\battle-v0.9.1\contracts\b6b10\cv09.py", line 166, in resolve
    raise v
  File "C:\Users\basil\Desktop\Projects\FullStackProjects\_ref\xstate-statemachine\src\xstate_statemachine\interpreter.py", line 3347, in _settle
    produced = await handoff
               ^^^^^^^^^^^^^
  File "C:\Python\Python313\Lib\concurrent\futures\thread.py", line 59, in run
    result = self.fn(*self.args, **self.kwargs)
  File "C:\Users\basil\Desktop\Projects\FullStackProjects\CandleViewer\docs\research\xstate\battle-v0.9.1\contracts\b6b10\cv09.py", line 180, in s
    return resolve(n, interp, ctx, evt)
  File "C:\Users\basil\Desktop\Projects\FullStackProjects\CandleViewer\docs\research\xstate\battle-v0.9.1\contracts\b6b10\cv09.py", line 166, in resolve
    raise v
  File "C:\Users\basil\Desktop\Projects\FullStackProjects\_ref\xstate-statemachine\src\xstate_statemachine\interpreter.py", line 3347, in _settle
    produced = await handoff
               ^^^^^^^^^^^^^
  File "C:\Python\Python313\Lib\concurrent\futures\thread.py", line 59, in run
    result = self.fn(*self.args, **self.kwargs)
  File "C:\Users\basil\Desktop\Projects\FullStackProjects\CandleViewer\docs\research\xstate\battle-v0.9.1\contracts\b6b10\cv09.py", line 180, in s
    return resolve(n, interp, ctx, evt)
  File "C:\Users\basil\Desktop\Projects\FullStackProjects\CandleViewer\docs\research\xstate\battle-v0.9.1\contracts\b6b10\cv09.py", line 166, in resolve
    raise v
  File "C:\Users\basil\Desktop\Projects\FullStackProjects\_ref\xstate-statemachine\src\xstate_statemachine\interpreter.py", line 3347, in _settle
    produced = await handoff
               ^^^^^^^^^^^^^
  File "C:\Python\Python313\Lib\concurrent\futures\thread.py", line 59, in run
    result = self.fn(*self.args, **self.kwargs)
  File "C:\Users\basil\Desktop\Projects\FullStackProjects\CandleViewer\docs\research\xstate\battle-v0.9.1\contracts\b6b10\cv09.py", line 180, in s
    return resolve(n, interp, ctx, evt)
  File "C:\Users\basil\Desktop\Projects\FullStackProjects\CandleViewer\docs\research\xstate\battle-v0.9.1\contracts\b6b10\cv09.py", line 166, in resolve
    raise v
  File "C:\Users\basil\Desktop\Projects\FullStackProjects\_ref\xstate-statemachine\src\xstate_statemachine\interpreter.py", line 3347, in _settle
    produced = await handoff
               ^^^^^^^^^^^^^
  File "C:\Python\Python313\Lib\concurrent\futures\thread.py", line 59, in run
    result = self.fn(*self.args, **self.kwargs)
  File "C:\Users\basil\Desktop\Projects\FullStackProjects\CandleViewer\docs\research\xstate\battle-v0.9.1\contracts\b6b10\cv09.py", line 180, in s
    return resolve(n, interp, ctx, evt)
  File "C:\Users\basil\Desktop\Projects\FullStackProjects\CandleViewer\docs\research\xstate\battle-v0.9.1\contracts\b6b10\cv09.py", line 166, in resolve
    raise v
  File "C:\Users\basil\Desktop\Projects\FullStackProjects\_ref\xstate-statemachine\src\xstate_statemachine\interpreter.py", line 3347, in _settle
    produced = await handoff
               ^^^^^^^^^^^^^
  File "C:\Python\Python313\Lib\concurrent\futures\thread.py", line 59, in run
    result = self.fn(*self.args, **self.kwargs)
  File "C:\Users\basil\Desktop\Projects\FullStackProjects\CandleViewer\docs\research\xstate\battle-v0.9.1\contracts\b6b10\cv09.py", line 180, in s
    return resolve(n, interp, ctx, evt)
  File "C:\Users\basil\Desktop\Projects\FullStackProjects\CandleViewer\docs\research\xstate\battle-v0.9.1\contracts\b6b10\cv09.py", line 166, in resolve
    raise v
RuntimeError: rej
ERROR:xstate_statemachine.interpreter:💥 Service 'attach_native_sl' (ID: 'att') failed: rej
Traceback (most recent call last):
  File "C:\Users\basil\Desktop\Projects\FullStackProjects\_ref\xstate-statemachine\src\xstate_statemachine\interpreter.py", line 3347, in _settle
    produced = await handoff
               ^^^^^^^^^^^^^
  File "C:\Python\Python313\Lib\concurrent\futures\thread.py", line 59, in run
    result = self.fn(*self.args, **self.kwargs)
  File "C:\Users\basil\Desktop\Projects\FullStackProjects\CandleViewer\docs\research\xstate\battle-v0.9.1\contracts\b6b10\cv09.py", line 180, in s
    return resolve(n, interp, ctx, evt)
  File "C:\Users\basil\Desktop\Projects\FullStackProjects\CandleViewer\docs\research\xstate\battle-v0.9.1\contracts\b6b10\cv09.py", line 166, in resolve
    raise v
  File "C:\Users\basil\Desktop\Projects\FullStackProjects\_ref\xstate-statemachine\src\xstate_statemachine\interpreter.py", line 3347, in _settle
    produced = await handoff
               ^^^^^^^^^^^^^
  File "C:\Python\Python313\Lib\concurrent\futures\thread.py", line 59, in run
    result = self.fn(*self.args, **self.kwargs)
  File "C:\Users\basil\Desktop\Projects\FullStackProjects\CandleViewer\docs\research\xstate\battle-v0.9.1\contracts\b6b10\cv09.py", line 180, in s
    return resolve(n, interp, ctx, evt)
  File "C:\Users\basil\Desktop\Projects\FullStackProjects\CandleViewer\docs\research\xstate\battle-v0.9.1\contracts\b6b10\cv09.py", line 166, in resolve
    raise v
  File "C:\Users\basil\Desktop\Projects\FullStackProjects\_ref\xstate-statemachine\src\xstate_statemachine\interpreter.py", line 3347, in _settle
    produced = await handoff
               ^^^^^^^^^^^^^
  File "C:\Python\Python313\Lib\concurrent\futures\thread.py", line 59, in run
    result = self.fn(*self.args, **self.kwargs)
  File "C:\Users\basil\Desktop\Projects\FullStackProjects\CandleViewer\docs\research\xstate\battle-v0.9.1\contracts\b6b10\cv09.py", line 180, in s
    return resolve(n, interp, ctx, evt)
  File "C:\Users\basil\Desktop\Projects\FullStackProjects\CandleViewer\docs\research\xstate\battle-v0.9.1\contracts\b6b10\cv09.py", line 166, in resolve
    raise v
  File "C:\Users\basil\Desktop\Projects\FullStackProjects\_ref\xstate-statemachine\src\xstate_statemachine\interpreter.py", line 3347, in _settle
    produced = await handoff
               ^^^^^^^^^^^^^
  File "C:\Python\Python313\Lib\concurrent\futures\thread.py", line 59, in run
    result = self.fn(*self.args, **self.kwargs)
  File "C:\Users\basil\Desktop\Projects\FullStackProjects\CandleViewer\docs\research\xstate\battle-v0.9.1\contracts\b6b10\cv09.py", line 180, in s
    return resolve(n, interp, ctx, evt)
  File "C:\Users\basil\Desktop\Projects\FullStackProjects\CandleViewer\docs\research\xstate\battle-v0.9.1\contracts\b6b10\cv09.py", line 166, in resolve
    raise v
  File "C:\Users\basil\Desktop\Projects\FullStackProjects\_ref\xstate-statemachine\src\xstate_statemachine\interpreter.py", line 3347, in _settle
    produced = await handoff
               ^^^^^^^^^^^^^
  File "C:\Python\Python313\Lib\concurrent\futures\thread.py", line 59, in run
    result = self.fn(*self.args, **self.kwargs)
  File "C:\Users\basil\Desktop\Projects\FullStackProjects\CandleViewer\docs\research\xstate\battle-v0.9.1\contracts\b6b10\cv09.py", line 180, in s
    return resolve(n, interp, ctx, evt)
  File "C:\Users\basil\Desktop\Projects\FullStackProjects\CandleViewer\docs\research\xstate\battle-v0.9.1\contracts\b6b10\cv09.py", line 166, in resolve
    raise v
  File "C:\Users\basil\Desktop\Projects\FullStackProjects\_ref\xstate-statemachine\src\xstate_statemachine\interpreter.py", line 3347, in _settle
    produced = await handoff
               ^^^^^^^^^^^^^
  File "C:\Python\Python313\Lib\concurrent\futures\thread.py", line 59, in run
    result = self.fn(*self.args, **self.kwargs)
  File "C:\Users\basil\Desktop\Projects\FullStackProjects\CandleViewer\docs\research\xstate\battle-v0.9.1\contracts\b6b10\cv09.py", line 180, in s
    return resolve(n, interp, ctx, evt)
  File "C:\Users\basil\Desktop\Projects\FullStackProjects\CandleViewer\docs\research\xstate\battle-v0.9.1\contracts\b6b10\cv09.py", line 166, in resolve
    raise v
  File "C:\Users\basil\Desktop\Projects\FullStackProjects\_ref\xstate-statemachine\src\xstate_statemachine\interpreter.py", line 3347, in _settle
    produced = await handoff
               ^^^^^^^^^^^^^
  File "C:\Python\Python313\Lib\concurrent\futures\thread.py", line 59, in run
    result = self.fn(*self.args, **self.kwargs)
  File "C:\Users\basil\Desktop\Projects\FullStackProjects\CandleViewer\docs\research\xstate\battle-v0.9.1\contracts\b6b10\cv09.py", line 180, in s
    return resolve(n, interp, ctx, evt)
  File "C:\Users\basil\Desktop\Projects\FullStackProjects\CandleViewer\docs\research\xstate\battle-v0.9.1\contracts\b6b10\cv09.py", line 166, in resolve
    raise v
  File "C:\Users\basil\Desktop\Projects\FullStackProjects\_ref\xstate-statemachine\src\xstate_statemachine\interpreter.py", line 3347, in _settle
    produced = await handoff
               ^^^^^^^^^^^^^
  File "C:\Python\Python313\Lib\concurrent\futures\thread.py", line 59, in run
    result = self.fn(*self.args, **self.kwargs)
  File "C:\Users\basil\Desktop\Projects\FullStackProjects\CandleViewer\docs\research\xstate\battle-v0.9.1\contracts\b6b10\cv09.py", line 180, in s
    return resolve(n, interp, ctx, evt)
  File "C:\Users\basil\Desktop\Projects\FullStackProjects\CandleViewer\docs\research\xstate\battle-v0.9.1\contracts\b6b10\cv09.py", line 166, in resolve
    raise v
  File "C:\Users\basil\Desktop\Projects\FullStackProjects\_ref\xstate-statemachine\src\xstate_statemachine\interpreter.py", line 3347, in _settle
    produced = await handoff
               ^^^^^^^^^^^^^
  File "C:\Python\Python313\Lib\concurrent\futures\thread.py", line 59, in run
    result = self.fn(*self.args, **self.kwargs)
  File "C:\Users\basil\Desktop\Projects\FullStackProjects\CandleViewer\docs\research\xstate\battle-v0.9.1\contracts\b6b10\cv09.py", line 180, in s
    return resolve(n, interp, ctx, evt)
  File "C:\Users\basil\Desktop\Projects\FullStackProjects\CandleViewer\docs\research\xstate\battle-v0.9.1\contracts\b6b10\cv09.py", line 166, in resolve
    raise v
  File "C:\Users\basil\Desktop\Projects\FullStackProjects\_ref\xstate-statemachine\src\xstate_statemachine\interpreter.py", line 3347, in _settle
    produced = await handoff
               ^^^^^^^^^^^^^
  File "C:\Python\Python313\Lib\concurrent\futures\thread.py", line 59, in run
    result = self.fn(*self.args, **self.kwargs)
  File "C:\Users\basil\Desktop\Projects\FullStackProjects\CandleViewer\docs\research\xstate\battle-v0.9.1\contracts\b6b10\cv09.py", line 180, in s
    return resolve(n, interp, ctx, evt)
  File "C:\Users\basil\Desktop\Projects\FullStackProjects\CandleViewer\docs\research\xstate\battle-v0.9.1\contracts\b6b10\cv09.py", line 166, in resolve
    raise v
  File "C:\Users\basil\Desktop\Projects\FullStackProjects\_ref\xstate-statemachine\src\xstate_statemachine\interpreter.py", line 3347, in _settle
    produced = await handoff
               ^^^^^^^^^^^^^
  File "C:\Python\Python313\Lib\concurrent\futures\thread.py", line 59, in run
    result = self.fn(*self.args, **self.kwargs)
  File "C:\Users\basil\Desktop\Projects\FullStackProjects\CandleViewer\docs\research\xstate\battle-v0.9.1\contracts\b6b10\cv09.py", line 180, in s
    return resolve(n, interp, ctx, evt)
  File "C:\Users\basil\Desktop\Projects\FullStackProjects\CandleViewer\docs\research\xstate\battle-v0.9.1\contracts\b6b10\cv09.py", line 166, in resolve
    raise v
  File "C:\Users\basil\Desktop\Projects\FullStackProjects\_ref\xstate-statemachine\src\xstate_statemachine\interpreter.py", line 3347, in _settle
    produced = await handoff
               ^^^^^^^^^^^^^
  File "C:\Python\Python313\Lib\concurrent\futures\thread.py", line 59, in run
    result = self.fn(*self.args, **self.kwargs)
  File "C:\Users\basil\Desktop\Projects\FullStackProjects\CandleViewer\docs\research\xstate\battle-v0.9.1\contracts\b6b10\cv09.py", line 180, in s
    return resolve(n, interp, ctx, evt)
  File "C:\Users\basil\Desktop\Projects\FullStackProjects\CandleViewer\docs\research\xstate\battle-v0.9.1\contracts\b6b10\cv09.py", line 166, in resolve
    raise v
  File "C:\Users\basil\Desktop\Projects\FullStackProjects\_ref\xstate-statemachine\src\xstate_statemachine\interpreter.py", line 3347, in _settle
    produced = await handoff
               ^^^^^^^^^^^^^
  File "C:\Python\Python313\Lib\concurrent\futures\thread.py", line 59, in run
    result = self.fn(*self.args, **self.kwargs)
  File "C:\Users\basil\Desktop\Projects\FullStackProjects\CandleViewer\docs\research\xstate\battle-v0.9.1\contracts\b6b10\cv09.py", line 180, in s
    return resolve(n, interp, ctx, evt)
  File "C:\Users\basil\Desktop\Projects\FullStackProjects\CandleViewer\docs\research\xstate\battle-v0.9.1\contracts\b6b10\cv09.py", line 166, in resolve
    raise v
  File "C:\Users\basil\Desktop\Projects\FullStackProjects\_ref\xstate-statemachine\src\xstate_statemachine\interpreter.py", line 3347, in _settle
    produced = await handoff
               ^^^^^^^^^^^^^
  File "C:\Python\Python313\Lib\concurrent\futures\thread.py", line 59, in run
    result = self.fn(*self.args, **self.kwargs)
  File "C:\Users\basil\Desktop\Projects\FullStackProjects\CandleViewer\docs\research\xstate\battle-v0.9.1\contracts\b6b10\cv09.py", line 180, in s
    return resolve(n, interp, ctx, evt)
  File "C:\Users\basil\Desktop\Projects\FullStackProjects\CandleViewer\docs\research\xstate\battle-v0.9.1\contracts\b6b10\cv09.py", line 166, in resolve
    raise v
RuntimeError: rej
ERROR:xstate_statemachine.interpreter:💥 Service 'attach_native_sl' (ID: 'att') failed: rej
Traceback (most recent call last):
  File "C:\Users\basil\Desktop\Projects\FullStackProjects\_ref\xstate-statemachine\src\xstate_statemachine\interpreter.py", line 3347, in _settle
    produced = await handoff
               ^^^^^^^^^^^^^
  File "C:\Python\Python313\Lib\concurrent\futures\thread.py", line 59, in run
    result = self.fn(*self.args, **self.kwargs)
  File "C:\Users\basil\Desktop\Projects\FullStackProjects\CandleViewer\docs\research\xstate\battle-v0.9.1\contracts\b6b10\cv09.py", line 180, in s
    return resolve(n, interp, ctx, evt)
  File "C:\Users\basil\Desktop\Projects\FullStackProjects\CandleViewer\docs\research\xstate\battle-v0.9.1\contracts\b6b10\cv09.py", line 166, in resolve
    raise v
  File "C:\Users\basil\Desktop\Projects\FullStackProjects\_ref\xstate-statemachine\src\xstate_statemachine\interpreter.py", line 3347, in _settle
    produced = await handoff
               ^^^^^^^^^^^^^
  File "C:\Python\Python313\Lib\concurrent\futures\thread.py", line 59, in run
    result = self.fn(*self.args, **self.kwargs)
  File "C:\Users\basil\Desktop\Projects\FullStackProjects\CandleViewer\docs\research\xstate\battle-v0.9.1\contracts\b6b10\cv09.py", line 180, in s
    return resolve(n, interp, ctx, evt)
  File "C:\Users\basil\Desktop\Projects\FullStackProjects\CandleViewer\docs\research\xstate\battle-v0.9.1\contracts\b6b10\cv09.py", line 166, in resolve
    raise v
  File "C:\Users\basil\Desktop\Projects\FullStackProjects\_ref\xstate-statemachine\src\xstate_statemachine\interpreter.py", line 3347, in _settle
    produced = await handoff
               ^^^^^^^^^^^^^
  File "C:\Python\Python313\Lib\concurrent\futures\thread.py", line 59, in run
    result = self.fn(*self.args, **self.kwargs)
  File "C:\Users\basil\Desktop\Projects\FullStackProjects\CandleViewer\docs\research\xstate\battle-v0.9.1\contracts\b6b10\cv09.py", line 180, in s
    return resolve(n, interp, ctx, evt)
  File "C:\Users\basil\Desktop\Projects\FullStackProjects\CandleViewer\docs\research\xstate\battle-v0.9.1\contracts\b6b10\cv09.py", line 166, in resolve
    raise v
  File "C:\Users\basil\Desktop\Projects\FullStackProjects\_ref\xstate-statemachine\src\xstate_statemachine\interpreter.py", line 3347, in _settle
    produced = await handoff
               ^^^^^^^^^^^^^
  File "C:\Python\Python313\Lib\concurrent\futures\thread.py", line 59, in run
    result = self.fn(*self.args, **self.kwargs)
  File "C:\Users\basil\Desktop\Projects\FullStackProjects\CandleViewer\docs\research\xstate\battle-v0.9.1\contracts\b6b10\cv09.py", line 180, in s
    return resolve(n, interp, ctx, evt)
  File "C:\Users\basil\Desktop\Projects\FullStackProjects\CandleViewer\docs\research\xstate\battle-v0.9.1\contracts\b6b10\cv09.py", line 166, in resolve
    raise v
  File "C:\Users\basil\Desktop\Projects\FullStackProjects\_ref\xstate-statemachine\src\xstate_statemachine\interpreter.py", line 3347, in _settle
    produced = await handoff
               ^^^^^^^^^^^^^
  File "C:\Python\Python313\Lib\concurrent\futures\thread.py", line 59, in run
    result = self.fn(*self.args, **self.kwargs)
  File "C:\Users\basil\Desktop\Projects\FullStackProjects\CandleViewer\docs\research\xstate\battle-v0.9.1\contracts\b6b10\cv09.py", line 180, in s
    return resolve(n, interp, ctx, evt)
  File "C:\Users\basil\Desktop\Projects\FullStackProjects\CandleViewer\docs\research\xstate\battle-v0.9.1\contracts\b6b10\cv09.py", line 166, in resolve
    raise v
  File "C:\Users\basil\Desktop\Projects\FullStackProjects\_ref\xstate-statemachine\src\xstate_statemachine\interpreter.py", line 3347, in _settle
    produced = await handoff
               ^^^^^^^^^^^^^
  File "C:\Python\Python313\Lib\concurrent\futures\thread.py", line 59, in run
    result = self.fn(*self.args, **self.kwargs)
  File "C:\Users\basil\Desktop\Projects\FullStackProjects\CandleViewer\docs\research\xstate\battle-v0.9.1\contracts\b6b10\cv09.py", line 180, in s
    return resolve(n, interp, ctx, evt)
  File "C:\Users\basil\Desktop\Projects\FullStackProjects\CandleViewer\docs\research\xstate\battle-v0.9.1\contracts\b6b10\cv09.py", line 166, in resolve
    raise v
  File "C:\Users\basil\Desktop\Projects\FullStackProjects\_ref\xstate-statemachine\src\xstate_statemachine\interpreter.py", line 3347, in _settle
    produced = await handoff
               ^^^^^^^^^^^^^
  File "C:\Python\Python313\Lib\concurrent\futures\thread.py", line 59, in run
    result = self.fn(*self.args, **self.kwargs)
  File "C:\Users\basil\Desktop\Projects\FullStackProjects\CandleViewer\docs\research\xstate\battle-v0.9.1\contracts\b6b10\cv09.py", line 180, in s
    return resolve(n, interp, ctx, evt)
  File "C:\Users\basil\Desktop\Projects\FullStackProjects\CandleViewer\docs\research\xstate\battle-v0.9.1\contracts\b6b10\cv09.py", line 166, in resolve
    raise v
  File "C:\Users\basil\Desktop\Projects\FullStackProjects\_ref\xstate-statemachine\src\xstate_statemachine\interpreter.py", line 3347, in _settle
    produced = await handoff
               ^^^^^^^^^^^^^
  File "C:\Python\Python313\Lib\concurrent\futures\thread.py", line 59, in run
    result = self.fn(*self.args, **self.kwargs)
  File "C:\Users\basil\Desktop\Projects\FullStackProjects\CandleViewer\docs\research\xstate\battle-v0.9.1\contracts\b6b10\cv09.py", line 180, in s
    return resolve(n, interp, ctx, evt)
  File "C:\Users\basil\Desktop\Projects\FullStackProjects\CandleViewer\docs\research\xstate\battle-v0.9.1\contracts\b6b10\cv09.py", line 166, in resolve
    raise v
  File "C:\Users\basil\Desktop\Projects\FullStackProjects\_ref\xstate-statemachine\src\xstate_statemachine\interpreter.py", line 3347, in _settle
    produced = await handoff
               ^^^^^^^^^^^^^
  File "C:\Python\Python313\Lib\concurrent\futures\thread.py", line 59, in run
    result = self.fn(*self.args, **self.kwargs)
  File "C:\Users\basil\Desktop\Projects\FullStackProjects\CandleViewer\docs\research\xstate\battle-v0.9.1\contracts\b6b10\cv09.py", line 180, in s
    return resolve(n, interp, ctx, evt)
  File "C:\Users\basil\Desktop\Projects\FullStackProjects\CandleViewer\docs\research\xstate\battle-v0.9.1\contracts\b6b10\cv09.py", line 166, in resolve
    raise v
  File "C:\Users\basil\Desktop\Projects\FullStackProjects\_ref\xstate-statemachine\src\xstate_statemachine\interpreter.py", line 3347, in _settle
    produced = await handoff
               ^^^^^^^^^^^^^
  File "C:\Python\Python313\Lib\concurrent\futures\thread.py", line 59, in run
    result = self.fn(*self.args, **self.kwargs)
  File "C:\Users\basil\Desktop\Projects\FullStackProjects\CandleViewer\docs\research\xstate\battle-v0.9.1\contracts\b6b10\cv09.py", line 180, in s
    return resolve(n, interp, ctx, evt)
  File "C:\Users\basil\Desktop\Projects\FullStackProjects\CandleViewer\docs\research\xstate\battle-v0.9.1\contracts\b6b10\cv09.py", line 166, in resolve
    raise v
  File "C:\Users\basil\Desktop\Projects\FullStackProjects\_ref\xstate-statemachine\src\xstate_statemachine\interpreter.py", line 3347, in _settle
    produced = await handoff
               ^^^^^^^^^^^^^
  File "C:\Python\Python313\Lib\concurrent\futures\thread.py", line 59, in run
    result = self.fn(*self.args, **self.kwargs)
  File "C:\Users\basil\Desktop\Projects\FullStackProjects\CandleViewer\docs\research\xstate\battle-v0.9.1\contracts\b6b10\cv09.py", line 180, in s
    return resolve(n, interp, ctx, evt)
  File "C:\Users\basil\Desktop\Projects\FullStackProjects\CandleViewer\docs\research\xstate\battle-v0.9.1\contracts\b6b10\cv09.py", line 166, in resolve
    raise v
  File "C:\Users\basil\Desktop\Projects\FullStackProjects\_ref\xstate-statemachine\src\xstate_statemachine\interpreter.py", line 3347, in _settle
    produced = await handoff
               ^^^^^^^^^^^^^
  File "C:\Python\Python313\Lib\concurrent\futures\thread.py", line 59, in run
    result = self.fn(*self.args, **self.kwargs)
  File "C:\Users\basil\Desktop\Projects\FullStackProjects\CandleViewer\docs\research\xstate\battle-v0.9.1\contracts\b6b10\cv09.py", line 180, in s
    return resolve(n, interp, ctx, evt)
  File "C:\Users\basil\Desktop\Projects\FullStackProjects\CandleViewer\docs\research\xstate\battle-v0.9.1\contracts\b6b10\cv09.py", line 166, in resolve
    raise v
  File "C:\Users\basil\Desktop\Projects\FullStackProjects\_ref\xstate-statemachine\src\xstate_statemachine\interpreter.py", line 3347, in _settle
    produced = await handoff
               ^^^^^^^^^^^^^
  File "C:\Python\Python313\Lib\concurrent\futures\thread.py", line 59, in run
    result = self.fn(*self.args, **self.kwargs)
  File "C:\Users\basil\Desktop\Projects\FullStackProjects\CandleViewer\docs\research\xstate\battle-v0.9.1\contracts\b6b10\cv09.py", line 180, in s
    return resolve(n, interp, ctx, evt)
  File "C:\Users\basil\Desktop\Projects\FullStackProjects\CandleViewer\docs\research\xstate\battle-v0.9.1\contracts\b6b10\cv09.py", line 166, in resolve
    raise v
  File "C:\Users\basil\Desktop\Projects\FullStackProjects\_ref\xstate-statemachine\src\xstate_statemachine\interpreter.py", line 3347, in _settle
    produced = await handoff
               ^^^^^^^^^^^^^
  File "C:\Python\Python313\Lib\concurrent\futures\thread.py", line 59, in run
    result = self.fn(*self.args, **self.kwargs)
  File "C:\Users\basil\Desktop\Projects\FullStackProjects\CandleViewer\docs\research\xstate\battle-v0.9.1\contracts\b6b10\cv09.py", line 180, in s
    return resolve(n, interp, ctx, evt)
  File "C:\Users\basil\Desktop\Projects\FullStackProjects\CandleViewer\docs\research\xstate\battle-v0.9.1\contracts\b6b10\cv09.py", line 166, in resolve
    raise v
  File "C:\Users\basil\Desktop\Projects\FullStackProjects\_ref\xstate-statemachine\src\xstate_statemachine\interpreter.py", line 3347, in _settle
    produced = await handoff
               ^^^^^^^^^^^^^
  File "C:\Python\Python313\Lib\concurrent\futures\thread.py", line 59, in run
    result = self.fn(*self.args, **self.kwargs)
  File "C:\Users\basil\Desktop\Projects\FullStackProjects\CandleViewer\docs\research\xstate\battle-v0.9.1\contracts\b6b10\cv09.py", line 180, in s
    return resolve(n, interp, ctx, evt)
  File "C:\Users\basil\Desktop\Projects\FullStackProjects\CandleViewer\docs\research\xstate\battle-v0.9.1\contracts\b6b10\cv09.py", line 166, in resolve
    raise v
RuntimeError: rej
ERROR:xstate_statemachine.interpreter:💥 Service 'attach_native_sl' (ID: 'att') failed: rej
Traceback (most recent call last):
  File "C:\Users\basil\Desktop\Projects\FullStackProjects\_ref\xstate-statemachine\src\xstate_statemachine\interpreter.py", line 3347, in _settle
    produced = await handoff
               ^^^^^^^^^^^^^
  File "C:\Python\Python313\Lib\concurrent\futures\thread.py", line 59, in run
    result = self.fn(*self.args, **self.kwargs)
  File "C:\Users\basil\Desktop\Projects\FullStackProjects\CandleViewer\docs\research\xstate\battle-v0.9.1\contracts\b6b10\cv09.py", line 180, in s
    return resolve(n, interp, ctx, evt)
  File "C:\Users\basil\Desktop\Projects\FullStackProjects\CandleViewer\docs\research\xstate\battle-v0.9.1\contracts\b6b10\cv09.py", line 166, in resolve
    raise v
  File "C:\Users\basil\Desktop\Projects\FullStackProjects\_ref\xstate-statemachine\src\xstate_statemachine\interpreter.py", line 3347, in _settle
    produced = await handoff
               ^^^^^^^^^^^^^
  File "C:\Python\Python313\Lib\concurrent\futures\thread.py", line 59, in run
    result = self.fn(*self.args, **self.kwargs)
  File "C:\Users\basil\Desktop\Projects\FullStackProjects\CandleViewer\docs\research\xstate\battle-v0.9.1\contracts\b6b10\cv09.py", line 180, in s
    return resolve(n, interp, ctx, evt)
  File "C:\Users\basil\Desktop\Projects\FullStackProjects\CandleViewer\docs\research\xstate\battle-v0.9.1\contracts\b6b10\cv09.py", line 166, in resolve
    raise v
  File "C:\Users\basil\Desktop\Projects\FullStackProjects\_ref\xstate-statemachine\src\xstate_statemachine\interpreter.py", line 3347, in _settle
    produced = await handoff
               ^^^^^^^^^^^^^
  File "C:\Python\Python313\Lib\concurrent\futures\thread.py", line 59, in run
    result = self.fn(*self.args, **self.kwargs)
  File "C:\Users\basil\Desktop\Projects\FullStackProjects\CandleViewer\docs\research\xstate\battle-v0.9.1\contracts\b6b10\cv09.py", line 180, in s
    return resolve(n, interp, ctx, evt)
  File "C:\Users\basil\Desktop\Projects\FullStackProjects\CandleViewer\docs\research\xstate\battle-v0.9.1\contracts\b6b10\cv09.py", line 166, in resolve
    raise v
  File "C:\Users\basil\Desktop\Projects\FullStackProjects\_ref\xstate-statemachine\src\xstate_statemachine\interpreter.py", line 3347, in _settle
    produced = await handoff
               ^^^^^^^^^^^^^
  File "C:\Python\Python313\Lib\concurrent\futures\thread.py", line 59, in run
    result = self.fn(*self.args, **self.kwargs)
  File "C:\Users\basil\Desktop\Projects\FullStackProjects\CandleViewer\docs\research\xstate\battle-v0.9.1\contracts\b6b10\cv09.py", line 180, in s
    return resolve(n, interp, ctx, evt)
  File "C:\Users\basil\Desktop\Projects\FullStackProjects\CandleViewer\docs\research\xstate\battle-v0.9.1\contracts\b6b10\cv09.py", line 166, in resolve
    raise v
  File "C:\Users\basil\Desktop\Projects\FullStackProjects\_ref\xstate-statemachine\src\xstate_statemachine\interpreter.py", line 3347, in _settle
    produced = await handoff
               ^^^^^^^^^^^^^
  File "C:\Python\Python313\Lib\concurrent\futures\thread.py", line 59, in run
    result = self.fn(*self.args, **self.kwargs)
  File "C:\Users\basil\Desktop\Projects\FullStackProjects\CandleViewer\docs\research\xstate\battle-v0.9.1\contracts\b6b10\cv09.py", line 180, in s
    return resolve(n, interp, ctx, evt)
  File "C:\Users\basil\Desktop\Projects\FullStackProjects\CandleViewer\docs\research\xstate\battle-v0.9.1\contracts\b6b10\cv09.py", line 166, in resolve
    raise v
  File "C:\Users\basil\Desktop\Projects\FullStackProjects\_ref\xstate-statemachine\src\xstate_statemachine\interpreter.py", line 3347, in _settle
    produced = await handoff
               ^^^^^^^^^^^^^
  File "C:\Python\Python313\Lib\concurrent\futures\thread.py", line 59, in run
    result = self.fn(*self.args, **self.kwargs)
  File "C:\Users\basil\Desktop\Projects\FullStackProjects\CandleViewer\docs\research\xstate\battle-v0.9.1\contracts\b6b10\cv09.py", line 180, in s
    return resolve(n, interp, ctx, evt)
  File "C:\Users\basil\Desktop\Projects\FullStackProjects\CandleViewer\docs\research\xstate\battle-v0.9.1\contracts\b6b10\cv09.py", line 166, in resolve
    raise v
  File "C:\Users\basil\Desktop\Projects\FullStackProjects\_ref\xstate-statemachine\src\xstate_statemachine\interpreter.py", line 3347, in _settle
    produced = await handoff
               ^^^^^^^^^^^^^
  File "C:\Python\Python313\Lib\concurrent\futures\thread.py", line 59, in run
    result = self.fn(*self.args, **self.kwargs)
  File "C:\Users\basil\Desktop\Projects\FullStackProjects\CandleViewer\docs\research\xstate\battle-v0.9.1\contracts\b6b10\cv09.py", line 180, in s
    return resolve(n, interp, ctx, evt)
  File "C:\Users\basil\Desktop\Projects\FullStackProjects\CandleViewer\docs\research\xstate\battle-v0.9.1\contracts\b6b10\cv09.py", line 166, in resolve
    raise v
  File "C:\Users\basil\Desktop\Projects\FullStackProjects\_ref\xstate-statemachine\src\xstate_statemachine\interpreter.py", line 3347, in _settle
    produced = await handoff
               ^^^^^^^^^^^^^
  File "C:\Python\Python313\Lib\concurrent\futures\thread.py", line 59, in run
    result = self.fn(*self.args, **self.kwargs)
  File "C:\Users\basil\Desktop\Projects\FullStackProjects\CandleViewer\docs\research\xstate\battle-v0.9.1\contracts\b6b10\cv09.py", line 180, in s
    return resolve(n, interp, ctx, evt)
  File "C:\Users\basil\Desktop\Projects\FullStackProjects\CandleViewer\docs\research\xstate\battle-v0.9.1\contracts\b6b10\cv09.py", line 166, in resolve
    raise v
  File "C:\Users\basil\Desktop\Projects\FullStackProjects\_ref\xstate-statemachine\src\xstate_statemachine\interpreter.py", line 3347, in _settle
    produced = await handoff
               ^^^^^^^^^^^^^
  File "C:\Python\Python313\Lib\concurrent\futures\thread.py", line 59, in run
    result = self.fn(*self.args, **self.kwargs)
  File "C:\Users\basil\Desktop\Projects\FullStackProjects\CandleViewer\docs\research\xstate\battle-v0.9.1\contracts\b6b10\cv09.py", line 180, in s
    return resolve(n, interp, ctx, evt)
  File "C:\Users\basil\Desktop\Projects\FullStackProjects\CandleViewer\docs\research\xstate\battle-v0.9.1\contracts\b6b10\cv09.py", line 166, in resolve
    raise v
  File "C:\Users\basil\Desktop\Projects\FullStackProjects\_ref\xstate-statemachine\src\xstate_statemachine\interpreter.py", line 3347, in _settle
    produced = await handoff
               ^^^^^^^^^^^^^
  File "C:\Python\Python313\Lib\concurrent\futures\thread.py", line 59, in run
    result = self.fn(*self.args, **self.kwargs)
  File "C:\Users\basil\Desktop\Projects\FullStackProjects\CandleViewer\docs\research\xstate\battle-v0.9.1\contracts\b6b10\cv09.py", line 180, in s
    return resolve(n, interp, ctx, evt)
  File "C:\Users\basil\Desktop\Projects\FullStackProjects\CandleViewer\docs\research\xstate\battle-v0.9.1\contracts\b6b10\cv09.py", line 166, in resolve
    raise v
  File "C:\Users\basil\Desktop\Projects\FullStackProjects\_ref\xstate-statemachine\src\xstate_statemachine\interpreter.py", line 3347, in _settle
    produced = await handoff
               ^^^^^^^^^^^^^
  File "C:\Python\Python313\Lib\concurrent\futures\thread.py", line 59, in run
    result = self.fn(*self.args, **self.kwargs)
  File "C:\Users\basil\Desktop\Projects\FullStackProjects\CandleViewer\docs\research\xstate\battle-v0.9.1\contracts\b6b10\cv09.py", line 180, in s
    return resolve(n, interp, ctx, evt)
  File "C:\Users\basil\Desktop\Projects\FullStackProjects\CandleViewer\docs\research\xstate\battle-v0.9.1\contracts\b6b10\cv09.py", line 166, in resolve
    raise v
  File "C:\Users\basil\Desktop\Projects\FullStackProjects\_ref\xstate-statemachine\src\xstate_statemachine\interpreter.py", line 3347, in _settle
    produced = await handoff
               ^^^^^^^^^^^^^
  File "C:\Python\Python313\Lib\concurrent\futures\thread.py", line 59, in run
    result = self.fn(*self.args, **self.kwargs)
  File "C:\Users\basil\Desktop\Projects\FullStackProjects\CandleViewer\docs\research\xstate\battle-v0.9.1\contracts\b6b10\cv09.py", line 180, in s
    return resolve(n, interp, ctx, evt)
  File "C:\Users\basil\Desktop\Projects\FullStackProjects\CandleViewer\docs\research\xstate\battle-v0.9.1\contracts\b6b10\cv09.py", line 166, in resolve
    raise v
  File "C:\Users\basil\Desktop\Projects\FullStackProjects\_ref\xstate-statemachine\src\xstate_statemachine\interpreter.py", line 3347, in _settle
    produced = await handoff
               ^^^^^^^^^^^^^
  File "C:\Python\Python313\Lib\concurrent\futures\thread.py", line 59, in run
    result = self.fn(*self.args, **self.kwargs)
  File "C:\Users\basil\Desktop\Projects\FullStackProjects\CandleViewer\docs\research\xstate\battle-v0.9.1\contracts\b6b10\cv09.py", line 180, in s
    return resolve(n, interp, ctx, evt)
  File "C:\Users\basil\Desktop\Projects\FullStackProjects\CandleViewer\docs\research\xstate\battle-v0.9.1\contracts\b6b10\cv09.py", line 166, in resolve
    raise v
  File "C:\Users\basil\Desktop\Projects\FullStackProjects\_ref\xstate-statemachine\src\xstate_statemachine\interpreter.py", line 3347, in _settle
    produced = await handoff
               ^^^^^^^^^^^^^
  File "C:\Python\Python313\Lib\concurrent\futures\thread.py", line 59, in run
    result = self.fn(*self.args, **self.kwargs)
  File "C:\Users\basil\Desktop\Projects\FullStackProjects\CandleViewer\docs\research\xstate\battle-v0.9.1\contracts\b6b10\cv09.py", line 180, in s
    return resolve(n, interp, ctx, evt)
  File "C:\Users\basil\Desktop\Projects\FullStackProjects\CandleViewer\docs\research\xstate\battle-v0.9.1\contracts\b6b10\cv09.py", line 166, in resolve
    raise v
  File "C:\Users\basil\Desktop\Projects\FullStackProjects\_ref\xstate-statemachine\src\xstate_statemachine\interpreter.py", line 3347, in _settle
    produced = await handoff
               ^^^^^^^^^^^^^
  File "C:\Python\Python313\Lib\concurrent\futures\thread.py", line 59, in run
    result = self.fn(*self.args, **self.kwargs)
  File "C:\Users\basil\Desktop\Projects\FullStackProjects\CandleViewer\docs\research\xstate\battle-v0.9.1\contracts\b6b10\cv09.py", line 180, in s
    return resolve(n, interp, ctx, evt)
  File "C:\Users\basil\Desktop\Projects\FullStackProjects\CandleViewer\docs\research\xstate\battle-v0.9.1\contracts\b6b10\cv09.py", line 166, in resolve
    raise v
  File "C:\Users\basil\Desktop\Projects\FullStackProjects\_ref\xstate-statemachine\src\xstate_statemachine\interpreter.py", line 3347, in _settle
    produced = await handoff
               ^^^^^^^^^^^^^
  File "C:\Python\Python313\Lib\concurrent\futures\thread.py", line 59, in run
    result = self.fn(*self.args, **self.kwargs)
  File "C:\Users\basil\Desktop\Projects\FullStackProjects\CandleViewer\docs\research\xstate\battle-v0.9.1\contracts\b6b10\cv09.py", line 180, in s
    return resolve(n, interp, ctx, evt)
  File "C:\Users\basil\Desktop\Projects\FullStackProjects\CandleViewer\docs\research\xstate\battle-v0.9.1\contracts\b6b10\cv09.py", line 166, in resolve
    raise v
RuntimeError: rej
ERROR:xstate_statemachine.interpreter:💥 Service 'attach_native_sl' (ID: 'att') failed: rej
Traceback (most recent call last):
  File "C:\Users\basil\Desktop\Projects\FullStackProjects\_ref\xstate-statemachine\src\xstate_statemachine\interpreter.py", line 3347, in _settle
    produced = await handoff
               ^^^^^^^^^^^^^
  File "C:\Python\Python313\Lib\concurrent\futures\thread.py", line 59, in run
    result = self.fn(*self.args, **self.kwargs)
  File "C:\Users\basil\Desktop\Projects\FullStackProjects\CandleViewer\docs\research\xstate\battle-v0.9.1\contracts\b6b10\cv09.py", line 180, in s
    return resolve(n, interp, ctx, evt)
  File "C:\Users\basil\Desktop\Projects\FullStackProjects\CandleViewer\docs\research\xstate\battle-v0.9.1\contracts\b6b10\cv09.py", line 166, in resolve
    raise v
  File "C:\Users\basil\Desktop\Projects\FullStackProjects\_ref\xstate-statemachine\src\xstate_statemachine\interpreter.py", line 3347, in _settle
    produced = await handoff
               ^^^^^^^^^^^^^
  File "C:\Python\Python313\Lib\concurrent\futures\thread.py", line 59, in run
    result = self.fn(*self.args, **self.kwargs)
  File "C:\Users\basil\Desktop\Projects\FullStackProjects\CandleViewer\docs\research\xstate\battle-v0.9.1\contracts\b6b10\cv09.py", line 180, in s
    return resolve(n, interp, ctx, evt)
  File "C:\Users\basil\Desktop\Projects\FullStackProjects\CandleViewer\docs\research\xstate\battle-v0.9.1\contracts\b6b10\cv09.py", line 166, in resolve
    raise v
  File "C:\Users\basil\Desktop\Projects\FullStackProjects\_ref\xstate-statemachine\src\xstate_statemachine\interpreter.py", line 3347, in _settle
    produced = await handoff
               ^^^^^^^^^^^^^
  File "C:\Python\Python313\Lib\concurrent\futures\thread.py", line 59, in run
    result = self.fn(*self.args, **self.kwargs)
  File "C:\Users\basil\Desktop\Projects\FullStackProjects\CandleViewer\docs\research\xstate\battle-v0.9.1\contracts\b6b10\cv09.py", line 180, in s
    return resolve(n, interp, ctx, evt)
  File "C:\Users\basil\Desktop\Projects\FullStackProjects\CandleViewer\docs\research\xstate\battle-v0.9.1\contracts\b6b10\cv09.py", line 166, in resolve
    raise v
  File "C:\Users\basil\Desktop\Projects\FullStackProjects\_ref\xstate-statemachine\src\xstate_statemachine\interpreter.py", line 3347, in _settle
    produced = await handoff
               ^^^^^^^^^^^^^
  File "C:\Python\Python313\Lib\concurrent\futures\thread.py", line 59, in run
    result = self.fn(*self.args, **self.kwargs)
  File "C:\Users\basil\Desktop\Projects\FullStackProjects\CandleViewer\docs\research\xstate\battle-v0.9.1\contracts\b6b10\cv09.py", line 180, in s
    return resolve(n, interp, ctx, evt)
  File "C:\Users\basil\Desktop\Projects\FullStackProjects\CandleViewer\docs\research\xstate\battle-v0.9.1\contracts\b6b10\cv09.py", line 166, in resolve
    raise v
  File "C:\Users\basil\Desktop\Projects\FullStackProjects\_ref\xstate-statemachine\src\xstate_statemachine\interpreter.py", line 3347, in _settle
    produced = await handoff
               ^^^^^^^^^^^^^
  File "C:\Python\Python313\Lib\concurrent\futures\thread.py", line 59, in run
    result = self.fn(*self.args, **self.kwargs)
  File "C:\Users\basil\Desktop\Projects\FullStackProjects\CandleViewer\docs\research\xstate\battle-v0.9.1\contracts\b6b10\cv09.py", line 180, in s
    return resolve(n, interp, ctx, evt)
  File "C:\Users\basil\Desktop\Projects\FullStackProjects\CandleViewer\docs\research\xstate\battle-v0.9.1\contracts\b6b10\cv09.py", line 166, in resolve
    raise v
  File "C:\Users\basil\Desktop\Projects\FullStackProjects\_ref\xstate-statemachine\src\xstate_statemachine\interpreter.py", line 3347, in _settle
    produced = await handoff
               ^^^^^^^^^^^^^
  File "C:\Python\Python313\Lib\concurrent\futures\thread.py", line 59, in run
    result = self.fn(*self.args, **self.kwargs)
  File "C:\Users\basil\Desktop\Projects\FullStackProjects\CandleViewer\docs\research\xstate\battle-v0.9.1\contracts\b6b10\cv09.py", line 180, in s
    return resolve(n, interp, ctx, evt)
  File "C:\Users\basil\Desktop\Projects\FullStackProjects\CandleViewer\docs\research\xstate\battle-v0.9.1\contracts\b6b10\cv09.py", line 166, in resolve
    raise v
  File "C:\Users\basil\Desktop\Projects\FullStackProjects\_ref\xstate-statemachine\src\xstate_statemachine\interpreter.py", line 3347, in _settle
    produced = await handoff
               ^^^^^^^^^^^^^
  File "C:\Python\Python313\Lib\concurrent\futures\thread.py", line 59, in run
    result = self.fn(*self.args, **self.kwargs)
  File "C:\Users\basil\Desktop\Projects\FullStackProjects\CandleViewer\docs\research\xstate\battle-v0.9.1\contracts\b6b10\cv09.py", line 180, in s
    return resolve(n, interp, ctx, evt)
  File "C:\Users\basil\Desktop\Projects\FullStackProjects\CandleViewer\docs\research\xstate\battle-v0.9.1\contracts\b6b10\cv09.py", line 166, in resolve
    raise v
  File "C:\Users\basil\Desktop\Projects\FullStackProjects\_ref\xstate-statemachine\src\xstate_statemachine\interpreter.py", line 3347, in _settle
    produced = await handoff
               ^^^^^^^^^^^^^
  File "C:\Python\Python313\Lib\concurrent\futures\thread.py", line 59, in run
    result = self.fn(*self.args, **self.kwargs)
  File "C:\Users\basil\Desktop\Projects\FullStackProjects\CandleViewer\docs\research\xstate\battle-v0.9.1\contracts\b6b10\cv09.py", line 180, in s
    return resolve(n, interp, ctx, evt)
  File "C:\Users\basil\Desktop\Projects\FullStackProjects\CandleViewer\docs\research\xstate\battle-v0.9.1\contracts\b6b10\cv09.py", line 166, in resolve
    raise v
  File "C:\Users\basil\Desktop\Projects\FullStackProjects\_ref\xstate-statemachine\src\xstate_statemachine\interpreter.py", line 3347, in _settle
    produced = await handoff
               ^^^^^^^^^^^^^
  File "C:\Python\Python313\Lib\concurrent\futures\thread.py", line 59, in run
    result = self.fn(*self.args, **self.kwargs)
  File "C:\Users\basil\Desktop\Projects\FullStackProjects\CandleViewer\docs\research\xstate\battle-v0.9.1\contracts\b6b10\cv09.py", line 180, in s
    return resolve(n, interp, ctx, evt)
  File "C:\Users\basil\Desktop\Projects\FullStackProjects\CandleViewer\docs\research\xstate\battle-v0.9.1\contracts\b6b10\cv09.py", line 166, in resolve
    raise v
  File "C:\Users\basil\Desktop\Projects\FullStackProjects\_ref\xstate-statemachine\src\xstate_statemachine\interpreter.py", line 3347, in _settle
    produced = await handoff
               ^^^^^^^^^^^^^
  File "C:\Python\Python313\Lib\concurrent\futures\thread.py", line 59, in run
    result = self.fn(*self.args, **self.kwargs)
  File "C:\Users\basil\Desktop\Projects\FullStackProjects\CandleViewer\docs\research\xstate\battle-v0.9.1\contracts\b6b10\cv09.py", line 180, in s
    return resolve(n, interp, ctx, evt)
  File "C:\Users\basil\Desktop\Projects\FullStackProjects\CandleViewer\docs\research\xstate\battle-v0.9.1\contracts\b6b10\cv09.py", line 166, in resolve
    raise v
  File "C:\Users\basil\Desktop\Projects\FullStackProjects\_ref\xstate-statemachine\src\xstate_statemachine\interpreter.py", line 3347, in _settle
    produced = await handoff
               ^^^^^^^^^^^^^
  File "C:\Python\Python313\Lib\concurrent\futures\thread.py", line 59, in run
    result = self.fn(*self.args, **self.kwargs)
  File "C:\Users\basil\Desktop\Projects\FullStackProjects\CandleViewer\docs\research\xstate\battle-v0.9.1\contracts\b6b10\cv09.py", line 180, in s
    return resolve(n, interp, ctx, evt)
  File "C:\Users\basil\Desktop\Projects\FullStackProjects\CandleViewer\docs\research\xstate\battle-v0.9.1\contracts\b6b10\cv09.py", line 166, in resolve
    raise v
  File "C:\Users\basil\Desktop\Projects\FullStackProjects\_ref\xstate-statemachine\src\xstate_statemachine\interpreter.py", line 3347, in _settle
    produced = await handoff
               ^^^^^^^^^^^^^
  File "C:\Python\Python313\Lib\concurrent\futures\thread.py", line 59, in run
    result = self.fn(*self.args, **self.kwargs)
  File "C:\Users\basil\Desktop\Projects\FullStackProjects\CandleViewer\docs\research\xstate\battle-v0.9.1\contracts\b6b10\cv09.py", line 180, in s
    return resolve(n, interp, ctx, evt)
  File "C:\Users\basil\Desktop\Projects\FullStackProjects\CandleViewer\docs\research\xstate\battle-v0.9.1\contracts\b6b10\cv09.py", line 166, in resolve
    raise v
  File "C:\Users\basil\Desktop\Projects\FullStackProjects\_ref\xstate-statemachine\src\xstate_statemachine\interpreter.py", line 3347, in _settle
    produced = await handoff
               ^^^^^^^^^^^^^
  File "C:\Python\Python313\Lib\concurrent\futures\thread.py", line 59, in run
    result = self.fn(*self.args, **self.kwargs)
  File "C:\Users\basil\Desktop\Projects\FullStackProjects\CandleViewer\docs\research\xstate\battle-v0.9.1\contracts\b6b10\cv09.py", line 180, in s
    return resolve(n, interp, ctx, evt)
  File "C:\Users\basil\Desktop\Projects\FullStackProjects\CandleViewer\docs\research\xstate\battle-v0.9.1\contracts\b6b10\cv09.py", line 166, in resolve
    raise v
  File "C:\Users\basil\Desktop\Projects\FullStackProjects\_ref\xstate-statemachine\src\xstate_statemachine\interpreter.py", line 3347, in _settle
    produced = await handoff
               ^^^^^^^^^^^^^
  File "C:\Python\Python313\Lib\concurrent\futures\thread.py", line 59, in run
    result = self.fn(*self.args, **self.kwargs)
  File "C:\Users\basil\Desktop\Projects\FullStackProjects\CandleViewer\docs\research\xstate\battle-v0.9.1\contracts\b6b10\cv09.py", line 180, in s
    return resolve(n, interp, ctx, evt)
  File "C:\Users\basil\Desktop\Projects\FullStackProjects\CandleViewer\docs\research\xstate\battle-v0.9.1\contracts\b6b10\cv09.py", line 166, in resolve
    raise v
  File "C:\Users\basil\Desktop\Projects\FullStackProjects\_ref\xstate-statemachine\src\xstate_statemachine\interpreter.py", line 3347, in _settle
    produced = await handoff
               ^^^^^^^^^^^^^
  File "C:\Python\Python313\Lib\concurrent\futures\thread.py", line 59, in run
    result = self.fn(*self.args, **self.kwargs)
  File "C:\Users\basil\Desktop\Projects\FullStackProjects\CandleViewer\docs\research\xstate\battle-v0.9.1\contracts\b6b10\cv09.py", line 180, in s
    return resolve(n, interp, ctx, evt)
  File "C:\Users\basil\Desktop\Projects\FullStackProjects\CandleViewer\docs\research\xstate\battle-v0.9.1\contracts\b6b10\cv09.py", line 166, in resolve
    raise v
  File "C:\Users\basil\Desktop\Projects\FullStackProjects\_ref\xstate-statemachine\src\xstate_statemachine\interpreter.py", line 3347, in _settle
    produced = await handoff
               ^^^^^^^^^^^^^
  File "C:\Python\Python313\Lib\concurrent\futures\thread.py", line 59, in run
    result = self.fn(*self.args, **self.kwargs)
  File "C:\Users\basil\Desktop\Projects\FullStackProjects\CandleViewer\docs\research\xstate\battle-v0.9.1\contracts\b6b10\cv09.py", line 180, in s
    return resolve(n, interp, ctx, evt)
  File "C:\Users\basil\Desktop\Projects\FullStackProjects\CandleViewer\docs\research\xstate\battle-v0.9.1\contracts\b6b10\cv09.py", line 166, in resolve
    raise v
  File "C:\Users\basil\Desktop\Projects\FullStackProjects\_ref\xstate-statemachine\src\xstate_statemachine\interpreter.py", line 3347, in _settle
    produced = await handoff
               ^^^^^^^^^^^^^
  File "C:\Python\Python313\Lib\concurrent\futures\thread.py", line 59, in run
    result = self.fn(*self.args, **self.kwargs)
  File "C:\Users\basil\Desktop\Projects\FullStackProjects\CandleViewer\docs\research\xstate\battle-v0.9.1\contracts\b6b10\cv09.py", line 180, in s
    return resolve(n, interp, ctx, evt)
  File "C:\Users\basil\Desktop\Projects\FullStackProjects\CandleViewer\docs\research\xstate\battle-v0.9.1\contracts\b6b10\cv09.py", line 166, in resolve
    raise v
RuntimeError: rej
ERROR:xstate_statemachine.interpreter:💥 Service 'attach_native_sl' (ID: 'att') failed: rej
Traceback (most recent call last):
  File "C:\Users\basil\Desktop\Projects\FullStackProjects\_ref\xstate-statemachine\src\xstate_statemachine\interpreter.py", line 3347, in _settle
    produced = await handoff
               ^^^^^^^^^^^^^
  File "C:\Python\Python313\Lib\concurrent\futures\thread.py", line 59, in run
    result = self.fn(*self.args, **self.kwargs)
  File "C:\Users\basil\Desktop\Projects\FullStackProjects\CandleViewer\docs\research\xstate\battle-v0.9.1\contracts\b6b10\cv09.py", line 180, in s
    return resolve(n, interp, ctx, evt)
  File "C:\Users\basil\Desktop\Projects\FullStackProjects\CandleViewer\docs\research\xstate\battle-v0.9.1\contracts\b6b10\cv09.py", line 166, in resolve
    raise v
  File "C:\Users\basil\Desktop\Projects\FullStackProjects\_ref\xstate-statemachine\src\xstate_statemachine\interpreter.py", line 3347, in _settle
    produced = await handoff
               ^^^^^^^^^^^^^
  File "C:\Python\Python313\Lib\concurrent\futures\thread.py", line 59, in run
    result = self.fn(*self.args, **self.kwargs)
  File "C:\Users\basil\Desktop\Projects\FullStackProjects\CandleViewer\docs\research\xstate\battle-v0.9.1\contracts\b6b10\cv09.py", line 180, in s
    return resolve(n, interp, ctx, evt)
  File "C:\Users\basil\Desktop\Projects\FullStackProjects\CandleViewer\docs\research\xstate\battle-v0.9.1\contracts\b6b10\cv09.py", line 166, in resolve
    raise v
  File "C:\Users\basil\Desktop\Projects\FullStackProjects\_ref\xstate-statemachine\src\xstate_statemachine\interpreter.py", line 3347, in _settle
    produced = await handoff
               ^^^^^^^^^^^^^
  File "C:\Python\Python313\Lib\concurrent\futures\thread.py", line 59, in run
    result = self.fn(*self.args, **self.kwargs)
  File "C:\Users\basil\Desktop\Projects\FullStackProjects\CandleViewer\docs\research\xstate\battle-v0.9.1\contracts\b6b10\cv09.py", line 180, in s
    return resolve(n, interp, ctx, evt)
  File "C:\Users\basil\Desktop\Projects\FullStackProjects\CandleViewer\docs\research\xstate\battle-v0.9.1\contracts\b6b10\cv09.py", line 166, in resolve
    raise v
  File "C:\Users\basil\Desktop\Projects\FullStackProjects\_ref\xstate-statemachine\src\xstate_statemachine\interpreter.py", line 3347, in _settle
    produced = await handoff
               ^^^^^^^^^^^^^
  File "C:\Python\Python313\Lib\concurrent\futures\thread.py", line 59, in run
    result = self.fn(*self.args, **self.kwargs)
  File "C:\Users\basil\Desktop\Projects\FullStackProjects\CandleViewer\docs\research\xstate\battle-v0.9.1\contracts\b6b10\cv09.py", line 180, in s
    return resolve(n, interp, ctx, evt)
  File "C:\Users\basil\Desktop\Projects\FullStackProjects\CandleViewer\docs\research\xstate\battle-v0.9.1\contracts\b6b10\cv09.py", line 166, in resolve
    raise v
  File "C:\Users\basil\Desktop\Projects\FullStackProjects\_ref\xstate-statemachine\src\xstate_statemachine\interpreter.py", line 3347, in _settle
    produced = await handoff
               ^^^^^^^^^^^^^
  File "C:\Python\Python313\Lib\concurrent\futures\thread.py", line 59, in run
    result = self.fn(*self.args, **self.kwargs)
  File "C:\Users\basil\Desktop\Projects\FullStackProjects\CandleViewer\docs\research\xstate\battle-v0.9.1\contracts\b6b10\cv09.py", line 180, in s
    return resolve(n, interp, ctx, evt)
  File "C:\Users\basil\Desktop\Projects\FullStackProjects\CandleViewer\docs\research\xstate\battle-v0.9.1\contracts\b6b10\cv09.py", line 166, in resolve
    raise v
  File "C:\Users\basil\Desktop\Projects\FullStackProjects\_ref\xstate-statemachine\src\xstate_statemachine\interpreter.py", line 3347, in _settle
    produced = await handoff
               ^^^^^^^^^^^^^
  File "C:\Python\Python313\Lib\concurrent\futures\thread.py", line 59, in run
    result = self.fn(*self.args, **self.kwargs)
  File "C:\Users\basil\Desktop\Projects\FullStackProjects\CandleViewer\docs\research\xstate\battle-v0.9.1\contracts\b6b10\cv09.py", line 180, in s
    return resolve(n, interp, ctx, evt)
  File "C:\Users\basil\Desktop\Projects\FullStackProjects\CandleViewer\docs\research\xstate\battle-v0.9.1\contracts\b6b10\cv09.py", line 166, in resolve
    raise v
  File "C:\Users\basil\Desktop\Projects\FullStackProjects\_ref\xstate-statemachine\src\xstate_statemachine\interpreter.py", line 3347, in _settle
    produced = await handoff
               ^^^^^^^^^^^^^
  File "C:\Python\Python313\Lib\concurrent\futures\thread.py", line 59, in run
    result = self.fn(*self.args, **self.kwargs)
  File "C:\Users\basil\Desktop\Projects\FullStackProjects\CandleViewer\docs\research\xstate\battle-v0.9.1\contracts\b6b10\cv09.py", line 180, in s
    return resolve(n, interp, ctx, evt)
  File "C:\Users\basil\Desktop\Projects\FullStackProjects\CandleViewer\docs\research\xstate\battle-v0.9.1\contracts\b6b10\cv09.py", line 166, in resolve
    raise v
  File "C:\Users\basil\Desktop\Projects\FullStackProjects\_ref\xstate-statemachine\src\xstate_statemachine\interpreter.py", line 3347, in _settle
    produced = await handoff
               ^^^^^^^^^^^^^
  File "C:\Python\Python313\Lib\concurrent\futures\thread.py", line 59, in run
    result = self.fn(*self.args, **self.kwargs)
  File "C:\Users\basil\Desktop\Projects\FullStackProjects\CandleViewer\docs\research\xstate\battle-v0.9.1\contracts\b6b10\cv09.py", line 180, in s
    return resolve(n, interp, ctx, evt)
  File "C:\Users\basil\Desktop\Projects\FullStackProjects\CandleViewer\docs\research\xstate\battle-v0.9.1\contracts\b6b10\cv09.py", line 166, in resolve
    raise v
  File "C:\Users\basil\Desktop\Projects\FullStackProjects\_ref\xstate-statemachine\src\xstate_statemachine\interpreter.py", line 3347, in _settle
    produced = await handoff
               ^^^^^^^^^^^^^
  File "C:\Python\Python313\Lib\concurrent\futures\thread.py", line 59, in run
    result = self.fn(*self.args, **self.kwargs)
  File "C:\Users\basil\Desktop\Projects\FullStackProjects\CandleViewer\docs\research\xstate\battle-v0.9.1\contracts\b6b10\cv09.py", line 180, in s
    return resolve(n, interp, ctx, evt)
  File "C:\Users\basil\Desktop\Projects\FullStackProjects\CandleViewer\docs\research\xstate\battle-v0.9.1\contracts\b6b10\cv09.py", line 166, in resolve
    raise v
  File "C:\Users\basil\Desktop\Projects\FullStackProjects\_ref\xstate-statemachine\src\xstate_statemachine\interpreter.py", line 3347, in _settle
    produced = await handoff
               ^^^^^^^^^^^^^
  File "C:\Python\Python313\Lib\concurrent\futures\thread.py", line 59, in run
    result = self.fn(*self.args, **self.kwargs)
  File "C:\Users\basil\Desktop\Projects\FullStackProjects\CandleViewer\docs\research\xstate\battle-v0.9.1\contracts\b6b10\cv09.py", line 180, in s
    return resolve(n, interp, ctx, evt)
  File "C:\Users\basil\Desktop\Projects\FullStackProjects\CandleViewer\docs\research\xstate\battle-v0.9.1\contracts\b6b10\cv09.py", line 166, in resolve
    raise v
  File "C:\Users\basil\Desktop\Projects\FullStackProjects\_ref\xstate-statemachine\src\xstate_statemachine\interpreter.py", line 3347, in _settle
    produced = await handoff
               ^^^^^^^^^^^^^
  File "C:\Python\Python313\Lib\concurrent\futures\thread.py", line 59, in run
    result = self.fn(*self.args, **self.kwargs)
  File "C:\Users\basil\Desktop\Projects\FullStackProjects\CandleViewer\docs\research\xstate\battle-v0.9.1\contracts\b6b10\cv09.py", line 180, in s
    return resolve(n, interp, ctx, evt)
  File "C:\Users\basil\Desktop\Projects\FullStackProjects\CandleViewer\docs\research\xstate\battle-v0.9.1\contracts\b6b10\cv09.py", line 166, in resolve
    raise v
  File "C:\Users\basil\Desktop\Projects\FullStackProjects\_ref\xstate-statemachine\src\xstate_statemachine\interpreter.py", line 3347, in _settle
    produced = await handoff
               ^^^^^^^^^^^^^
  File "C:\Python\Python313\Lib\concurrent\futures\thread.py", line 59, in run
    result = self.fn(*self.args, **self.kwargs)
  File "C:\Users\basil\Desktop\Projects\FullStackProjects\CandleViewer\docs\research\xstate\battle-v0.9.1\contracts\b6b10\cv09.py", line 180, in s
    return resolve(n, interp, ctx, evt)
  File "C:\Users\basil\Desktop\Projects\FullStackProjects\CandleViewer\docs\research\xstate\battle-v0.9.1\contracts\b6b10\cv09.py", line 166, in resolve
    raise v
  File "C:\Users\basil\Desktop\Projects\FullStackProjects\_ref\xstate-statemachine\src\xstate_statemachine\interpreter.py", line 3347, in _settle
    produced = await handoff
               ^^^^^^^^^^^^^
  File "C:\Python\Python313\Lib\concurrent\futures\thread.py", line 59, in run
    result = self.fn(*self.args, **self.kwargs)
  File "C:\Users\basil\Desktop\Projects\FullStackProjects\CandleViewer\docs\research\xstate\battle-v0.9.1\contracts\b6b10\cv09.py", line 180, in s
    return resolve(n, interp, ctx, evt)
  File "C:\Users\basil\Desktop\Projects\FullStackProjects\CandleViewer\docs\research\xstate\battle-v0.9.1\contracts\b6b10\cv09.py", line 166, in resolve
    raise v
  File "C:\Users\basil\Desktop\Projects\FullStackProjects\_ref\xstate-statemachine\src\xstate_statemachine\interpreter.py", line 3347, in _settle
    produced = await handoff
               ^^^^^^^^^^^^^
  File "C:\Python\Python313\Lib\concurrent\futures\thread.py", line 59, in run
    result = self.fn(*self.args, **self.kwargs)
  File "C:\Users\basil\Desktop\Projects\FullStackProjects\CandleViewer\docs\research\xstate\battle-v0.9.1\contracts\b6b10\cv09.py", line 180, in s
    return resolve(n, interp, ctx, evt)
  File "C:\Users\basil\Desktop\Projects\FullStackProjects\CandleViewer\docs\research\xstate\battle-v0.9.1\contracts\b6b10\cv09.py", line 166, in resolve
    raise v
  File "C:\Users\basil\Desktop\Projects\FullStackProjects\_ref\xstate-statemachine\src\xstate_statemachine\interpreter.py", line 3347, in _settle
    produced = await handoff
               ^^^^^^^^^^^^^
  File "C:\Python\Python313\Lib\concurrent\futures\thread.py", line 59, in run
    result = self.fn(*self.args, **self.kwargs)
  File "C:\Users\basil\Desktop\Projects\FullStackProjects\CandleViewer\docs\research\xstate\battle-v0.9.1\contracts\b6b10\cv09.py", line 180, in s
    return resolve(n, interp, ctx, evt)
  File "C:\Users\basil\Desktop\Projects\FullStackProjects\CandleViewer\docs\research\xstate\battle-v0.9.1\contracts\b6b10\cv09.py", line 166, in resolve
    raise v
  File "C:\Users\basil\Desktop\Projects\FullStackProjects\_ref\xstate-statemachine\src\xstate_statemachine\interpreter.py", line 3347, in _settle
    produced = await handoff
               ^^^^^^^^^^^^^
  File "C:\Python\Python313\Lib\concurrent\futures\thread.py", line 59, in run
    result = self.fn(*self.args, **self.kwargs)
  File "C:\Users\basil\Desktop\Projects\FullStackProjects\CandleViewer\docs\research\xstate\battle-v0.9.1\contracts\b6b10\cv09.py", line 180, in s
    return resolve(n, interp, ctx, evt)
  File "C:\Users\basil\Desktop\Projects\FullStackProjects\CandleViewer\docs\research\xstate\battle-v0.9.1\contracts\b6b10\cv09.py", line 166, in resolve
    raise v
  File "C:\Users\basil\Desktop\Projects\FullStackProjects\_ref\xstate-statemachine\src\xstate_statemachine\interpreter.py", line 3347, in _settle
    produced = await handoff
               ^^^^^^^^^^^^^
  File "C:\Python\Python313\Lib\concurrent\futures\thread.py", line 59, in run
    result = self.fn(*self.args, **self.kwargs)
  File "C:\Users\basil\Desktop\Projects\FullStackProjects\CandleViewer\docs\research\xstate\battle-v0.9.1\contracts\b6b10\cv09.py", line 180, in s
    return resolve(n, interp, ctx, evt)
  File "C:\Users\basil\Desktop\Projects\FullStackProjects\CandleViewer\docs\research\xstate\battle-v0.9.1\contracts\b6b10\cv09.py", line 166, in resolve
    raise v
  File "C:\Users\basil\Desktop\Projects\FullStackProjects\_ref\xstate-statemachine\src\xstate_statemachine\interpreter.py", line 3347, in _settle
    produced = await handoff
               ^^^^^^^^^^^^^
  File "C:\Python\Python313\Lib\concurrent\futures\thread.py", line 59, in run
    result = self.fn(*self.args, **self.kwargs)
  File "C:\Users\basil\Desktop\Projects\FullStackProjects\CandleViewer\docs\research\xstate\battle-v0.9.1\contracts\b6b10\cv09.py", line 180, in s
    return resolve(n, interp, ctx, evt)
  File "C:\Users\basil\Desktop\Projects\FullStackProjects\CandleViewer\docs\research\xstate\battle-v0.9.1\contracts\b6b10\cv09.py", line 166, in resolve
    raise v
RuntimeError: rej
ERROR:xstate_statemachine.interpreter:💥 Service 'attach_native_sl' (ID: 'att') failed: rej
Traceback (most recent call last):
  File "C:\Users\basil\Desktop\Projects\FullStackProjects\_ref\xstate-statemachine\src\xstate_statemachine\interpreter.py", line 3347, in _settle
    produced = await handoff
               ^^^^^^^^^^^^^
  File "C:\Python\Python313\Lib\concurrent\futures\thread.py", line 59, in run
    result = self.fn(*self.args, **self.kwargs)
  File "C:\Users\basil\Desktop\Projects\FullStackProjects\CandleViewer\docs\research\xstate\battle-v0.9.1\contracts\b6b10\cv09.py", line 180, in s
    return resolve(n, interp, ctx, evt)
  File "C:\Users\basil\Desktop\Projects\FullStackProjects\CandleViewer\docs\research\xstate\battle-v0.9.1\contracts\b6b10\cv09.py", line 166, in resolve
    raise v
  File "C:\Users\basil\Desktop\Projects\FullStackProjects\_ref\xstate-statemachine\src\xstate_statemachine\interpreter.py", line 3347, in _settle
    produced = await handoff
               ^^^^^^^^^^^^^
  File "C:\Python\Python313\Lib\concurrent\futures\thread.py", line 59, in run
    result = self.fn(*self.args, **self.kwargs)
  File "C:\Users\basil\Desktop\Projects\FullStackProjects\CandleViewer\docs\research\xstate\battle-v0.9.1\contracts\b6b10\cv09.py", line 180, in s
    return resolve(n, interp, ctx, evt)
  File "C:\Users\basil\Desktop\Projects\FullStackProjects\CandleViewer\docs\research\xstate\battle-v0.9.1\contracts\b6b10\cv09.py", line 166, in resolve
    raise v
  File "C:\Users\basil\Desktop\Projects\FullStackProjects\_ref\xstate-statemachine\src\xstate_statemachine\interpreter.py", line 3347, in _settle
    produced = await handoff
               ^^^^^^^^^^^^^
  File "C:\Python\Python313\Lib\concurrent\futures\thread.py", line 59, in run
    result = self.fn(*self.args, **self.kwargs)
  File "C:\Users\basil\Desktop\Projects\FullStackProjects\CandleViewer\docs\research\xstate\battle-v0.9.1\contracts\b6b10\cv09.py", line 180, in s
    return resolve(n, interp, ctx, evt)
  File "C:\Users\basil\Desktop\Projects\FullStackProjects\CandleViewer\docs\research\xstate\battle-v0.9.1\contracts\b6b10\cv09.py", line 166, in resolve
    raise v
  File "C:\Users\basil\Desktop\Projects\FullStackProjects\_ref\xstate-statemachine\src\xstate_statemachine\interpreter.py", line 3347, in _settle
    produced = await handoff
               ^^^^^^^^^^^^^
  File "C:\Python\Python313\Lib\concurrent\futures\thread.py", line 59, in run
    result = self.fn(*self.args, **self.kwargs)
  File "C:\Users\basil\Desktop\Projects\FullStackProjects\CandleViewer\docs\research\xstate\battle-v0.9.1\contracts\b6b10\cv09.py", line 180, in s
    return resolve(n, interp, ctx, evt)
  File "C:\Users\basil\Desktop\Projects\FullStackProjects\CandleViewer\docs\research\xstate\battle-v0.9.1\contracts\b6b10\cv09.py", line 166, in resolve
    raise v
  File "C:\Users\basil\Desktop\Projects\FullStackProjects\_ref\xstate-statemachine\src\xstate_statemachine\interpreter.py", line 3347, in _settle
    produced = await handoff
               ^^^^^^^^^^^^^
  File "C:\Python\Python313\Lib\concurrent\futures\thread.py", line 59, in run
    result = self.fn(*self.args, **self.kwargs)
  File "C:\Users\basil\Desktop\Projects\FullStackProjects\CandleViewer\docs\research\xstate\battle-v0.9.1\contracts\b6b10\cv09.py", line 180, in s
    return resolve(n, interp, ctx, evt)
  File "C:\Users\basil\Desktop\Projects\FullStackProjects\CandleViewer\docs\research\xstate\battle-v0.9.1\contracts\b6b10\cv09.py", line 166, in resolve
    raise v
  File "C:\Users\basil\Desktop\Projects\FullStackProjects\_ref\xstate-statemachine\src\xstate_statemachine\interpreter.py", line 3347, in _settle
    produced = await handoff
               ^^^^^^^^^^^^^
  File "C:\Python\Python313\Lib\concurrent\futures\thread.py", line 59, in run
    result = self.fn(*self.args, **self.kwargs)
  File "C:\Users\basil\Desktop\Projects\FullStackProjects\CandleViewer\docs\research\xstate\battle-v0.9.1\contracts\b6b10\cv09.py", line 180, in s
    return resolve(n, interp, ctx, evt)
  File "C:\Users\basil\Desktop\Projects\FullStackProjects\CandleViewer\docs\research\xstate\battle-v0.9.1\contracts\b6b10\cv09.py", line 166, in resolve
    raise v
  File "C:\Users\basil\Desktop\Projects\FullStackProjects\_ref\xstate-statemachine\src\xstate_statemachine\interpreter.py", line 3347, in _settle
    produced = await handoff
               ^^^^^^^^^^^^^
  File "C:\Python\Python313\Lib\concurrent\futures\thread.py", line 59, in run
    result = self.fn(*self.args, **self.kwargs)
  File "C:\Users\basil\Desktop\Projects\FullStackProjects\CandleViewer\docs\research\xstate\battle-v0.9.1\contracts\b6b10\cv09.py", line 180, in s
    return resolve(n, interp, ctx, evt)
  File "C:\Users\basil\Desktop\Projects\FullStackProjects\CandleViewer\docs\research\xstate\battle-v0.9.1\contracts\b6b10\cv09.py", line 166, in resolve
    raise v
  File "C:\Users\basil\Desktop\Projects\FullStackProjects\_ref\xstate-statemachine\src\xstate_statemachine\interpreter.py", line 3347, in _settle
    produced = await handoff
               ^^^^^^^^^^^^^
  File "C:\Python\Python313\Lib\concurrent\futures\thread.py", line 59, in run
    result = self.fn(*self.args, **self.kwargs)
  File "C:\Users\basil\Desktop\Projects\FullStackProjects\CandleViewer\docs\research\xstate\battle-v0.9.1\contracts\b6b10\cv09.py", line 180, in s
    return resolve(n, interp, ctx, evt)
  File "C:\Users\basil\Desktop\Projects\FullStackProjects\CandleViewer\docs\research\xstate\battle-v0.9.1\contracts\b6b10\cv09.py", line 166, in resolve
    raise v
  File "C:\Users\basil\Desktop\Projects\FullStackProjects\_ref\xstate-statemachine\src\xstate_statemachine\interpreter.py", line 3347, in _settle
    produced = await handoff
               ^^^^^^^^^^^^^
  File "C:\Python\Python313\Lib\concurrent\futures\thread.py", line 59, in run
    result = self.fn(*self.args, **self.kwargs)
  File "C:\Users\basil\Desktop\Projects\FullStackProjects\CandleViewer\docs\research\xstate\battle-v0.9.1\contracts\b6b10\cv09.py", line 180, in s
    return resolve(n, interp, ctx, evt)
  File "C:\Users\basil\Desktop\Projects\FullStackProjects\CandleViewer\docs\research\xstate\battle-v0.9.1\contracts\b6b10\cv09.py", line 166, in resolve
    raise v
  File "C:\Users\basil\Desktop\Projects\FullStackProjects\_ref\xstate-statemachine\src\xstate_statemachine\interpreter.py", line 3347, in _settle
    produced = await handoff
               ^^^^^^^^^^^^^
  File "C:\Python\Python313\Lib\concurrent\futures\thread.py", line 59, in run
    result = self.fn(*self.args, **self.kwargs)
  File "C:\Users\basil\Desktop\Projects\FullStackProjects\CandleViewer\docs\research\xstate\battle-v0.9.1\contracts\b6b10\cv09.py", line 180, in s
    return resolve(n, interp, ctx, evt)
  File "C:\Users\basil\Desktop\Projects\FullStackProjects\CandleViewer\docs\research\xstate\battle-v0.9.1\contracts\b6b10\cv09.py", line 166, in resolve
    raise v
  File "C:\Users\basil\Desktop\Projects\FullStackProjects\_ref\xstate-statemachine\src\xstate_statemachine\interpreter.py", line 3347, in _settle
    produced = await handoff
               ^^^^^^^^^^^^^
  File "C:\Python\Python313\Lib\concurrent\futures\thread.py", line 59, in run
    result = self.fn(*self.args, **self.kwargs)
  File "C:\Users\basil\Desktop\Projects\FullStackProjects\CandleViewer\docs\research\xstate\battle-v0.9.1\contracts\b6b10\cv09.py", line 180, in s
    return resolve(n, interp, ctx, evt)
  File "C:\Users\basil\Desktop\Projects\FullStackProjects\CandleViewer\docs\research\xstate\battle-v0.9.1\contracts\b6b10\cv09.py", line 166, in resolve
    raise v
  File "C:\Users\basil\Desktop\Projects\FullStackProjects\_ref\xstate-statemachine\src\xstate_statemachine\interpreter.py", line 3347, in _settle
    produced = await handoff
               ^^^^^^^^^^^^^
  File "C:\Python\Python313\Lib\concurrent\futures\thread.py", line 59, in run
    result = self.fn(*self.args, **self.kwargs)
  File "C:\Users\basil\Desktop\Projects\FullStackProjects\CandleViewer\docs\research\xstate\battle-v0.9.1\contracts\b6b10\cv09.py", line 180, in s
    return resolve(n, interp, ctx, evt)
  File "C:\Users\basil\Desktop\Projects\FullStackProjects\CandleViewer\docs\research\xstate\battle-v0.9.1\contracts\b6b10\cv09.py", line 166, in resolve
    raise v
  File "C:\Users\basil\Desktop\Projects\FullStackProjects\_ref\xstate-statemachine\src\xstate_statemachine\interpreter.py", line 3347, in _settle
    produced = await handoff
               ^^^^^^^^^^^^^
  File "C:\Python\Python313\Lib\concurrent\futures\thread.py", line 59, in run
    result = self.fn(*self.args, **self.kwargs)
  File "C:\Users\basil\Desktop\Projects\FullStackProjects\CandleViewer\docs\research\xstate\battle-v0.9.1\contracts\b6b10\cv09.py", line 180, in s
    return resolve(n, interp, ctx, evt)
  File "C:\Users\basil\Desktop\Projects\FullStackProjects\CandleViewer\docs\research\xstate\battle-v0.9.1\contracts\b6b10\cv09.py", line 166, in resolve
    raise v
  File "C:\Users\basil\Desktop\Projects\FullStackProjects\_ref\xstate-statemachine\src\xstate_statemachine\interpreter.py", line 3347, in _settle
    produced = await handoff
               ^^^^^^^^^^^^^
  File "C:\Python\Python313\Lib\concurrent\futures\thread.py", line 59, in run
    result = self.fn(*self.args, **self.kwargs)
  File "C:\Users\basil\Desktop\Projects\FullStackProjects\CandleViewer\docs\research\xstate\battle-v0.9.1\contracts\b6b10\cv09.py", line 180, in s
    return resolve(n, interp, ctx, evt)
  File "C:\Users\basil\Desktop\Projects\FullStackProjects\CandleViewer\docs\research\xstate\battle-v0.9.1\contracts\b6b10\cv09.py", line 166, in resolve
    raise v
  File "C:\Users\basil\Desktop\Projects\FullStackProjects\_ref\xstate-statemachine\src\xstate_statemachine\interpreter.py", line 3347, in _settle
    produced = await handoff
               ^^^^^^^^^^^^^
  File "C:\Python\Python313\Lib\concurrent\futures\thread.py", line 59, in run
    result = self.fn(*self.args, **self.kwargs)
  File "C:\Users\basil\Desktop\Projects\FullStackProjects\CandleViewer\docs\research\xstate\battle-v0.9.1\contracts\b6b10\cv09.py", line 180, in s
    return resolve(n, interp, ctx, evt)
  File "C:\Users\basil\Desktop\Projects\FullStackProjects\CandleViewer\docs\research\xstate\battle-v0.9.1\contracts\b6b10\cv09.py", line 166, in resolve
    raise v
  File "C:\Users\basil\Desktop\Projects\FullStackProjects\_ref\xstate-statemachine\src\xstate_statemachine\interpreter.py", line 3347, in _settle
    produced = await handoff
               ^^^^^^^^^^^^^
  File "C:\Python\Python313\Lib\concurrent\futures\thread.py", line 59, in run
    result = self.fn(*self.args, **self.kwargs)
  File "C:\Users\basil\Desktop\Projects\FullStackProjects\CandleViewer\docs\research\xstate\battle-v0.9.1\contracts\b6b10\cv09.py", line 180, in s
    return resolve(n, interp, ctx, evt)
  File "C:\Users\basil\Desktop\Projects\FullStackProjects\CandleViewer\docs\research\xstate\battle-v0.9.1\contracts\b6b10\cv09.py", line 166, in resolve
    raise v
  File "C:\Users\basil\Desktop\Projects\FullStackProjects\_ref\xstate-statemachine\src\xstate_statemachine\interpreter.py", line 3347, in _settle
    produced = await handoff
               ^^^^^^^^^^^^^
  File "C:\Python\Python313\Lib\concurrent\futures\thread.py", line 59, in run
    result = self.fn(*self.args, **self.kwargs)
  File "C:\Users\basil\Desktop\Projects\FullStackProjects\CandleViewer\docs\research\xstate\battle-v0.9.1\contracts\b6b10\cv09.py", line 180, in s
    return resolve(n, interp, ctx, evt)
  File "C:\Users\basil\Desktop\Projects\FullStackProjects\CandleViewer\docs\research\xstate\battle-v0.9.1\contracts\b6b10\cv09.py", line 166, in resolve
    raise v
  File "C:\Users\basil\Desktop\Projects\FullStackProjects\_ref\xstate-statemachine\src\xstate_statemachine\interpreter.py", line 3347, in _settle
    produced = await handoff
               ^^^^^^^^^^^^^
  File "C:\Python\Python313\Lib\concurrent\futures\thread.py", line 59, in run
    result = self.fn(*self.args, **self.kwargs)
  File "C:\Users\basil\Desktop\Projects\FullStackProjects\CandleViewer\docs\research\xstate\battle-v0.9.1\contracts\b6b10\cv09.py", line 180, in s
    return resolve(n, interp, ctx, evt)
  File "C:\Users\basil\Desktop\Projects\FullStackProjects\CandleViewer\docs\research\xstate\battle-v0.9.1\contracts\b6b10\cv09.py", line 166, in resolve
    raise v
  File "C:\Users\basil\Desktop\Projects\FullStackProjects\_ref\xstate-statemachine\src\xstate_statemachine\interpreter.py", line 3347, in _settle
    produced = await handoff
               ^^^^^^^^^^^^^
  File "C:\Python\Python313\Lib\concurrent\futures\thread.py", line 59, in run
    result = self.fn(*self.args, **self.kwargs)
  File "C:\Users\basil\Desktop\Projects\FullStackProjects\CandleViewer\docs\research\xstate\battle-v0.9.1\contracts\b6b10\cv09.py", line 180, in s
    return resolve(n, interp, ctx, evt)
  File "C:\Users\basil\Desktop\Projects\FullStackProjects\CandleViewer\docs\research\xstate\battle-v0.9.1\contracts\b6b10\cv09.py", line 166, in resolve
    raise v
RuntimeError: rej
ERROR:xstate_statemachine.interpreter:💥 Service 'attach_native_sl' (ID: 'att') failed: rej
Traceback (most recent call last):
  File "C:\Users\basil\Desktop\Projects\FullStackProjects\_ref\xstate-statemachine\src\xstate_statemachine\interpreter.py", line 3347, in _settle
    produced = await handoff
               ^^^^^^^^^^^^^
  File "C:\Python\Python313\Lib\concurrent\futures\thread.py", line 59, in run
    result = self.fn(*self.args, **self.kwargs)
  File "C:\Users\basil\Desktop\Projects\FullStackProjects\CandleViewer\docs\research\xstate\battle-v0.9.1\contracts\b6b10\cv09.py", line 180, in s
    return resolve(n, interp, ctx, evt)
  File "C:\Users\basil\Desktop\Projects\FullStackProjects\CandleViewer\docs\research\xstate\battle-v0.9.1\contracts\b6b10\cv09.py", line 166, in resolve
    raise v
  File "C:\Users\basil\Desktop\Projects\FullStackProjects\_ref\xstate-statemachine\src\xstate_statemachine\interpreter.py", line 3347, in _settle
    produced = await handoff
               ^^^^^^^^^^^^^
  File "C:\Python\Python313\Lib\concurrent\futures\thread.py", line 59, in run
    result = self.fn(*self.args, **self.kwargs)
  File "C:\Users\basil\Desktop\Projects\FullStackProjects\CandleViewer\docs\research\xstate\battle-v0.9.1\contracts\b6b10\cv09.py", line 180, in s
    return resolve(n, interp, ctx, evt)
  File "C:\Users\basil\Desktop\Projects\FullStackProjects\CandleViewer\docs\research\xstate\battle-v0.9.1\contracts\b6b10\cv09.py", line 166, in resolve
    raise v
  File "C:\Users\basil\Desktop\Projects\FullStackProjects\_ref\xstate-statemachine\src\xstate_statemachine\interpreter.py", line 3347, in _settle
    produced = await handoff
               ^^^^^^^^^^^^^
  File "C:\Python\Python313\Lib\concurrent\futures\thread.py", line 59, in run
    result = self.fn(*self.args, **self.kwargs)
  File "C:\Users\basil\Desktop\Projects\FullStackProjects\CandleViewer\docs\research\xstate\battle-v0.9.1\contracts\b6b10\cv09.py", line 180, in s
    return resolve(n, interp, ctx, evt)
  File "C:\Users\basil\Desktop\Projects\FullStackProjects\CandleViewer\docs\research\xstate\battle-v0.9.1\contracts\b6b10\cv09.py", line 166, in resolve
    raise v
  File "C:\Users\basil\Desktop\Projects\FullStackProjects\_ref\xstate-statemachine\src\xstate_statemachine\interpreter.py", line 3347, in _settle
    produced = await handoff
               ^^^^^^^^^^^^^
  File "C:\Python\Python313\Lib\concurrent\futures\thread.py", line 59, in run
    result = self.fn(*self.args, **self.kwargs)
  File "C:\Users\basil\Desktop\Projects\FullStackProjects\CandleViewer\docs\research\xstate\battle-v0.9.1\contracts\b6b10\cv09.py", line 180, in s
    return resolve(n, interp, ctx, evt)
  File "C:\Users\basil\Desktop\Projects\FullStackProjects\CandleViewer\docs\research\xstate\battle-v0.9.1\contracts\b6b10\cv09.py", line 166, in resolve
    raise v
  File "C:\Users\basil\Desktop\Projects\FullStackProjects\_ref\xstate-statemachine\src\xstate_statemachine\interpreter.py", line 3347, in _settle
    produced = await handoff
               ^^^^^^^^^^^^^
  File "C:\Python\Python313\Lib\concurrent\futures\thread.py", line 59, in run
    result = self.fn(*self.args, **self.kwargs)
  File "C:\Users\basil\Desktop\Projects\FullStackProjects\CandleViewer\docs\research\xstate\battle-v0.9.1\contracts\b6b10\cv09.py", line 180, in s
    return resolve(n, interp, ctx, evt)
  File "C:\Users\basil\Desktop\Projects\FullStackProjects\CandleViewer\docs\research\xstate\battle-v0.9.1\contracts\b6b10\cv09.py", line 166, in resolve
    raise v
  File "C:\Users\basil\Desktop\Projects\FullStackProjects\_ref\xstate-statemachine\src\xstate_statemachine\interpreter.py", line 3347, in _settle
    produced = await handoff
               ^^^^^^^^^^^^^
  File "C:\Python\Python313\Lib\concurrent\futures\thread.py", line 59, in run
    result = self.fn(*self.args, **self.kwargs)
  File "C:\Users\basil\Desktop\Projects\FullStackProjects\CandleViewer\docs\research\xstate\battle-v0.9.1\contracts\b6b10\cv09.py", line 180, in s
    return resolve(n, interp, ctx, evt)
  File "C:\Users\basil\Desktop\Projects\FullStackProjects\CandleViewer\docs\research\xstate\battle-v0.9.1\contracts\b6b10\cv09.py", line 166, in resolve
    raise v
  File "C:\Users\basil\Desktop\Projects\FullStackProjects\_ref\xstate-statemachine\src\xstate_statemachine\interpreter.py", line 3347, in _settle
    produced = await handoff
               ^^^^^^^^^^^^^
  File "C:\Python\Python313\Lib\concurrent\futures\thread.py", line 59, in run
    result = self.fn(*self.args, **self.kwargs)
  File "C:\Users\basil\Desktop\Projects\FullStackProjects\CandleViewer\docs\research\xstate\battle-v0.9.1\contracts\b6b10\cv09.py", line 180, in s
    return resolve(n, interp, ctx, evt)
  File "C:\Users\basil\Desktop\Projects\FullStackProjects\CandleViewer\docs\research\xstate\battle-v0.9.1\contracts\b6b10\cv09.py", line 166, in resolve
    raise v
  File "C:\Users\basil\Desktop\Projects\FullStackProjects\_ref\xstate-statemachine\src\xstate_statemachine\interpreter.py", line 3347, in _settle
    produced = await handoff
               ^^^^^^^^^^^^^
  File "C:\Python\Python313\Lib\concurrent\futures\thread.py", line 59, in run
    result = self.fn(*self.args, **self.kwargs)
  File "C:\Users\basil\Desktop\Projects\FullStackProjects\CandleViewer\docs\research\xstate\battle-v0.9.1\contracts\b6b10\cv09.py", line 180, in s
    return resolve(n, interp, ctx, evt)
  File "C:\Users\basil\Desktop\Projects\FullStackProjects\CandleViewer\docs\research\xstate\battle-v0.9.1\contracts\b6b10\cv09.py", line 166, in resolve
    raise v
  File "C:\Users\basil\Desktop\Projects\FullStackProjects\_ref\xstate-statemachine\src\xstate_statemachine\interpreter.py", line 3347, in _settle
    produced = await handoff
               ^^^^^^^^^^^^^
  File "C:\Python\Python313\Lib\concurrent\futures\thread.py", line 59, in run
    result = self.fn(*self.args, **self.kwargs)
  File "C:\Users\basil\Desktop\Projects\FullStackProjects\CandleViewer\docs\research\xstate\battle-v0.9.1\contracts\b6b10\cv09.py", line 180, in s
    return resolve(n, interp, ctx, evt)
  File "C:\Users\basil\Desktop\Projects\FullStackProjects\CandleViewer\docs\research\xstate\battle-v0.9.1\contracts\b6b10\cv09.py", line 166, in resolve
    raise v
  File "C:\Users\basil\Desktop\Projects\FullStackProjects\_ref\xstate-statemachine\src\xstate_statemachine\interpreter.py", line 3347, in _settle
    produced = await handoff
               ^^^^^^^^^^^^^
  File "C:\Python\Python313\Lib\concurrent\futures\thread.py", line 59, in run
    result = self.fn(*self.args, **self.kwargs)
  File "C:\Users\basil\Desktop\Projects\FullStackProjects\CandleViewer\docs\research\xstate\battle-v0.9.1\contracts\b6b10\cv09.py", line 180, in s
    return resolve(n, interp, ctx, evt)
  File "C:\Users\basil\Desktop\Projects\FullStackProjects\CandleViewer\docs\research\xstate\battle-v0.9.1\contracts\b6b10\cv09.py", line 166, in resolve
    raise v
  File "C:\Users\basil\Desktop\Projects\FullStackProjects\_ref\xstate-statemachine\src\xstate_statemachine\interpreter.py", line 3347, in _settle
    produced = await handoff
               ^^^^^^^^^^^^^
  File "C:\Python\Python313\Lib\concurrent\futures\thread.py", line 59, in run
    result = self.fn(*self.args, **self.kwargs)
  File "C:\Users\basil\Desktop\Projects\FullStackProjects\CandleViewer\docs\research\xstate\battle-v0.9.1\contracts\b6b10\cv09.py", line 180, in s
    return resolve(n, interp, ctx, evt)
  File "C:\Users\basil\Desktop\Projects\FullStackProjects\CandleViewer\docs\research\xstate\battle-v0.9.1\contracts\b6b10\cv09.py", line 166, in resolve
    raise v
  File "C:\Users\basil\Desktop\Projects\FullStackProjects\_ref\xstate-statemachine\src\xstate_statemachine\interpreter.py", line 3347, in _settle
    produced = await handoff
               ^^^^^^^^^^^^^
  File "C:\Python\Python313\Lib\concurrent\futures\thread.py", line 59, in run
    result = self.fn(*self.args, **self.kwargs)
  File "C:\Users\basil\Desktop\Projects\FullStackProjects\CandleViewer\docs\research\xstate\battle-v0.9.1\contracts\b6b10\cv09.py", line 180, in s
    return resolve(n, interp, ctx, evt)
  File "C:\Users\basil\Desktop\Projects\FullStackProjects\CandleViewer\docs\research\xstate\battle-v0.9.1\contracts\b6b10\cv09.py", line 166, in resolve
    raise v
  File "C:\Users\basil\Desktop\Projects\FullStackProjects\_ref\xstate-statemachine\src\xstate_statemachine\interpreter.py", line 3347, in _settle
    produced = await handoff
               ^^^^^^^^^^^^^
  File "C:\Python\Python313\Lib\concurrent\futures\thread.py", line 59, in run
    result = self.fn(*self.args, **self.kwargs)
  File "C:\Users\basil\Desktop\Projects\FullStackProjects\CandleViewer\docs\research\xstate\battle-v0.9.1\contracts\b6b10\cv09.py", line 180, in s
    return resolve(n, interp, ctx, evt)
  File "C:\Users\basil\Desktop\Projects\FullStackProjects\CandleViewer\docs\research\xstate\battle-v0.9.1\contracts\b6b10\cv09.py", line 166, in resolve
    raise v
  File "C:\Users\basil\Desktop\Projects\FullStackProjects\_ref\xstate-statemachine\src\xstate_statemachine\interpreter.py", line 3347, in _settle
    produced = await handoff
               ^^^^^^^^^^^^^
  File "C:\Python\Python313\Lib\concurrent\futures\thread.py", line 59, in run
    result = self.fn(*self.args, **self.kwargs)
  File "C:\Users\basil\Desktop\Projects\FullStackProjects\CandleViewer\docs\research\xstate\battle-v0.9.1\contracts\b6b10\cv09.py", line 180, in s
    return resolve(n, interp, ctx, evt)
  File "C:\Users\basil\Desktop\Projects\FullStackProjects\CandleViewer\docs\research\xstate\battle-v0.9.1\contracts\b6b10\cv09.py", line 166, in resolve
    raise v
  File "C:\Users\basil\Desktop\Projects\FullStackProjects\_ref\xstate-statemachine\src\xstate_statemachine\interpreter.py", line 3347, in _settle
    produced = await handoff
               ^^^^^^^^^^^^^
  File "C:\Python\Python313\Lib\concurrent\futures\thread.py", line 59, in run
    result = self.fn(*self.args, **self.kwargs)
  File "C:\Users\basil\Desktop\Projects\FullStackProjects\CandleViewer\docs\research\xstate\battle-v0.9.1\contracts\b6b10\cv09.py", line 180, in s
    return resolve(n, interp, ctx, evt)
  File "C:\Users\basil\Desktop\Projects\FullStackProjects\CandleViewer\docs\research\xstate\battle-v0.9.1\contracts\b6b10\cv09.py", line 166, in resolve
    raise v
  File "C:\Users\basil\Desktop\Projects\FullStackProjects\_ref\xstate-statemachine\src\xstate_statemachine\interpreter.py", line 3347, in _settle
    produced = await handoff
               ^^^^^^^^^^^^^
  File "C:\Python\Python313\Lib\concurrent\futures\thread.py", line 59, in run
    result = self.fn(*self.args, **self.kwargs)
  File "C:\Users\basil\Desktop\Projects\FullStackProjects\CandleViewer\docs\research\xstate\battle-v0.9.1\contracts\b6b10\cv09.py", line 180, in s
    return resolve(n, interp, ctx, evt)
  File "C:\Users\basil\Desktop\Projects\FullStackProjects\CandleViewer\docs\research\xstate\battle-v0.9.1\contracts\b6b10\cv09.py", line 166, in resolve
    raise v
  File "C:\Users\basil\Desktop\Projects\FullStackProjects\_ref\xstate-statemachine\src\xstate_statemachine\interpreter.py", line 3347, in _settle
    produced = await handoff
               ^^^^^^^^^^^^^
  File "C:\Python\Python313\Lib\concurrent\futures\thread.py", line 59, in run
    result = self.fn(*self.args, **self.kwargs)
  File "C:\Users\basil\Desktop\Projects\FullStackProjects\CandleViewer\docs\research\xstate\battle-v0.9.1\contracts\b6b10\cv09.py", line 180, in s
    return resolve(n, interp, ctx, evt)
  File "C:\Users\basil\Desktop\Projects\FullStackProjects\CandleViewer\docs\research\xstate\battle-v0.9.1\contracts\b6b10\cv09.py", line 166, in resolve
    raise v
  File "C:\Users\basil\Desktop\Projects\FullStackProjects\_ref\xstate-statemachine\src\xstate_statemachine\interpreter.py", line 3347, in _settle
    produced = await handoff
               ^^^^^^^^^^^^^
  File "C:\Python\Python313\Lib\concurrent\futures\thread.py", line 59, in run
    result = self.fn(*self.args, **self.kwargs)
  File "C:\Users\basil\Desktop\Projects\FullStackProjects\CandleViewer\docs\research\xstate\battle-v0.9.1\contracts\b6b10\cv09.py", line 180, in s
    return resolve(n, interp, ctx, evt)
  File "C:\Users\basil\Desktop\Projects\FullStackProjects\CandleViewer\docs\research\xstate\battle-v0.9.1\contracts\b6b10\cv09.py", line 166, in resolve
    raise v
  File "C:\Users\basil\Desktop\Projects\FullStackProjects\_ref\xstate-statemachine\src\xstate_statemachine\interpreter.py", line 3347, in _settle
    produced = await handoff
               ^^^^^^^^^^^^^
  File "C:\Python\Python313\Lib\concurrent\futures\thread.py", line 59, in run
    result = self.fn(*self.args, **self.kwargs)
  File "C:\Users\basil\Desktop\Projects\FullStackProjects\CandleViewer\docs\research\xstate\battle-v0.9.1\contracts\b6b10\cv09.py", line 180, in s
    return resolve(n, interp, ctx, evt)
  File "C:\Users\basil\Desktop\Projects\FullStackProjects\CandleViewer\docs\research\xstate\battle-v0.9.1\contracts\b6b10\cv09.py", line 166, in resolve
    raise v
  File "C:\Users\basil\Desktop\Projects\FullStackProjects\_ref\xstate-statemachine\src\xstate_statemachine\interpreter.py", line 3347, in _settle
    produced = await handoff
               ^^^^^^^^^^^^^
  File "C:\Python\Python313\Lib\concurrent\futures\thread.py", line 59, in run
    result = self.fn(*self.args, **self.kwargs)
  File "C:\Users\basil\Desktop\Projects\FullStackProjects\CandleViewer\docs\research\xstate\battle-v0.9.1\contracts\b6b10\cv09.py", line 180, in s
    return resolve(n, interp, ctx, evt)
  File "C:\Users\basil\Desktop\Projects\FullStackProjects\CandleViewer\docs\research\xstate\battle-v0.9.1\contracts\b6b10\cv09.py", line 166, in resolve
    raise v
RuntimeError: rej
ERROR:xstate_statemachine.interpreter:💥 Service 'attach_native_sl' (ID: 'att') failed: rej
Traceback (most recent call last):
  File "C:\Users\basil\Desktop\Projects\FullStackProjects\_ref\xstate-statemachine\src\xstate_statemachine\interpreter.py", line 3347, in _settle
    produced = await handoff
               ^^^^^^^^^^^^^
  File "C:\Python\Python313\Lib\concurrent\futures\thread.py", line 59, in run
    result = self.fn(*self.args, **self.kwargs)
  File "C:\Users\basil\Desktop\Projects\FullStackProjects\CandleViewer\docs\research\xstate\battle-v0.9.1\contracts\b6b10\cv09.py", line 180, in s
    return resolve(n, interp, ctx, evt)
  File "C:\Users\basil\Desktop\Projects\FullStackProjects\CandleViewer\docs\research\xstate\battle-v0.9.1\contracts\b6b10\cv09.py", line 166, in resolve
    raise v
  File "C:\Users\basil\Desktop\Projects\FullStackProjects\_ref\xstate-statemachine\src\xstate_statemachine\interpreter.py", line 3347, in _settle
    produced = await handoff
               ^^^^^^^^^^^^^
  File "C:\Python\Python313\Lib\concurrent\futures\thread.py", line 59, in run
    result = self.fn(*self.args, **self.kwargs)
  File "C:\Users\basil\Desktop\Projects\FullStackProjects\CandleViewer\docs\research\xstate\battle-v0.9.1\contracts\b6b10\cv09.py", line 180, in s
    return resolve(n, interp, ctx, evt)
  File "C:\Users\basil\Desktop\Projects\FullStackProjects\CandleViewer\docs\research\xstate\battle-v0.9.1\contracts\b6b10\cv09.py", line 166, in resolve
    raise v
  File "C:\Users\basil\Desktop\Projects\FullStackProjects\_ref\xstate-statemachine\src\xstate_statemachine\interpreter.py", line 3347, in _settle
    produced = await handoff
               ^^^^^^^^^^^^^
  File "C:\Python\Python313\Lib\concurrent\futures\thread.py", line 59, in run
    result = self.fn(*self.args, **self.kwargs)
  File "C:\Users\basil\Desktop\Projects\FullStackProjects\CandleViewer\docs\research\xstate\battle-v0.9.1\contracts\b6b10\cv09.py", line 180, in s
    return resolve(n, interp, ctx, evt)
  File "C:\Users\basil\Desktop\Projects\FullStackProjects\CandleViewer\docs\research\xstate\battle-v0.9.1\contracts\b6b10\cv09.py", line 166, in resolve
    raise v
  File "C:\Users\basil\Desktop\Projects\FullStackProjects\_ref\xstate-statemachine\src\xstate_statemachine\interpreter.py", line 3347, in _settle
    produced = await handoff
               ^^^^^^^^^^^^^
  File "C:\Python\Python313\Lib\concurrent\futures\thread.py", line 59, in run
    result = self.fn(*self.args, **self.kwargs)
  File "C:\Users\basil\Desktop\Projects\FullStackProjects\CandleViewer\docs\research\xstate\battle-v0.9.1\contracts\b6b10\cv09.py", line 180, in s
    return resolve(n, interp, ctx, evt)
  File "C:\Users\basil\Desktop\Projects\FullStackProjects\CandleViewer\docs\research\xstate\battle-v0.9.1\contracts\b6b10\cv09.py", line 166, in resolve
    raise v
  File "C:\Users\basil\Desktop\Projects\FullStackProjects\_ref\xstate-statemachine\src\xstate_statemachine\interpreter.py", line 3347, in _settle
    produced = await handoff
               ^^^^^^^^^^^^^
  File "C:\Python\Python313\Lib\concurrent\futures\thread.py", line 59, in run
    result = self.fn(*self.args, **self.kwargs)
  File "C:\Users\basil\Desktop\Projects\FullStackProjects\CandleViewer\docs\research\xstate\battle-v0.9.1\contracts\b6b10\cv09.py", line 180, in s
    return resolve(n, interp, ctx, evt)
  File "C:\Users\basil\Desktop\Projects\FullStackProjects\CandleViewer\docs\research\xstate\battle-v0.9.1\contracts\b6b10\cv09.py", line 166, in resolve
    raise v
  File "C:\Users\basil\Desktop\Projects\FullStackProjects\_ref\xstate-statemachine\src\xstate_statemachine\interpreter.py", line 3347, in _settle
    produced = await handoff
               ^^^^^^^^^^^^^
  File "C:\Python\Python313\Lib\concurrent\futures\thread.py", line 59, in run
    result = self.fn(*self.args, **self.kwargs)
  File "C:\Users\basil\Desktop\Projects\FullStackProjects\CandleViewer\docs\research\xstate\battle-v0.9.1\contracts\b6b10\cv09.py", line 180, in s
    return resolve(n, interp, ctx, evt)
  File "C:\Users\basil\Desktop\Projects\FullStackProjects\CandleViewer\docs\research\xstate\battle-v0.9.1\contracts\b6b10\cv09.py", line 166, in resolve
    raise v
  File "C:\Users\basil\Desktop\Projects\FullStackProjects\_ref\xstate-statemachine\src\xstate_statemachine\interpreter.py", line 3347, in _settle
    produced = await handoff
               ^^^^^^^^^^^^^
  File "C:\Python\Python313\Lib\concurrent\futures\thread.py", line 59, in run
    result = self.fn(*self.args, **self.kwargs)
  File "C:\Users\basil\Desktop\Projects\FullStackProjects\CandleViewer\docs\research\xstate\battle-v0.9.1\contracts\b6b10\cv09.py", line 180, in s
    return resolve(n, interp, ctx, evt)
  File "C:\Users\basil\Desktop\Projects\FullStackProjects\CandleViewer\docs\research\xstate\battle-v0.9.1\contracts\b6b10\cv09.py", line 166, in resolve
    raise v
  File "C:\Users\basil\Desktop\Projects\FullStackProjects\_ref\xstate-statemachine\src\xstate_statemachine\interpreter.py", line 3347, in _settle
    produced = await handoff
               ^^^^^^^^^^^^^
  File "C:\Python\Python313\Lib\concurrent\futures\thread.py", line 59, in run
    result = self.fn(*self.args, **self.kwargs)
  File "C:\Users\basil\Desktop\Projects\FullStackProjects\CandleViewer\docs\research\xstate\battle-v0.9.1\contracts\b6b10\cv09.py", line 180, in s
    return resolve(n, interp, ctx, evt)
  File "C:\Users\basil\Desktop\Projects\FullStackProjects\CandleViewer\docs\research\xstate\battle-v0.9.1\contracts\b6b10\cv09.py", line 166, in resolve
    raise v
  File "C:\Users\basil\Desktop\Projects\FullStackProjects\_ref\xstate-statemachine\src\xstate_statemachine\interpreter.py", line 3347, in _settle
    produced = await handoff
               ^^^^^^^^^^^^^
  File "C:\Python\Python313\Lib\concurrent\futures\thread.py", line 59, in run
    result = self.fn(*self.args, **self.kwargs)
  File "C:\Users\basil\Desktop\Projects\FullStackProjects\CandleViewer\docs\research\xstate\battle-v0.9.1\contracts\b6b10\cv09.py", line 180, in s
    return resolve(n, interp, ctx, evt)
  File "C:\Users\basil\Desktop\Projects\FullStackProjects\CandleViewer\docs\research\xstate\battle-v0.9.1\contracts\b6b10\cv09.py", line 166, in resolve
    raise v
  File "C:\Users\basil\Desktop\Projects\FullStackProjects\_ref\xstate-statemachine\src\xstate_statemachine\interpreter.py", line 3347, in _settle
    produced = await handoff
               ^^^^^^^^^^^^^
  File "C:\Python\Python313\Lib\concurrent\futures\thread.py", line 59, in run
    result = self.fn(*self.args, **self.kwargs)
  File "C:\Users\basil\Desktop\Projects\FullStackProjects\CandleViewer\docs\research\xstate\battle-v0.9.1\contracts\b6b10\cv09.py", line 180, in s
    return resolve(n, interp, ctx, evt)
  File "C:\Users\basil\Desktop\Projects\FullStackProjects\CandleViewer\docs\research\xstate\battle-v0.9.1\contracts\b6b10\cv09.py", line 166, in resolve
    raise v
  File "C:\Users\basil\Desktop\Projects\FullStackProjects\_ref\xstate-statemachine\src\xstate_statemachine\interpreter.py", line 3347, in _settle
    produced = await handoff
               ^^^^^^^^^^^^^
  File "C:\Python\Python313\Lib\concurrent\futures\thread.py", line 59, in run
    result = self.fn(*self.args, **self.kwargs)
  File "C:\Users\basil\Desktop\Projects\FullStackProjects\CandleViewer\docs\research\xstate\battle-v0.9.1\contracts\b6b10\cv09.py", line 180, in s
    return resolve(n, interp, ctx, evt)
  File "C:\Users\basil\Desktop\Projects\FullStackProjects\CandleViewer\docs\research\xstate\battle-v0.9.1\contracts\b6b10\cv09.py", line 166, in resolve
    raise v
  File "C:\Users\basil\Desktop\Projects\FullStackProjects\_ref\xstate-statemachine\src\xstate_statemachine\interpreter.py", line 3347, in _settle
    produced = await handoff
               ^^^^^^^^^^^^^
  File "C:\Python\Python313\Lib\concurrent\futures\thread.py", line 59, in run
    result = self.fn(*self.args, **self.kwargs)
  File "C:\Users\basil\Desktop\Projects\FullStackProjects\CandleViewer\docs\research\xstate\battle-v0.9.1\contracts\b6b10\cv09.py", line 180, in s
    return resolve(n, interp, ctx, evt)
  File "C:\Users\basil\Desktop\Projects\FullStackProjects\CandleViewer\docs\research\xstate\battle-v0.9.1\contracts\b6b10\cv09.py", line 166, in resolve
    raise v
  File "C:\Users\basil\Desktop\Projects\FullStackProjects\_ref\xstate-statemachine\src\xstate_statemachine\interpreter.py", line 3347, in _settle
    produced = await handoff
               ^^^^^^^^^^^^^
  File "C:\Python\Python313\Lib\concurrent\futures\thread.py", line 59, in run
    result = self.fn(*self.args, **self.kwargs)
  File "C:\Users\basil\Desktop\Projects\FullStackProjects\CandleViewer\docs\research\xstate\battle-v0.9.1\contracts\b6b10\cv09.py", line 180, in s
    return resolve(n, interp, ctx, evt)
  File "C:\Users\basil\Desktop\Projects\FullStackProjects\CandleViewer\docs\research\xstate\battle-v0.9.1\contracts\b6b10\cv09.py", line 166, in resolve
    raise v
  File "C:\Users\basil\Desktop\Projects\FullStackProjects\_ref\xstate-statemachine\src\xstate_statemachine\interpreter.py", line 3347, in _settle
    produced = await handoff
               ^^^^^^^^^^^^^
  File "C:\Python\Python313\Lib\concurrent\futures\thread.py", line 59, in run
    result = self.fn(*self.args, **self.kwargs)
  File "C:\Users\basil\Desktop\Projects\FullStackProjects\CandleViewer\docs\research\xstate\battle-v0.9.1\contracts\b6b10\cv09.py", line 180, in s
    return resolve(n, interp, ctx, evt)
  File "C:\Users\basil\Desktop\Projects\FullStackProjects\CandleViewer\docs\research\xstate\battle-v0.9.1\contracts\b6b10\cv09.py", line 166, in resolve
    raise v
  File "C:\Users\basil\Desktop\Projects\FullStackProjects\_ref\xstate-statemachine\src\xstate_statemachine\interpreter.py", line 3347, in _settle
    produced = await handoff
               ^^^^^^^^^^^^^
  File "C:\Python\Python313\Lib\concurrent\futures\thread.py", line 59, in run
    result = self.fn(*self.args, **self.kwargs)
  File "C:\Users\basil\Desktop\Projects\FullStackProjects\CandleViewer\docs\research\xstate\battle-v0.9.1\contracts\b6b10\cv09.py", line 180, in s
    return resolve(n, interp, ctx, evt)
  File "C:\Users\basil\Desktop\Projects\FullStackProjects\CandleViewer\docs\research\xstate\battle-v0.9.1\contracts\b6b10\cv09.py", line 166, in resolve
    raise v
  File "C:\Users\basil\Desktop\Projects\FullStackProjects\_ref\xstate-statemachine\src\xstate_statemachine\interpreter.py", line 3347, in _settle
    produced = await handoff
               ^^^^^^^^^^^^^
  File "C:\Python\Python313\Lib\concurrent\futures\thread.py", line 59, in run
    result = self.fn(*self.args, **self.kwargs)
  File "C:\Users\basil\Desktop\Projects\FullStackProjects\CandleViewer\docs\research\xstate\battle-v0.9.1\contracts\b6b10\cv09.py", line 180, in s
    return resolve(n, interp, ctx, evt)
  File "C:\Users\basil\Desktop\Projects\FullStackProjects\CandleViewer\docs\research\xstate\battle-v0.9.1\contracts\b6b10\cv09.py", line 166, in resolve
    raise v
  File "C:\Users\basil\Desktop\Projects\FullStackProjects\_ref\xstate-statemachine\src\xstate_statemachine\interpreter.py", line 3347, in _settle
    produced = await handoff
               ^^^^^^^^^^^^^
  File "C:\Python\Python313\Lib\concurrent\futures\thread.py", line 59, in run
    result = self.fn(*self.args, **self.kwargs)
  File "C:\Users\basil\Desktop\Projects\FullStackProjects\CandleViewer\docs\research\xstate\battle-v0.9.1\contracts\b6b10\cv09.py", line 180, in s
    return resolve(n, interp, ctx, evt)
  File "C:\Users\basil\Desktop\Projects\FullStackProjects\CandleViewer\docs\research\xstate\battle-v0.9.1\contracts\b6b10\cv09.py", line 166, in resolve
    raise v
  File "C:\Users\basil\Desktop\Projects\FullStackProjects\_ref\xstate-statemachine\src\xstate_statemachine\interpreter.py", line 3347, in _settle
    produced = await handoff
               ^^^^^^^^^^^^^
  File "C:\Python\Python313\Lib\concurrent\futures\thread.py", line 59, in run
    result = self.fn(*self.args, **self.kwargs)
  File "C:\Users\basil\Desktop\Projects\FullStackProjects\CandleViewer\docs\research\xstate\battle-v0.9.1\contracts\b6b10\cv09.py", line 180, in s
    return resolve(n, interp, ctx, evt)
  File "C:\Users\basil\Desktop\Projects\FullStackProjects\CandleViewer\docs\research\xstate\battle-v0.9.1\contracts\b6b10\cv09.py", line 166, in resolve
    raise v
  File "C:\Users\basil\Desktop\Projects\FullStackProjects\_ref\xstate-statemachine\src\xstate_statemachine\interpreter.py", line 3347, in _settle
    produced = await handoff
               ^^^^^^^^^^^^^
  File "C:\Python\Python313\Lib\concurrent\futures\thread.py", line 59, in run
    result = self.fn(*self.args, **self.kwargs)
  File "C:\Users\basil\Desktop\Projects\FullStackProjects\CandleViewer\docs\research\xstate\battle-v0.9.1\contracts\b6b10\cv09.py", line 180, in s
    return resolve(n, interp, ctx, evt)
  File "C:\Users\basil\Desktop\Projects\FullStackProjects\CandleViewer\docs\research\xstate\battle-v0.9.1\contracts\b6b10\cv09.py", line 166, in resolve
    raise v
  File "C:\Users\basil\Desktop\Projects\FullStackProjects\_ref\xstate-statemachine\src\xstate_statemachine\interpreter.py", line 3347, in _settle
    produced = await handoff
               ^^^^^^^^^^^^^
  File "C:\Python\Python313\Lib\concurrent\futures\thread.py", line 59, in run
    result = self.fn(*self.args, **self.kwargs)
  File "C:\Users\basil\Desktop\Projects\FullStackProjects\CandleViewer\docs\research\xstate\battle-v0.9.1\contracts\b6b10\cv09.py", line 180, in s
    return resolve(n, interp, ctx, evt)
  File "C:\Users\basil\Desktop\Projects\FullStackProjects\CandleViewer\docs\research\xstate\battle-v0.9.1\contracts\b6b10\cv09.py", line 166, in resolve
    raise v
  File "C:\Users\basil\Desktop\Projects\FullStackProjects\_ref\xstate-statemachine\src\xstate_statemachine\interpreter.py", line 3347, in _settle
    produced = await handoff
               ^^^^^^^^^^^^^
  File "C:\Python\Python313\Lib\concurrent\futures\thread.py", line 59, in run
    result = self.fn(*self.args, **self.kwargs)
  File "C:\Users\basil\Desktop\Projects\FullStackProjects\CandleViewer\docs\research\xstate\battle-v0.9.1\contracts\b6b10\cv09.py", line 180, in s
    return resolve(n, interp, ctx, evt)
  File "C:\Users\basil\Desktop\Projects\FullStackProjects\CandleViewer\docs\research\xstate\battle-v0.9.1\contracts\b6b10\cv09.py", line 166, in resolve
    raise v
RuntimeError: rej
ERROR:xstate_statemachine.interpreter:💥 Service 'attach_native_sl' (ID: 'att') failed: rej
Traceback (most recent call last):
  File "C:\Users\basil\Desktop\Projects\FullStackProjects\_ref\xstate-statemachine\src\xstate_statemachine\interpreter.py", line 3347, in _settle
    produced = await handoff
               ^^^^^^^^^^^^^
  File "C:\Python\Python313\Lib\concurrent\futures\thread.py", line 59, in run
    result = self.fn(*self.args, **self.kwargs)
  File "C:\Users\basil\Desktop\Projects\FullStackProjects\CandleViewer\docs\research\xstate\battle-v0.9.1\contracts\b6b10\cv09.py", line 180, in s
    return resolve(n, interp, ctx, evt)
  File "C:\Users\basil\Desktop\Projects\FullStackProjects\CandleViewer\docs\research\xstate\battle-v0.9.1\contracts\b6b10\cv09.py", line 166, in resolve
    raise v
  File "C:\Users\basil\Desktop\Projects\FullStackProjects\_ref\xstate-statemachine\src\xstate_statemachine\interpreter.py", line 3347, in _settle
    produced = await handoff
               ^^^^^^^^^^^^^
  File "C:\Python\Python313\Lib\concurrent\futures\thread.py", line 59, in run
    result = self.fn(*self.args, **self.kwargs)
  File "C:\Users\basil\Desktop\Projects\FullStackProjects\CandleViewer\docs\research\xstate\battle-v0.9.1\contracts\b6b10\cv09.py", line 180, in s
    return resolve(n, interp, ctx, evt)
  File "C:\Users\basil\Desktop\Projects\FullStackProjects\CandleViewer\docs\research\xstate\battle-v0.9.1\contracts\b6b10\cv09.py", line 166, in resolve
    raise v
  File "C:\Users\basil\Desktop\Projects\FullStackProjects\_ref\xstate-statemachine\src\xstate_statemachine\interpreter.py", line 3347, in _settle
    produced = await handoff
               ^^^^^^^^^^^^^
  File "C:\Python\Python313\Lib\concurrent\futures\thread.py", line 59, in run
    result = self.fn(*self.args, **self.kwargs)
  File "C:\Users\basil\Desktop\Projects\FullStackProjects\CandleViewer\docs\research\xstate\battle-v0.9.1\contracts\b6b10\cv09.py", line 180, in s
    return resolve(n, interp, ctx, evt)
  File "C:\Users\basil\Desktop\Projects\FullStackProjects\CandleViewer\docs\research\xstate\battle-v0.9.1\contracts\b6b10\cv09.py", line 166, in resolve
    raise v
  File "C:\Users\basil\Desktop\Projects\FullStackProjects\_ref\xstate-statemachine\src\xstate_statemachine\interpreter.py", line 3347, in _settle
    produced = await handoff
               ^^^^^^^^^^^^^
  File "C:\Python\Python313\Lib\concurrent\futures\thread.py", line 59, in run
    result = self.fn(*self.args, **self.kwargs)
  File "C:\Users\basil\Desktop\Projects\FullStackProjects\CandleViewer\docs\research\xstate\battle-v0.9.1\contracts\b6b10\cv09.py", line 180, in s
    return resolve(n, interp, ctx, evt)
  File "C:\Users\basil\Desktop\Projects\FullStackProjects\CandleViewer\docs\research\xstate\battle-v0.9.1\contracts\b6b10\cv09.py", line 166, in resolve
    raise v
  File "C:\Users\basil\Desktop\Projects\FullStackProjects\_ref\xstate-statemachine\src\xstate_statemachine\interpreter.py", line 3347, in _settle
    produced = await handoff
               ^^^^^^^^^^^^^
  File "C:\Python\Python313\Lib\concurrent\futures\thread.py", line 59, in run
    result = self.fn(*self.args, **self.kwargs)
  File "C:\Users\basil\Desktop\Projects\FullStackProjects\CandleViewer\docs\research\xstate\battle-v0.9.1\contracts\b6b10\cv09.py", line 180, in s
    return resolve(n, interp, ctx, evt)
  File "C:\Users\basil\Desktop\Projects\FullStackProjects\CandleViewer\docs\research\xstate\battle-v0.9.1\contracts\b6b10\cv09.py", line 166, in resolve
    raise v
  File "C:\Users\basil\Desktop\Projects\FullStackProjects\_ref\xstate-statemachine\src\xstate_statemachine\interpreter.py", line 3347, in _settle
    produced = await handoff
               ^^^^^^^^^^^^^
  File "C:\Python\Python313\Lib\concurrent\futures\thread.py", line 59, in run
    result = self.fn(*self.args, **self.kwargs)
  File "C:\Users\basil\Desktop\Projects\FullStackProjects\CandleViewer\docs\research\xstate\battle-v0.9.1\contracts\b6b10\cv09.py", line 180, in s
    return resolve(n, interp, ctx, evt)
  File "C:\Users\basil\Desktop\Projects\FullStackProjects\CandleViewer\docs\research\xstate\battle-v0.9.1\contracts\b6b10\cv09.py", line 166, in resolve
    raise v
  File "C:\Users\basil\Desktop\Projects\FullStackProjects\_ref\xstate-statemachine\src\xstate_statemachine\interpreter.py", line 3347, in _settle
    produced = await handoff
               ^^^^^^^^^^^^^
  File "C:\Python\Python313\Lib\concurrent\futures\thread.py", line 59, in run
    result = self.fn(*self.args, **self.kwargs)
  File "C:\Users\basil\Desktop\Projects\FullStackProjects\CandleViewer\docs\research\xstate\battle-v0.9.1\contracts\b6b10\cv09.py", line 180, in s
    return resolve(n, interp, ctx, evt)
  File "C:\Users\basil\Desktop\Projects\FullStackProjects\CandleViewer\docs\research\xstate\battle-v0.9.1\contracts\b6b10\cv09.py", line 166, in resolve
    raise v
  File "C:\Users\basil\Desktop\Projects\FullStackProjects\_ref\xstate-statemachine\src\xstate_statemachine\interpreter.py", line 3347, in _settle
    produced = await handoff
               ^^^^^^^^^^^^^
  File "C:\Python\Python313\Lib\concurrent\futures\thread.py", line 59, in run
    result = self.fn(*self.args, **self.kwargs)
  File "C:\Users\basil\Desktop\Projects\FullStackProjects\CandleViewer\docs\research\xstate\battle-v0.9.1\contracts\b6b10\cv09.py", line 180, in s
    return resolve(n, interp, ctx, evt)
  File "C:\Users\basil\Desktop\Projects\FullStackProjects\CandleViewer\docs\research\xstate\battle-v0.9.1\contracts\b6b10\cv09.py", line 166, in resolve
    raise v
  File "C:\Users\basil\Desktop\Projects\FullStackProjects\_ref\xstate-statemachine\src\xstate_statemachine\interpreter.py", line 3347, in _settle
    produced = await handoff
               ^^^^^^^^^^^^^
  File "C:\Python\Python313\Lib\concurrent\futures\thread.py", line 59, in run
    result = self.fn(*self.args, **self.kwargs)
  File "C:\Users\basil\Desktop\Projects\FullStackProjects\CandleViewer\docs\research\xstate\battle-v0.9.1\contracts\b6b10\cv09.py", line 180, in s
    return resolve(n, interp, ctx, evt)
  File "C:\Users\basil\Desktop\Projects\FullStackProjects\CandleViewer\docs\research\xstate\battle-v0.9.1\contracts\b6b10\cv09.py", line 166, in resolve
    raise v
  File "C:\Users\basil\Desktop\Projects\FullStackProjects\_ref\xstate-statemachine\src\xstate_statemachine\interpreter.py", line 3347, in _settle
    produced = await handoff
               ^^^^^^^^^^^^^
  File "C:\Python\Python313\Lib\concurrent\futures\thread.py", line 59, in run
    result = self.fn(*self.args, **self.kwargs)
  File "C:\Users\basil\Desktop\Projects\FullStackProjects\CandleViewer\docs\research\xstate\battle-v0.9.1\contracts\b6b10\cv09.py", line 180, in s
    return resolve(n, interp, ctx, evt)
  File "C:\Users\basil\Desktop\Projects\FullStackProjects\CandleViewer\docs\research\xstate\battle-v0.9.1\contracts\b6b10\cv09.py", line 166, in resolve
    raise v
  File "C:\Users\basil\Desktop\Projects\FullStackProjects\_ref\xstate-statemachine\src\xstate_statemachine\interpreter.py", line 3347, in _settle
    produced = await handoff
               ^^^^^^^^^^^^^
  File "C:\Python\Python313\Lib\concurrent\futures\thread.py", line 59, in run
    result = self.fn(*self.args, **self.kwargs)
  File "C:\Users\basil\Desktop\Projects\FullStackProjects\CandleViewer\docs\research\xstate\battle-v0.9.1\contracts\b6b10\cv09.py", line 180, in s
    return resolve(n, interp, ctx, evt)
  File "C:\Users\basil\Desktop\Projects\FullStackProjects\CandleViewer\docs\research\xstate\battle-v0.9.1\contracts\b6b10\cv09.py", line 166, in resolve
    raise v
  File "C:\Users\basil\Desktop\Projects\FullStackProjects\_ref\xstate-statemachine\src\xstate_statemachine\interpreter.py", line 3347, in _settle
    produced = await handoff
               ^^^^^^^^^^^^^
  File "C:\Python\Python313\Lib\concurrent\futures\thread.py", line 59, in run
    result = self.fn(*self.args, **self.kwargs)
  File "C:\Users\basil\Desktop\Projects\FullStackProjects\CandleViewer\docs\research\xstate\battle-v0.9.1\contracts\b6b10\cv09.py", line 180, in s
    return resolve(n, interp, ctx, evt)
  File "C:\Users\basil\Desktop\Projects\FullStackProjects\CandleViewer\docs\research\xstate\battle-v0.9.1\contracts\b6b10\cv09.py", line 166, in resolve
    raise v
  File "C:\Users\basil\Desktop\Projects\FullStackProjects\_ref\xstate-statemachine\src\xstate_statemachine\interpreter.py", line 3347, in _settle
    produced = await handoff
               ^^^^^^^^^^^^^
  File "C:\Python\Python313\Lib\concurrent\futures\thread.py", line 59, in run
    result = self.fn(*self.args, **self.kwargs)
  File "C:\Users\basil\Desktop\Projects\FullStackProjects\CandleViewer\docs\research\xstate\battle-v0.9.1\contracts\b6b10\cv09.py", line 180, in s
    return resolve(n, interp, ctx, evt)
  File "C:\Users\basil\Desktop\Projects\FullStackProjects\CandleViewer\docs\research\xstate\battle-v0.9.1\contracts\b6b10\cv09.py", line 166, in resolve
    raise v
  File "C:\Users\basil\Desktop\Projects\FullStackProjects\_ref\xstate-statemachine\src\xstate_statemachine\interpreter.py", line 3347, in _settle
    produced = await handoff
               ^^^^^^^^^^^^^
  File "C:\Python\Python313\Lib\concurrent\futures\thread.py", line 59, in run
    result = self.fn(*self.args, **self.kwargs)
  File "C:\Users\basil\Desktop\Projects\FullStackProjects\CandleViewer\docs\research\xstate\battle-v0.9.1\contracts\b6b10\cv09.py", line 180, in s
    return resolve(n, interp, ctx, evt)
  File "C:\Users\basil\Desktop\Projects\FullStackProjects\CandleViewer\docs\research\xstate\battle-v0.9.1\contracts\b6b10\cv09.py", line 166, in resolve
    raise v
  File "C:\Users\basil\Desktop\Projects\FullStackProjects\_ref\xstate-statemachine\src\xstate_statemachine\interpreter.py", line 3347, in _settle
    produced = await handoff
               ^^^^^^^^^^^^^
  File "C:\Python\Python313\Lib\concurrent\futures\thread.py", line 59, in run
    result = self.fn(*self.args, **self.kwargs)
  File "C:\Users\basil\Desktop\Projects\FullStackProjects\CandleViewer\docs\research\xstate\battle-v0.9.1\contracts\b6b10\cv09.py", line 180, in s
    return resolve(n, interp, ctx, evt)
  File "C:\Users\basil\Desktop\Projects\FullStackProjects\CandleViewer\docs\research\xstate\battle-v0.9.1\contracts\b6b10\cv09.py", line 166, in resolve
    raise v
  File "C:\Users\basil\Desktop\Projects\FullStackProjects\_ref\xstate-statemachine\src\xstate_statemachine\interpreter.py", line 3347, in _settle
    produced = await handoff
               ^^^^^^^^^^^^^
  File "C:\Python\Python313\Lib\concurrent\futures\thread.py", line 59, in run
    result = self.fn(*self.args, **self.kwargs)
  File "C:\Users\basil\Desktop\Projects\FullStackProjects\CandleViewer\docs\research\xstate\battle-v0.9.1\contracts\b6b10\cv09.py", line 180, in s
    return resolve(n, interp, ctx, evt)
  File "C:\Users\basil\Desktop\Projects\FullStackProjects\CandleViewer\docs\research\xstate\battle-v0.9.1\contracts\b6b10\cv09.py", line 166, in resolve
    raise v
  File "C:\Users\basil\Desktop\Projects\FullStackProjects\_ref\xstate-statemachine\src\xstate_statemachine\interpreter.py", line 3347, in _settle
    produced = await handoff
               ^^^^^^^^^^^^^
  File "C:\Python\Python313\Lib\concurrent\futures\thread.py", line 59, in run
    result = self.fn(*self.args, **self.kwargs)
  File "C:\Users\basil\Desktop\Projects\FullStackProjects\CandleViewer\docs\research\xstate\battle-v0.9.1\contracts\b6b10\cv09.py", line 180, in s
    return resolve(n, interp, ctx, evt)
  File "C:\Users\basil\Desktop\Projects\FullStackProjects\CandleViewer\docs\research\xstate\battle-v0.9.1\contracts\b6b10\cv09.py", line 166, in resolve
    raise v
  File "C:\Users\basil\Desktop\Projects\FullStackProjects\_ref\xstate-statemachine\src\xstate_statemachine\interpreter.py", line 3347, in _settle
    produced = await handoff
               ^^^^^^^^^^^^^
  File "C:\Python\Python313\Lib\concurrent\futures\thread.py", line 59, in run
    result = self.fn(*self.args, **self.kwargs)
  File "C:\Users\basil\Desktop\Projects\FullStackProjects\CandleViewer\docs\research\xstate\battle-v0.9.1\contracts\b6b10\cv09.py", line 180, in s
    return resolve(n, interp, ctx, evt)
  File "C:\Users\basil\Desktop\Projects\FullStackProjects\CandleViewer\docs\research\xstate\battle-v0.9.1\contracts\b6b10\cv09.py", line 166, in resolve
    raise v
  File "C:\Users\basil\Desktop\Projects\FullStackProjects\_ref\xstate-statemachine\src\xstate_statemachine\interpreter.py", line 3347, in _settle
    produced = await handoff
               ^^^^^^^^^^^^^
  File "C:\Python\Python313\Lib\concurrent\futures\thread.py", line 59, in run
    result = self.fn(*self.args, **self.kwargs)
  File "C:\Users\basil\Desktop\Projects\FullStackProjects\CandleViewer\docs\research\xstate\battle-v0.9.1\contracts\b6b10\cv09.py", line 180, in s
    return resolve(n, interp, ctx, evt)
  File "C:\Users\basil\Desktop\Projects\FullStackProjects\CandleViewer\docs\research\xstate\battle-v0.9.1\contracts\b6b10\cv09.py", line 166, in resolve
    raise v
  File "C:\Users\basil\Desktop\Projects\FullStackProjects\_ref\xstate-statemachine\src\xstate_statemachine\interpreter.py", line 3347, in _settle
    produced = await handoff
               ^^^^^^^^^^^^^
  File "C:\Python\Python313\Lib\concurrent\futures\thread.py", line 59, in run
    result = self.fn(*self.args, **self.kwargs)
  File "C:\Users\basil\Desktop\Projects\FullStackProjects\CandleViewer\docs\research\xstate\battle-v0.9.1\contracts\b6b10\cv09.py", line 180, in s
    return resolve(n, interp, ctx, evt)
  File "C:\Users\basil\Desktop\Projects\FullStackProjects\CandleViewer\docs\research\xstate\battle-v0.9.1\contracts\b6b10\cv09.py", line 166, in resolve
    raise v
  File "C:\Users\basil\Desktop\Projects\FullStackProjects\_ref\xstate-statemachine\src\xstate_statemachine\interpreter.py", line 3347, in _settle
    produced = await handoff
               ^^^^^^^^^^^^^
  File "C:\Python\Python313\Lib\concurrent\futures\thread.py", line 59, in run
    result = self.fn(*self.args, **self.kwargs)
  File "C:\Users\basil\Desktop\Projects\FullStackProjects\CandleViewer\docs\research\xstate\battle-v0.9.1\contracts\b6b10\cv09.py", line 180, in s
    return resolve(n, interp, ctx, evt)
  File "C:\Users\basil\Desktop\Projects\FullStackProjects\CandleViewer\docs\research\xstate\battle-v0.9.1\contracts\b6b10\cv09.py", line 166, in resolve
    raise v
  File "C:\Users\basil\Desktop\Projects\FullStackProjects\_ref\xstate-statemachine\src\xstate_statemachine\interpreter.py", line 3347, in _settle
    produced = await handoff
               ^^^^^^^^^^^^^
  File "C:\Python\Python313\Lib\concurrent\futures\thread.py", line 59, in run
    result = self.fn(*self.args, **self.kwargs)
  File "C:\Users\basil\Desktop\Projects\FullStackProjects\CandleViewer\docs\research\xstate\battle-v0.9.1\contracts\b6b10\cv09.py", line 180, in s
    return resolve(n, interp, ctx, evt)
  File "C:\Users\basil\Desktop\Projects\FullStackProjects\CandleViewer\docs\research\xstate\battle-v0.9.1\contracts\b6b10\cv09.py", line 166, in resolve
    raise v
RuntimeError: rej
ERROR:xstate_statemachine.interpreter:💥 Service 'attach_native_sl' (ID: 'att') failed: rej
Traceback (most recent call last):
  File "C:\Users\basil\Desktop\Projects\FullStackProjects\_ref\xstate-statemachine\src\xstate_statemachine\interpreter.py", line 3347, in _settle
    produced = await handoff
               ^^^^^^^^^^^^^
  File "C:\Python\Python313\Lib\concurrent\futures\thread.py", line 59, in run
    result = self.fn(*self.args, **self.kwargs)
  File "C:\Users\basil\Desktop\Projects\FullStackProjects\CandleViewer\docs\research\xstate\battle-v0.9.1\contracts\b6b10\cv09.py", line 180, in s
    return resolve(n, interp, ctx, evt)
  File "C:\Users\basil\Desktop\Projects\FullStackProjects\CandleViewer\docs\research\xstate\battle-v0.9.1\contracts\b6b10\cv09.py", line 166, in resolve
    raise v
  File "C:\Users\basil\Desktop\Projects\FullStackProjects\_ref\xstate-statemachine\src\xstate_statemachine\interpreter.py", line 3347, in _settle
    produced = await handoff
               ^^^^^^^^^^^^^
  File "C:\Python\Python313\Lib\concurrent\futures\thread.py", line 59, in run
    result = self.fn(*self.args, **self.kwargs)
  File "C:\Users\basil\Desktop\Projects\FullStackProjects\CandleViewer\docs\research\xstate\battle-v0.9.1\contracts\b6b10\cv09.py", line 180, in s
    return resolve(n, interp, ctx, evt)
  File "C:\Users\basil\Desktop\Projects\FullStackProjects\CandleViewer\docs\research\xstate\battle-v0.9.1\contracts\b6b10\cv09.py", line 166, in resolve
    raise v
  File "C:\Users\basil\Desktop\Projects\FullStackProjects\_ref\xstate-statemachine\src\xstate_statemachine\interpreter.py", line 3347, in _settle
    produced = await handoff
               ^^^^^^^^^^^^^
  File "C:\Python\Python313\Lib\concurrent\futures\thread.py", line 59, in run
    result = self.fn(*self.args, **self.kwargs)
  File "C:\Users\basil\Desktop\Projects\FullStackProjects\CandleViewer\docs\research\xstate\battle-v0.9.1\contracts\b6b10\cv09.py", line 180, in s
    return resolve(n, interp, ctx, evt)
  File "C:\Users\basil\Desktop\Projects\FullStackProjects\CandleViewer\docs\research\xstate\battle-v0.9.1\contracts\b6b10\cv09.py", line 166, in resolve
    raise v
  File "C:\Users\basil\Desktop\Projects\FullStackProjects\_ref\xstate-statemachine\src\xstate_statemachine\interpreter.py", line 3347, in _settle
    produced = await handoff
               ^^^^^^^^^^^^^
  File "C:\Python\Python313\Lib\concurrent\futures\thread.py", line 59, in run
    result = self.fn(*self.args, **self.kwargs)
  File "C:\Users\basil\Desktop\Projects\FullStackProjects\CandleViewer\docs\research\xstate\battle-v0.9.1\contracts\b6b10\cv09.py", line 180, in s
    return resolve(n, interp, ctx, evt)
  File "C:\Users\basil\Desktop\Projects\FullStackProjects\CandleViewer\docs\research\xstate\battle-v0.9.1\contracts\b6b10\cv09.py", line 166, in resolve
    raise v
  File "C:\Users\basil\Desktop\Projects\FullStackProjects\_ref\xstate-statemachine\src\xstate_statemachine\interpreter.py", line 3347, in _settle
    produced = await handoff
               ^^^^^^^^^^^^^
  File "C:\Python\Python313\Lib\concurrent\futures\thread.py", line 59, in run
    result = self.fn(*self.args, **self.kwargs)
  File "C:\Users\basil\Desktop\Projects\FullStackProjects\CandleViewer\docs\research\xstate\battle-v0.9.1\contracts\b6b10\cv09.py", line 180, in s
    return resolve(n, interp, ctx, evt)
  File "C:\Users\basil\Desktop\Projects\FullStackProjects\CandleViewer\docs\research\xstate\battle-v0.9.1\contracts\b6b10\cv09.py", line 166, in resolve
    raise v
  File "C:\Users\basil\Desktop\Projects\FullStackProjects\_ref\xstate-statemachine\src\xstate_statemachine\interpreter.py", line 3347, in _settle
    produced = await handoff
               ^^^^^^^^^^^^^
  File "C:\Python\Python313\Lib\concurrent\futures\thread.py", line 59, in run
    result = self.fn(*self.args, **self.kwargs)
  File "C:\Users\basil\Desktop\Projects\FullStackProjects\CandleViewer\docs\research\xstate\battle-v0.9.1\contracts\b6b10\cv09.py", line 180, in s
    return resolve(n, interp, ctx, evt)
  File "C:\Users\basil\Desktop\Projects\FullStackProjects\CandleViewer\docs\research\xstate\battle-v0.9.1\contracts\b6b10\cv09.py", line 166, in resolve
    raise v
  File "C:\Users\basil\Desktop\Projects\FullStackProjects\_ref\xstate-statemachine\src\xstate_statemachine\interpreter.py", line 3347, in _settle
    produced = await handoff
               ^^^^^^^^^^^^^
  File "C:\Python\Python313\Lib\concurrent\futures\thread.py", line 59, in run
    result = self.fn(*self.args, **self.kwargs)
  File "C:\Users\basil\Desktop\Projects\FullStackProjects\CandleViewer\docs\research\xstate\battle-v0.9.1\contracts\b6b10\cv09.py", line 180, in s
    return resolve(n, interp, ctx, evt)
  File "C:\Users\basil\Desktop\Projects\FullStackProjects\CandleViewer\docs\research\xstate\battle-v0.9.1\contracts\b6b10\cv09.py", line 166, in resolve
    raise v
  File "C:\Users\basil\Desktop\Projects\FullStackProjects\_ref\xstate-statemachine\src\xstate_statemachine\interpreter.py", line 3347, in _settle
    produced = await handoff
               ^^^^^^^^^^^^^
  File "C:\Python\Python313\Lib\concurrent\futures\thread.py", line 59, in run
    result = self.fn(*self.args, **self.kwargs)
  File "C:\Users\basil\Desktop\Projects\FullStackProjects\CandleViewer\docs\research\xstate\battle-v0.9.1\contracts\b6b10\cv09.py", line 180, in s
    return resolve(n, interp, ctx, evt)
  File "C:\Users\basil\Desktop\Projects\FullStackProjects\CandleViewer\docs\research\xstate\battle-v0.9.1\contracts\b6b10\cv09.py", line 166, in resolve
    raise v
  File "C:\Users\basil\Desktop\Projects\FullStackProjects\_ref\xstate-statemachine\src\xstate_statemachine\interpreter.py", line 3347, in _settle
    produced = await handoff
               ^^^^^^^^^^^^^
  File "C:\Python\Python313\Lib\concurrent\futures\thread.py", line 59, in run
    result = self.fn(*self.args, **self.kwargs)
  File "C:\Users\basil\Desktop\Projects\FullStackProjects\CandleViewer\docs\research\xstate\battle-v0.9.1\contracts\b6b10\cv09.py", line 180, in s
    return resolve(n, interp, ctx, evt)
  File "C:\Users\basil\Desktop\Projects\FullStackProjects\CandleViewer\docs\research\xstate\battle-v0.9.1\contracts\b6b10\cv09.py", line 166, in resolve
    raise v
  File "C:\Users\basil\Desktop\Projects\FullStackProjects\_ref\xstate-statemachine\src\xstate_statemachine\interpreter.py", line 3347, in _settle
    produced = await handoff
               ^^^^^^^^^^^^^
  File "C:\Python\Python313\Lib\concurrent\futures\thread.py", line 59, in run
    result = self.fn(*self.args, **self.kwargs)
  File "C:\Users\basil\Desktop\Projects\FullStackProjects\CandleViewer\docs\research\xstate\battle-v0.9.1\contracts\b6b10\cv09.py", line 180, in s
    return resolve(n, interp, ctx, evt)
  File "C:\Users\basil\Desktop\Projects\FullStackProjects\CandleViewer\docs\research\xstate\battle-v0.9.1\contracts\b6b10\cv09.py", line 166, in resolve
    raise v
  File "C:\Users\basil\Desktop\Projects\FullStackProjects\_ref\xstate-statemachine\src\xstate_statemachine\interpreter.py", line 3347, in _settle
    produced = await handoff
               ^^^^^^^^^^^^^
  File "C:\Python\Python313\Lib\concurrent\futures\thread.py", line 59, in run
    result = self.fn(*self.args, **self.kwargs)
  File "C:\Users\basil\Desktop\Projects\FullStackProjects\CandleViewer\docs\research\xstate\battle-v0.9.1\contracts\b6b10\cv09.py", line 180, in s
    return resolve(n, interp, ctx, evt)
  File "C:\Users\basil\Desktop\Projects\FullStackProjects\CandleViewer\docs\research\xstate\battle-v0.9.1\contracts\b6b10\cv09.py", line 166, in resolve
    raise v
  File "C:\Users\basil\Desktop\Projects\FullStackProjects\_ref\xstate-statemachine\src\xstate_statemachine\interpreter.py", line 3347, in _settle
    produced = await handoff
               ^^^^^^^^^^^^^
  File "C:\Python\Python313\Lib\concurrent\futures\thread.py", line 59, in run
    result = self.fn(*self.args, **self.kwargs)
  File "C:\Users\basil\Desktop\Projects\FullStackProjects\CandleViewer\docs\research\xstate\battle-v0.9.1\contracts\b6b10\cv09.py", line 180, in s
    return resolve(n, interp, ctx, evt)
  File "C:\Users\basil\Desktop\Projects\FullStackProjects\CandleViewer\docs\research\xstate\battle-v0.9.1\contracts\b6b10\cv09.py", line 166, in resolve
    raise v
  File "C:\Users\basil\Desktop\Projects\FullStackProjects\_ref\xstate-statemachine\src\xstate_statemachine\interpreter.py", line 3347, in _settle
    produced = await handoff
               ^^^^^^^^^^^^^
  File "C:\Python\Python313\Lib\concurrent\futures\thread.py", line 59, in run
    result = self.fn(*self.args, **self.kwargs)
  File "C:\Users\basil\Desktop\Projects\FullStackProjects\CandleViewer\docs\research\xstate\battle-v0.9.1\contracts\b6b10\cv09.py", line 180, in s
    return resolve(n, interp, ctx, evt)
  File "C:\Users\basil\Desktop\Projects\FullStackProjects\CandleViewer\docs\research\xstate\battle-v0.9.1\contracts\b6b10\cv09.py", line 166, in resolve
    raise v
  File "C:\Users\basil\Desktop\Projects\FullStackProjects\_ref\xstate-statemachine\src\xstate_statemachine\interpreter.py", line 3347, in _settle
    produced = await handoff
               ^^^^^^^^^^^^^
  File "C:\Python\Python313\Lib\concurrent\futures\thread.py", line 59, in run
    result = self.fn(*self.args, **self.kwargs)
  File "C:\Users\basil\Desktop\Projects\FullStackProjects\CandleViewer\docs\research\xstate\battle-v0.9.1\contracts\b6b10\cv09.py", line 180, in s
    return resolve(n, interp, ctx, evt)
  File "C:\Users\basil\Desktop\Projects\FullStackProjects\CandleViewer\docs\research\xstate\battle-v0.9.1\contracts\b6b10\cv09.py", line 166, in resolve
    raise v
  File "C:\Users\basil\Desktop\Projects\FullStackProjects\_ref\xstate-statemachine\src\xstate_statemachine\interpreter.py", line 3347, in _settle
    produced = await handoff
               ^^^^^^^^^^^^^
  File "C:\Python\Python313\Lib\concurrent\futures\thread.py", line 59, in run
    result = self.fn(*self.args, **self.kwargs)
  File "C:\Users\basil\Desktop\Projects\FullStackProjects\CandleViewer\docs\research\xstate\battle-v0.9.1\contracts\b6b10\cv09.py", line 180, in s
    return resolve(n, interp, ctx, evt)
  File "C:\Users\basil\Desktop\Projects\FullStackProjects\CandleViewer\docs\research\xstate\battle-v0.9.1\contracts\b6b10\cv09.py", line 166, in resolve
    raise v
  File "C:\Users\basil\Desktop\Projects\FullStackProjects\_ref\xstate-statemachine\src\xstate_statemachine\interpreter.py", line 3347, in _settle
    produced = await handoff
               ^^^^^^^^^^^^^
  File "C:\Python\Python313\Lib\concurrent\futures\thread.py", line 59, in run
    result = self.fn(*self.args, **self.kwargs)
  File "C:\Users\basil\Desktop\Projects\FullStackProjects\CandleViewer\docs\research\xstate\battle-v0.9.1\contracts\b6b10\cv09.py", line 180, in s
    return resolve(n, interp, ctx, evt)
  File "C:\Users\basil\Desktop\Projects\FullStackProjects\CandleViewer\docs\research\xstate\battle-v0.9.1\contracts\b6b10\cv09.py", line 166, in resolve
    raise v
  File "C:\Users\basil\Desktop\Projects\FullStackProjects\_ref\xstate-statemachine\src\xstate_statemachine\interpreter.py", line 3347, in _settle
    produced = await handoff
               ^^^^^^^^^^^^^
  File "C:\Python\Python313\Lib\concurrent\futures\thread.py", line 59, in run
    result = self.fn(*self.args, **self.kwargs)
  File "C:\Users\basil\Desktop\Projects\FullStackProjects\CandleViewer\docs\research\xstate\battle-v0.9.1\contracts\b6b10\cv09.py", line 180, in s
    return resolve(n, interp, ctx, evt)
  File "C:\Users\basil\Desktop\Projects\FullStackProjects\CandleViewer\docs\research\xstate\battle-v0.9.1\contracts\b6b10\cv09.py", line 166, in resolve
    raise v
  File "C:\Users\basil\Desktop\Projects\FullStackProjects\_ref\xstate-statemachine\src\xstate_statemachine\interpreter.py", line 3347, in _settle
    produced = await handoff
               ^^^^^^^^^^^^^
  File "C:\Python\Python313\Lib\concurrent\futures\thread.py", line 59, in run
    result = self.fn(*self.args, **self.kwargs)
  File "C:\Users\basil\Desktop\Projects\FullStackProjects\CandleViewer\docs\research\xstate\battle-v0.9.1\contracts\b6b10\cv09.py", line 180, in s
    return resolve(n, interp, ctx, evt)
  File "C:\Users\basil\Desktop\Projects\FullStackProjects\CandleViewer\docs\research\xstate\battle-v0.9.1\contracts\b6b10\cv09.py", line 166, in resolve
    raise v
  File "C:\Users\basil\Desktop\Projects\FullStackProjects\_ref\xstate-statemachine\src\xstate_statemachine\interpreter.py", line 3347, in _settle
    produced = await handoff
               ^^^^^^^^^^^^^
  File "C:\Python\Python313\Lib\concurrent\futures\thread.py", line 59, in run
    result = self.fn(*self.args, **self.kwargs)
  File "C:\Users\basil\Desktop\Projects\FullStackProjects\CandleViewer\docs\research\xstate\battle-v0.9.1\contracts\b6b10\cv09.py", line 180, in s
    return resolve(n, interp, ctx, evt)
  File "C:\Users\basil\Desktop\Projects\FullStackProjects\CandleViewer\docs\research\xstate\battle-v0.9.1\contracts\b6b10\cv09.py", line 166, in resolve
    raise v
  File "C:\Users\basil\Desktop\Projects\FullStackProjects\_ref\xstate-statemachine\src\xstate_statemachine\interpreter.py", line 3347, in _settle
    produced = await handoff
               ^^^^^^^^^^^^^
  File "C:\Python\Python313\Lib\concurrent\futures\thread.py", line 59, in run
    result = self.fn(*self.args, **self.kwargs)
  File "C:\Users\basil\Desktop\Projects\FullStackProjects\CandleViewer\docs\research\xstate\battle-v0.9.1\contracts\b6b10\cv09.py", line 180, in s
    return resolve(n, interp, ctx, evt)
  File "C:\Users\basil\Desktop\Projects\FullStackProjects\CandleViewer\docs\research\xstate\battle-v0.9.1\contracts\b6b10\cv09.py", line 166, in resolve
    raise v
  File "C:\Users\basil\Desktop\Projects\FullStackProjects\_ref\xstate-statemachine\src\xstate_statemachine\interpreter.py", line 3347, in _settle
    produced = await handoff
               ^^^^^^^^^^^^^
  File "C:\Python\Python313\Lib\concurrent\futures\thread.py", line 59, in run
    result = self.fn(*self.args, **self.kwargs)
  File "C:\Users\basil\Desktop\Projects\FullStackProjects\CandleViewer\docs\research\xstate\battle-v0.9.1\contracts\b6b10\cv09.py", line 180, in s
    return resolve(n, interp, ctx, evt)
  File "C:\Users\basil\Desktop\Projects\FullStackProjects\CandleViewer\docs\research\xstate\battle-v0.9.1\contracts\b6b10\cv09.py", line 166, in resolve
    raise v
  File "C:\Users\basil\Desktop\Projects\FullStackProjects\_ref\xstate-statemachine\src\xstate_statemachine\interpreter.py", line 3347, in _settle
    produced = await handoff
               ^^^^^^^^^^^^^
  File "C:\Python\Python313\Lib\concurrent\futures\thread.py", line 59, in run
    result = self.fn(*self.args, **self.kwargs)
  File "C:\Users\basil\Desktop\Projects\FullStackProjects\CandleViewer\docs\research\xstate\battle-v0.9.1\contracts\b6b10\cv09.py", line 180, in s
    return resolve(n, interp, ctx, evt)
  File "C:\Users\basil\Desktop\Projects\FullStackProjects\CandleViewer\docs\research\xstate\battle-v0.9.1\contracts\b6b10\cv09.py", line 166, in resolve
    raise v
  File "C:\Users\basil\Desktop\Projects\FullStackProjects\_ref\xstate-statemachine\src\xstate_statemachine\interpreter.py", line 3347, in _settle
    produced = await handoff
               ^^^^^^^^^^^^^
  File "C:\Python\Python313\Lib\concurrent\futures\thread.py", line 59, in run
    result = self.fn(*self.args, **self.kwargs)
  File "C:\Users\basil\Desktop\Projects\FullStackProjects\CandleViewer\docs\research\xstate\battle-v0.9.1\contracts\b6b10\cv09.py", line 180, in s
    return resolve(n, interp, ctx, evt)
  File "C:\Users\basil\Desktop\Projects\FullStackProjects\CandleViewer\docs\research\xstate\battle-v0.9.1\contracts\b6b10\cv09.py", line 166, in resolve
    raise v
RuntimeError: rej
ERROR:xstate_statemachine.interpreter:💥 Service 'attach_native_sl' (ID: 'att') failed: rej
Traceback (most recent call last):
  File "C:\Users\basil\Desktop\Projects\FullStackProjects\_ref\xstate-statemachine\src\xstate_statemachine\interpreter.py", line 3347, in _settle
    produced = await handoff
               ^^^^^^^^^^^^^
  File "C:\Python\Python313\Lib\concurrent\futures\thread.py", line 59, in run
    result = self.fn(*self.args, **self.kwargs)
  File "C:\Users\basil\Desktop\Projects\FullStackProjects\CandleViewer\docs\research\xstate\battle-v0.9.1\contracts\b6b10\cv09.py", line 180, in s
    return resolve(n, interp, ctx, evt)
  File "C:\Users\basil\Desktop\Projects\FullStackProjects\CandleViewer\docs\research\xstate\battle-v0.9.1\contracts\b6b10\cv09.py", line 166, in resolve
    raise v
  File "C:\Users\basil\Desktop\Projects\FullStackProjects\_ref\xstate-statemachine\src\xstate_statemachine\interpreter.py", line 3347, in _settle
    produced = await handoff
               ^^^^^^^^^^^^^
  File "C:\Python\Python313\Lib\concurrent\futures\thread.py", line 59, in run
    result = self.fn(*self.args, **self.kwargs)
  File "C:\Users\basil\Desktop\Projects\FullStackProjects\CandleViewer\docs\research\xstate\battle-v0.9.1\contracts\b6b10\cv09.py", line 180, in s
    return resolve(n, interp, ctx, evt)
  File "C:\Users\basil\Desktop\Projects\FullStackProjects\CandleViewer\docs\research\xstate\battle-v0.9.1\contracts\b6b10\cv09.py", line 166, in resolve
    raise v
  File "C:\Users\basil\Desktop\Projects\FullStackProjects\_ref\xstate-statemachine\src\xstate_statemachine\interpreter.py", line 3347, in _settle
    produced = await handoff
               ^^^^^^^^^^^^^
  File "C:\Python\Python313\Lib\concurrent\futures\thread.py", line 59, in run
    result = self.fn(*self.args, **self.kwargs)
  File "C:\Users\basil\Desktop\Projects\FullStackProjects\CandleViewer\docs\research\xstate\battle-v0.9.1\contracts\b6b10\cv09.py", line 180, in s
    return resolve(n, interp, ctx, evt)
  File "C:\Users\basil\Desktop\Projects\FullStackProjects\CandleViewer\docs\research\xstate\battle-v0.9.1\contracts\b6b10\cv09.py", line 166, in resolve
    raise v
  File "C:\Users\basil\Desktop\Projects\FullStackProjects\_ref\xstate-statemachine\src\xstate_statemachine\interpreter.py", line 3347, in _settle
    produced = await handoff
               ^^^^^^^^^^^^^
  File "C:\Python\Python313\Lib\concurrent\futures\thread.py", line 59, in run
    result = self.fn(*self.args, **self.kwargs)
  File "C:\Users\basil\Desktop\Projects\FullStackProjects\CandleViewer\docs\research\xstate\battle-v0.9.1\contracts\b6b10\cv09.py", line 180, in s
    return resolve(n, interp, ctx, evt)
  File "C:\Users\basil\Desktop\Projects\FullStackProjects\CandleViewer\docs\research\xstate\battle-v0.9.1\contracts\b6b10\cv09.py", line 166, in resolve
    raise v
  File "C:\Users\basil\Desktop\Projects\FullStackProjects\_ref\xstate-statemachine\src\xstate_statemachine\interpreter.py", line 3347, in _settle
    produced = await handoff
               ^^^^^^^^^^^^^
  File "C:\Python\Python313\Lib\concurrent\futures\thread.py", line 59, in run
    result = self.fn(*self.args, **self.kwargs)
  File "C:\Users\basil\Desktop\Projects\FullStackProjects\CandleViewer\docs\research\xstate\battle-v0.9.1\contracts\b6b10\cv09.py", line 180, in s
    return resolve(n, interp, ctx, evt)
  File "C:\Users\basil\Desktop\Projects\FullStackProjects\CandleViewer\docs\research\xstate\battle-v0.9.1\contracts\b6b10\cv09.py", line 166, in resolve
    raise v
  File "C:\Users\basil\Desktop\Projects\FullStackProjects\_ref\xstate-statemachine\src\xstate_statemachine\interpreter.py", line 3347, in _settle
    produced = await handoff
               ^^^^^^^^^^^^^
  File "C:\Python\Python313\Lib\concurrent\futures\thread.py", line 59, in run
    result = self.fn(*self.args, **self.kwargs)
  File "C:\Users\basil\Desktop\Projects\FullStackProjects\CandleViewer\docs\research\xstate\battle-v0.9.1\contracts\b6b10\cv09.py", line 180, in s
    return resolve(n, interp, ctx, evt)
  File "C:\Users\basil\Desktop\Projects\FullStackProjects\CandleViewer\docs\research\xstate\battle-v0.9.1\contracts\b6b10\cv09.py", line 166, in resolve
    raise v
  File "C:\Users\basil\Desktop\Projects\FullStackProjects\_ref\xstate-statemachine\src\xstate_statemachine\interpreter.py", line 3347, in _settle
    produced = await handoff
               ^^^^^^^^^^^^^
  File "C:\Python\Python313\Lib\concurrent\futures\thread.py", line 59, in run
    result = self.fn(*self.args, **self.kwargs)
  File "C:\Users\basil\Desktop\Projects\FullStackProjects\CandleViewer\docs\research\xstate\battle-v0.9.1\contracts\b6b10\cv09.py", line 180, in s
    return resolve(n, interp, ctx, evt)
  File "C:\Users\basil\Desktop\Projects\FullStackProjects\CandleViewer\docs\research\xstate\battle-v0.9.1\contracts\b6b10\cv09.py", line 166, in resolve
    raise v
  File "C:\Users\basil\Desktop\Projects\FullStackProjects\_ref\xstate-statemachine\src\xstate_statemachine\interpreter.py", line 3347, in _settle
    produced = await handoff
               ^^^^^^^^^^^^^
  File "C:\Python\Python313\Lib\concurrent\futures\thread.py", line 59, in run
    result = self.fn(*self.args, **self.kwargs)
  File "C:\Users\basil\Desktop\Projects\FullStackProjects\CandleViewer\docs\research\xstate\battle-v0.9.1\contracts\b6b10\cv09.py", line 180, in s
    return resolve(n, interp, ctx, evt)
  File "C:\Users\basil\Desktop\Projects\FullStackProjects\CandleViewer\docs\research\xstate\battle-v0.9.1\contracts\b6b10\cv09.py", line 166, in resolve
    raise v
  File "C:\Users\basil\Desktop\Projects\FullStackProjects\_ref\xstate-statemachine\src\xstate_statemachine\interpreter.py", line 3347, in _settle
    produced = await handoff
               ^^^^^^^^^^^^^
  File "C:\Python\Python313\Lib\concurrent\futures\thread.py", line 59, in run
    result = self.fn(*self.args, **self.kwargs)
  File "C:\Users\basil\Desktop\Projects\FullStackProjects\CandleViewer\docs\research\xstate\battle-v0.9.1\contracts\b6b10\cv09.py", line 180, in s
    return resolve(n, interp, ctx, evt)
  File "C:\Users\basil\Desktop\Projects\FullStackProjects\CandleViewer\docs\research\xstate\battle-v0.9.1\contracts\b6b10\cv09.py", line 166, in resolve
    raise v
  File "C:\Users\basil\Desktop\Projects\FullStackProjects\_ref\xstate-statemachine\src\xstate_statemachine\interpreter.py", line 3347, in _settle
    produced = await handoff
               ^^^^^^^^^^^^^
  File "C:\Python\Python313\Lib\concurrent\futures\thread.py", line 59, in run
    result = self.fn(*self.args, **self.kwargs)
  File "C:\Users\basil\Desktop\Projects\FullStackProjects\CandleViewer\docs\research\xstate\battle-v0.9.1\contracts\b6b10\cv09.py", line 180, in s
    return resolve(n, interp, ctx, evt)
  File "C:\Users\basil\Desktop\Projects\FullStackProjects\CandleViewer\docs\research\xstate\battle-v0.9.1\contracts\b6b10\cv09.py", line 166, in resolve
    raise v
  File "C:\Users\basil\Desktop\Projects\FullStackProjects\_ref\xstate-statemachine\src\xstate_statemachine\interpreter.py", line 3347, in _settle
    produced = await handoff
               ^^^^^^^^^^^^^
  File "C:\Python\Python313\Lib\concurrent\futures\thread.py", line 59, in run
    result = self.fn(*self.args, **self.kwargs)
  File "C:\Users\basil\Desktop\Projects\FullStackProjects\CandleViewer\docs\research\xstate\battle-v0.9.1\contracts\b6b10\cv09.py", line 180, in s
    return resolve(n, interp, ctx, evt)
  File "C:\Users\basil\Desktop\Projects\FullStackProjects\CandleViewer\docs\research\xstate\battle-v0.9.1\contracts\b6b10\cv09.py", line 166, in resolve
    raise v
  File "C:\Users\basil\Desktop\Projects\FullStackProjects\_ref\xstate-statemachine\src\xstate_statemachine\interpreter.py", line 3347, in _settle
    produced = await handoff
               ^^^^^^^^^^^^^
  File "C:\Python\Python313\Lib\concurrent\futures\thread.py", line 59, in run
    result = self.fn(*self.args, **self.kwargs)
  File "C:\Users\basil\Desktop\Projects\FullStackProjects\CandleViewer\docs\research\xstate\battle-v0.9.1\contracts\b6b10\cv09.py", line 180, in s
    return resolve(n, interp, ctx, evt)
  File "C:\Users\basil\Desktop\Projects\FullStackProjects\CandleViewer\docs\research\xstate\battle-v0.9.1\contracts\b6b10\cv09.py", line 166, in resolve
    raise v
  File "C:\Users\basil\Desktop\Projects\FullStackProjects\_ref\xstate-statemachine\src\xstate_statemachine\interpreter.py", line 3347, in _settle
    produced = await handoff
               ^^^^^^^^^^^^^
  File "C:\Python\Python313\Lib\concurrent\futures\thread.py", line 59, in run
    result = self.fn(*self.args, **self.kwargs)
  File "C:\Users\basil\Desktop\Projects\FullStackProjects\CandleViewer\docs\research\xstate\battle-v0.9.1\contracts\b6b10\cv09.py", line 180, in s
    return resolve(n, interp, ctx, evt)
  File "C:\Users\basil\Desktop\Projects\FullStackProjects\CandleViewer\docs\research\xstate\battle-v0.9.1\contracts\b6b10\cv09.py", line 166, in resolve
    raise v
  File "C:\Users\basil\Desktop\Projects\FullStackProjects\_ref\xstate-statemachine\src\xstate_statemachine\interpreter.py", line 3347, in _settle
    produced = await handoff
               ^^^^^^^^^^^^^
  File "C:\Python\Python313\Lib\concurrent\futures\thread.py", line 59, in run
    result = self.fn(*self.args, **self.kwargs)
  File "C:\Users\basil\Desktop\Projects\FullStackProjects\CandleViewer\docs\research\xstate\battle-v0.9.1\contracts\b6b10\cv09.py", line 180, in s
    return resolve(n, interp, ctx, evt)
  File "C:\Users\basil\Desktop\Projects\FullStackProjects\CandleViewer\docs\research\xstate\battle-v0.9.1\contracts\b6b10\cv09.py", line 166, in resolve
    raise v
  File "C:\Users\basil\Desktop\Projects\FullStackProjects\_ref\xstate-statemachine\src\xstate_statemachine\interpreter.py", line 3347, in _settle
    produced = await handoff
               ^^^^^^^^^^^^^
  File "C:\Python\Python313\Lib\concurrent\futures\thread.py", line 59, in run
    result = self.fn(*self.args, **self.kwargs)
  File "C:\Users\basil\Desktop\Projects\FullStackProjects\CandleViewer\docs\research\xstate\battle-v0.9.1\contracts\b6b10\cv09.py", line 180, in s
    return resolve(n, interp, ctx, evt)
  File "C:\Users\basil\Desktop\Projects\FullStackProjects\CandleViewer\docs\research\xstate\battle-v0.9.1\contracts\b6b10\cv09.py", line 166, in resolve
    raise v
  File "C:\Users\basil\Desktop\Projects\FullStackProjects\_ref\xstate-statemachine\src\xstate_statemachine\interpreter.py", line 3347, in _settle
    produced = await handoff
               ^^^^^^^^^^^^^
  File "C:\Python\Python313\Lib\concurrent\futures\thread.py", line 59, in run
    result = self.fn(*self.args, **self.kwargs)
  File "C:\Users\basil\Desktop\Projects\FullStackProjects\CandleViewer\docs\research\xstate\battle-v0.9.1\contracts\b6b10\cv09.py", line 180, in s
    return resolve(n, interp, ctx, evt)
  File "C:\Users\basil\Desktop\Projects\FullStackProjects\CandleViewer\docs\research\xstate\battle-v0.9.1\contracts\b6b10\cv09.py", line 166, in resolve
    raise v
  File "C:\Users\basil\Desktop\Projects\FullStackProjects\_ref\xstate-statemachine\src\xstate_statemachine\interpreter.py", line 3347, in _settle
    produced = await handoff
               ^^^^^^^^^^^^^
  File "C:\Python\Python313\Lib\concurrent\futures\thread.py", line 59, in run
    result = self.fn(*self.args, **self.kwargs)
  File "C:\Users\basil\Desktop\Projects\FullStackProjects\CandleViewer\docs\research\xstate\battle-v0.9.1\contracts\b6b10\cv09.py", line 180, in s
    return resolve(n, interp, ctx, evt)
  File "C:\Users\basil\Desktop\Projects\FullStackProjects\CandleViewer\docs\research\xstate\battle-v0.9.1\contracts\b6b10\cv09.py", line 166, in resolve
    raise v
  File "C:\Users\basil\Desktop\Projects\FullStackProjects\_ref\xstate-statemachine\src\xstate_statemachine\interpreter.py", line 3347, in _settle
    produced = await handoff
               ^^^^^^^^^^^^^
  File "C:\Python\Python313\Lib\concurrent\futures\thread.py", line 59, in run
    result = self.fn(*self.args, **self.kwargs)
  File "C:\Users\basil\Desktop\Projects\FullStackProjects\CandleViewer\docs\research\xstate\battle-v0.9.1\contracts\b6b10\cv09.py", line 180, in s
    return resolve(n, interp, ctx, evt)
  File "C:\Users\basil\Desktop\Projects\FullStackProjects\CandleViewer\docs\research\xstate\battle-v0.9.1\contracts\b6b10\cv09.py", line 166, in resolve
    raise v
  File "C:\Users\basil\Desktop\Projects\FullStackProjects\_ref\xstate-statemachine\src\xstate_statemachine\interpreter.py", line 3347, in _settle
    produced = await handoff
               ^^^^^^^^^^^^^
  File "C:\Python\Python313\Lib\concurrent\futures\thread.py", line 59, in run
    result = self.fn(*self.args, **self.kwargs)
  File "C:\Users\basil\Desktop\Projects\FullStackProjects\CandleViewer\docs\research\xstate\battle-v0.9.1\contracts\b6b10\cv09.py", line 180, in s
    return resolve(n, interp, ctx, evt)
  File "C:\Users\basil\Desktop\Projects\FullStackProjects\CandleViewer\docs\research\xstate\battle-v0.9.1\contracts\b6b10\cv09.py", line 166, in resolve
    raise v
  File "C:\Users\basil\Desktop\Projects\FullStackProjects\_ref\xstate-statemachine\src\xstate_statemachine\interpreter.py", line 3347, in _settle
    produced = await handoff
               ^^^^^^^^^^^^^
  File "C:\Python\Python313\Lib\concurrent\futures\thread.py", line 59, in run
    result = self.fn(*self.args, **self.kwargs)
  File "C:\Users\basil\Desktop\Projects\FullStackProjects\CandleViewer\docs\research\xstate\battle-v0.9.1\contracts\b6b10\cv09.py", line 180, in s
    return resolve(n, interp, ctx, evt)
  File "C:\Users\basil\Desktop\Projects\FullStackProjects\CandleViewer\docs\research\xstate\battle-v0.9.1\contracts\b6b10\cv09.py", line 166, in resolve
    raise v
  File "C:\Users\basil\Desktop\Projects\FullStackProjects\_ref\xstate-statemachine\src\xstate_statemachine\interpreter.py", line 3347, in _settle
    produced = await handoff
               ^^^^^^^^^^^^^
  File "C:\Python\Python313\Lib\concurrent\futures\thread.py", line 59, in run
    result = self.fn(*self.args, **self.kwargs)
  File "C:\Users\basil\Desktop\Projects\FullStackProjects\CandleViewer\docs\research\xstate\battle-v0.9.1\contracts\b6b10\cv09.py", line 180, in s
    return resolve(n, interp, ctx, evt)
  File "C:\Users\basil\Desktop\Projects\FullStackProjects\CandleViewer\docs\research\xstate\battle-v0.9.1\contracts\b6b10\cv09.py", line 166, in resolve
    raise v
  File "C:\Users\basil\Desktop\Projects\FullStackProjects\_ref\xstate-statemachine\src\xstate_statemachine\interpreter.py", line 3347, in _settle
    produced = await handoff
               ^^^^^^^^^^^^^
  File "C:\Python\Python313\Lib\concurrent\futures\thread.py", line 59, in run
    result = self.fn(*self.args, **self.kwargs)
  File "C:\Users\basil\Desktop\Projects\FullStackProjects\CandleViewer\docs\research\xstate\battle-v0.9.1\contracts\b6b10\cv09.py", line 180, in s
    return resolve(n, interp, ctx, evt)
  File "C:\Users\basil\Desktop\Projects\FullStackProjects\CandleViewer\docs\research\xstate\battle-v0.9.1\contracts\b6b10\cv09.py", line 166, in resolve
    raise v
  File "C:\Users\basil\Desktop\Projects\FullStackProjects\_ref\xstate-statemachine\src\xstate_statemachine\interpreter.py", line 3347, in _settle
    produced = await handoff
               ^^^^^^^^^^^^^
  File "C:\Python\Python313\Lib\concurrent\futures\thread.py", line 59, in run
    result = self.fn(*self.args, **self.kwargs)
  File "C:\Users\basil\Desktop\Projects\FullStackProjects\CandleViewer\docs\research\xstate\battle-v0.9.1\contracts\b6b10\cv09.py", line 180, in s
    return resolve(n, interp, ctx, evt)
  File "C:\Users\basil\Desktop\Projects\FullStackProjects\CandleViewer\docs\research\xstate\battle-v0.9.1\contracts\b6b10\cv09.py", line 166, in resolve
    raise v
  File "C:\Users\basil\Desktop\Projects\FullStackProjects\_ref\xstate-statemachine\src\xstate_statemachine\interpreter.py", line 3347, in _settle
    produced = await handoff
               ^^^^^^^^^^^^^
  File "C:\Python\Python313\Lib\concurrent\futures\thread.py", line 59, in run
    result = self.fn(*self.args, **self.kwargs)
  File "C:\Users\basil\Desktop\Projects\FullStackProjects\CandleViewer\docs\research\xstate\battle-v0.9.1\contracts\b6b10\cv09.py", line 180, in s
    return resolve(n, interp, ctx, evt)
  File "C:\Users\basil\Desktop\Projects\FullStackProjects\CandleViewer\docs\research\xstate\battle-v0.9.1\contracts\b6b10\cv09.py", line 166, in resolve
    raise v
RuntimeError: rej
PASS [def]B8/attach reenter retry re-runs entry (bounded by guard)  | {"n": 25, "states": ["position_protection.sl.attaching", "position_protection.watchdog.scanning"], "err": null, "notes": ["t0:v=3:sched=0", "t0:snap_chain_trips=0", "t0:restore_plugin_started=1 invalid=0", "t1:snapshot-refused:SnapshotMidStepError(\"Interpreter 'position_protection' is mid-macrostep: a transition's actions are still running and the configuration has no leaf. Snapshot it once the step settles (await send(..., wait=True), or from on_transition).\")"]}
ERROR:xstate_statemachine.base_interpreter:🔥 Action 'arm_sl_deadline' raised while handling event 'POSITION_OPENED'; skipping remaining actions in this list.
Traceback (most recent call last):
  File "C:\Users\basil\Desktop\Projects\FullStackProjects\_ref\xstate-statemachine\src\xstate_statemachine\base_interpreter.py", line 3630, in _execute_actions
    await self._run_user_action(impl, action_def, event)
  File "C:\Users\basil\Desktop\Projects\FullStackProjects\_ref\xstate-statemachine\src\xstate_statemachine\interpreter.py", line 2363, in _run_user_action
    impl(self, self.context, event, action_def)
    ~~~~^^^^^^^^^^^^^^^^^^^^^^^^^^^^^^^^^^^^^^^
  File "C:\Users\basil\Desktop\Projects\FullStackProjects\CandleViewer\docs\research\xstate\battle-v0.9.1\contracts\b6b10\cv09.py", line 143, in f
    raise RuntimeError("boom:" + n)
RuntimeError: boom:arm_sl_deadline
WARNING:xstate_statemachine.base_interpreter:💥 Transition on 'position_protection.sl.flat' failed; rolling back to the pre-transition configuration.
ERROR:xstate_statemachine.base_interpreter:🛑 Machine 'position_protection' stopped by actionErrorPolicy='fail': TransitionFailedError("Action 'arm_sl_deadline' raised during a transition from 'position_protection.sl.flat'; the transition was rolled back and the machine stopped (actionErrorPolicy='fail').")
PASS [def]B8/actionErrorPolicy=fail surfaces entry raise  | {"aerr": ["arm_sl_deadline:RuntimeError('boom:arm_sl_deadline')"], "status": "stopped", "send": {"ok": true, "sec": 0.0015796999796293676}}
WARNING:xstate_statemachine.interpreter:⚠️ Interpreter 'position_protection' is not running. Skipping stop.
PASS [def]B9/happy draft->sim->armed->evaluating->acting->cooling->armed  | {"states": ["rule_instance.armed"], "svc": ["evaluate_condition_dag", "dispatch_actions_in_order"], "snap": true, "notes": ["t0:v=3:sched=0", "t0:snap_chain_trips=0", "t0:restore_plugin_started=1 invalid=0", "t1:v=3:sched=0", "t1:snap_chain_trips=0", "t1:restore_plugin_started=1 invalid=0", "t2:v=3:sched=0", "t2:snap_chain_trips=0", "t2:restore_plugin_started=1 invalid=0", "t3:v=3:sched=0", "t3:snap_chain_trips=0", "t3:restore_plugin_started=1 invalid=0", "t4:v=3:sched=0", "t4:snap_chain_trips=0", "t4:restore_plugin_started=1 invalid=0"]}
PASS [def]B9/INV-a promotion gate refuses with a reason  | {"states": ["rule_instance.simulating"], "acts": ["stamp_simulation_start", "reject_promotion_with_reason"]}
PASS [def]B9/INV-b skip debounce_blocked recorded, stays armed  | {"states": ["rule_instance.armed"], "acts": ["stamp_simulation_start", "subscribe_triggers", "emit_armed_audit", "record_skip_debounced"], "svc": []}
PASS [def]B9/INV-b skip data_stale recorded, stays armed  | {"states": ["rule_instance.armed"], "acts": ["stamp_simulation_start", "subscribe_triggers", "emit_armed_audit", "record_skip_stale_data"], "svc": []}
PASS [def]B9/INV-b skip limits_blocked recorded, stays armed  | {"states": ["rule_instance.armed"], "acts": ["stamp_simulation_start", "subscribe_triggers", "emit_armed_audit", "record_skip_limit"], "svc": []}
PASS [def]B9/INV-c requires-confirmation parks in pending_confirmation  | {"states": ["rule_instance.pending_confirmation"], "svc": ["evaluate_condition_dag"]}
PASS [def]B9/INV-c rejection records a skip, no dispatch  | {"states": ["rule_instance.armed"], "svc": ["evaluate_condition_dag"]}
ERROR:xstate_statemachine.interpreter:💥 Service 'dispatch_actions_in_order' (ID: 'act') failed: partial
Traceback (most recent call last):
  File "C:\Users\basil\Desktop\Projects\FullStackProjects\_ref\xstate-statemachine\src\xstate_statemachine\interpreter.py", line 3347, in _settle
    produced = await handoff
               ^^^^^^^^^^^^^
  File "C:\Python\Python313\Lib\concurrent\futures\thread.py", line 59, in run
    result = self.fn(*self.args, **self.kwargs)
  File "C:\Users\basil\Desktop\Projects\FullStackProjects\CandleViewer\docs\research\xstate\battle-v0.9.1\contracts\b6b10\cv09.py", line 180, in s
    return resolve(n, interp, ctx, evt)
  File "C:\Users\basil\Desktop\Projects\FullStackProjects\CandleViewer\docs\research\xstate\battle-v0.9.1\contracts\b6b10\cv09.py", line 166, in resolve
    raise v
RuntimeError: partial
PASS [def]B9/INV-d partial fire recorded + alerted  | {"states": ["rule_instance.cooling_down"], "acts": ["assert_safety_limits", "record_partial_fire", "bump_consecutive_errors", "raise_partial_alert", "stamp_cooldown_deadline"]}
ERROR:xstate_statemachine.interpreter:💥 Service 'evaluate_condition_dag' (ID: 'eval') failed: boom
Traceback (most recent call last):
  File "C:\Users\basil\Desktop\Projects\FullStackProjects\_ref\xstate-statemachine\src\xstate_statemachine\interpreter.py", line 3347, in _settle
    produced = await handoff
               ^^^^^^^^^^^^^
  File "C:\Python\Python313\Lib\concurrent\futures\thread.py", line 59, in run
    result = self.fn(*self.args, **self.kwargs)
  File "C:\Users\basil\Desktop\Projects\FullStackProjects\CandleViewer\docs\research\xstate\battle-v0.9.1\contracts\b6b10\cv09.py", line 180, in s
    return resolve(n, interp, ctx, evt)
  File "C:\Users\basil\Desktop\Projects\FullStackProjects\CandleViewer\docs\research\xstate\battle-v0.9.1\contracts\b6b10\cv09.py", line 166, in resolve
    raise v
RuntimeError: boom
PASS [def]B9/INV-e error budget -> kill_switched + critical  | {"states": ["rule_instance.kill_switched"], "acts": ["emit_armed_audit", "unsubscribe_triggers", "raise_critical_alert", "emit_kill_switch_audit"]}
ERROR:xstate_statemachine.interpreter:💥 Service 'evaluate_condition_dag' (ID: 'eval') failed: boom
Traceback (most recent call last):
  File "C:\Users\basil\Desktop\Projects\FullStackProjects\_ref\xstate-statemachine\src\xstate_statemachine\interpreter.py", line 3347, in _settle
    produced = await handoff
               ^^^^^^^^^^^^^
  File "C:\Python\Python313\Lib\concurrent\futures\thread.py", line 59, in run
    result = self.fn(*self.args, **self.kwargs)
  File "C:\Users\basil\Desktop\Projects\FullStackProjects\CandleViewer\docs\research\xstate\battle-v0.9.1\contracts\b6b10\cv09.py", line 180, in s
    return resolve(n, interp, ctx, evt)
  File "C:\Users\basil\Desktop\Projects\FullStackProjects\CandleViewer\docs\research\xstate\battle-v0.9.1\contracts\b6b10\cv09.py", line 166, in resolve
    raise v
RuntimeError: boom
PASS [def]B9/INV-e un-elevated HUMAN_REARM refused  | ["rule_instance.kill_switched"]
PASS [def]B9/once_satisfied always -> spent  | ["rule_instance.spent"]
PASS [def]B9/armed exit unsubscribes on kill switch  | {"acts": ["emit_armed_audit", "unsubscribe_triggers", "raise_critical_alert", "emit_kill_switch_audit"], "states": ["rule_instance.kill_switched"]}
PASS [def]B10/happy armed->firing->delivered->ack->resolved  | {"states": ["alert.resolved"], "svc": ["dispatch_to_channels"], "snap": true, "notes": ["t0:v=3:sched=0", "t0:snap_chain_trips=0", "t0:restore_plugin_started=1 invalid=0", "t1:v=3:sched=0", "t1:snap_chain_trips=0", "t1:restore_plugin_started=1 invalid=0", "t2:v=3:sched=0", "t2:snap_chain_trips=0", "t2:restore_plugin_started=1 invalid=0", "t3:v=3:sched=0", "t3:snap_chain_trips=0", "t3:restore_plugin_started=1 invalid=0"]}
PASS [def]B10/INV-a storm -> suppressed + counted + metric  | {"states": ["alert.suppressed"], "acts": ["bump_storm_count", "emit_suppression_metric"]}
PASS [def]B10/INV-b partial delivery is its own degraded state  | ["alert.partially_delivered"]
ERROR:xstate_statemachine.interpreter:💥 Service 'dispatch_to_channels' (ID: 'deliver') failed: smtp
Traceback (most recent call last):
  File "C:\Users\basil\Desktop\Projects\FullStackProjects\_ref\xstate-statemachine\src\xstate_statemachine\interpreter.py", line 3347, in _settle
    produced = await handoff
               ^^^^^^^^^^^^^
  File "C:\Python\Python313\Lib\concurrent\futures\thread.py", line 59, in run
    result = self.fn(*self.args, **self.kwargs)
  File "C:\Users\basil\Desktop\Projects\FullStackProjects\CandleViewer\docs\research\xstate\battle-v0.9.1\contracts\b6b10\cv09.py", line 180, in s
    return resolve(n, interp, ctx, evt)
  File "C:\Users\basil\Desktop\Projects\FullStackProjects\CandleViewer\docs\research\xstate\battle-v0.9.1\contracts\b6b10\cv09.py", line 166, in resolve
    raise v
RuntimeError: smtp
ERROR:xstate_statemachine.interpreter:💥 Service 'dispatch_to_channels' (ID: 'deliver') failed: smtp
Traceback (most recent call last):
  File "C:\Users\basil\Desktop\Projects\FullStackProjects\_ref\xstate-statemachine\src\xstate_statemachine\interpreter.py", line 3347, in _settle
    produced = await handoff
               ^^^^^^^^^^^^^
  File "C:\Python\Python313\Lib\concurrent\futures\thread.py", line 59, in run
    result = self.fn(*self.args, **self.kwargs)
  File "C:\Users\basil\Desktop\Projects\FullStackProjects\CandleViewer\docs\research\xstate\battle-v0.9.1\contracts\b6b10\cv09.py", line 180, in s
    return resolve(n, interp, ctx, evt)
  File "C:\Users\basil\Desktop\Projects\FullStackProjects\CandleViewer\docs\research\xstate\battle-v0.9.1\contracts\b6b10\cv09.py", line 166, in resolve
    raise v
  File "C:\Users\basil\Desktop\Projects\FullStackProjects\_ref\xstate-statemachine\src\xstate_statemachine\interpreter.py", line 3347, in _settle
    produced = await handoff
               ^^^^^^^^^^^^^
  File "C:\Python\Python313\Lib\concurrent\futures\thread.py", line 59, in run
    result = self.fn(*self.args, **self.kwargs)
  File "C:\Users\basil\Desktop\Projects\FullStackProjects\CandleViewer\docs\research\xstate\battle-v0.9.1\contracts\b6b10\cv09.py", line 180, in s
    return resolve(n, interp, ctx, evt)
  File "C:\Users\basil\Desktop\Projects\FullStackProjects\CandleViewer\docs\research\xstate\battle-v0.9.1\contracts\b6b10\cv09.py", line 166, in resolve
    raise v
RuntimeError: smtp
PASS [def]B10/INV-c retry bounded, attempts bumped  | {"states": ["alert.retrying"], "acts": ["persist_fired_row", "stamp_storm_window", "bump_delivery_attempts", "schedule_backoff_deadline", "persist_fired_row", "stamp_storm_window", "bump_delivery_attempts", "schedule_backoff_deadline"]}
ERROR:xstate_statemachine.interpreter:💥 Service 'dispatch_to_channels' (ID: 'deliver') failed: smtp
Traceback (most recent call last):
  File "C:\Users\basil\Desktop\Projects\FullStackProjects\_ref\xstate-statemachine\src\xstate_statemachine\interpreter.py", line 3347, in _settle
    produced = await handoff
               ^^^^^^^^^^^^^
  File "C:\Python\Python313\Lib\concurrent\futures\thread.py", line 59, in run
    result = self.fn(*self.args, **self.kwargs)
  File "C:\Users\basil\Desktop\Projects\FullStackProjects\CandleViewer\docs\research\xstate\battle-v0.9.1\contracts\b6b10\cv09.py", line 180, in s
    return resolve(n, interp, ctx, evt)
  File "C:\Users\basil\Desktop\Projects\FullStackProjects\CandleViewer\docs\research\xstate\battle-v0.9.1\contracts\b6b10\cv09.py", line 166, in resolve
    raise v
RuntimeError: smtp
PASS [def]B10/INV-c exhaustion -> delivery_failed + metric  | {"states": ["alert.delivery_failed"], "acts": ["persist_fired_row", "stamp_storm_window", "emit_delivery_failure_metric"]}
PASS [def]B10/INV-d persist_fired_row precedes dispatch  | ["persist", "dispatch"]
ERROR:xstate_statemachine.interpreter:💥 Service 'dispatch_to_channels' (ID: 'deliver') failed: smtp
Traceback (most recent call last):
  File "C:\Users\basil\Desktop\Projects\FullStackProjects\_ref\xstate-statemachine\src\xstate_statemachine\interpreter.py", line 3347, in _settle
    produced = await handoff
               ^^^^^^^^^^^^^
  File "C:\Python\Python313\Lib\concurrent\futures\thread.py", line 59, in run
    result = self.fn(*self.args, **self.kwargs)
  File "C:\Users\basil\Desktop\Projects\FullStackProjects\CandleViewer\docs\research\xstate\battle-v0.9.1\contracts\b6b10\cv09.py", line 180, in s
    return resolve(n, interp, ctx, evt)
  File "C:\Users\basil\Desktop\Projects\FullStackProjects\CandleViewer\docs\research\xstate\battle-v0.9.1\contracts\b6b10\cv09.py", line 166, in resolve
    raise v
RuntimeError: smtp
PASS [def]B10/ACK during retry -> acknowledged -> resolved  | ["alert.resolved"]
PASS [def]B10/disabled defers CONDITION_MET, applied on ENABLE  | {"mid": ["alert.disabled"], "deferred": 1, "after": ["alert.delivered"], "unh": [["CONDITION_MET", "deferred"]]}

--- 52 checks, 0 FAIL: []
